ISO-10303-21;
HEADER;
/* Generated by software containing ST-Developer
 * from STEP Tools, Inc. (www.steptools.com) 
 */
/* OPTION: using custom renumber hook */

FILE_DESCRIPTION(
/* description */ ('STEP AP242 Edition 2',
'CAx-IF Rec.Pracs.---Representation and Presentation of Product Manufa
cturing Information (PMI)---4.0---2014-10-13',
'CAx-IF Rec.Pracs.---3D Tessellated Geometry---0.4---2014-09-14','2;1',
'CAx-IF Rec.Pracs.---User Defined Attributes---1.5---2016-08-15'),
/* implementation_level */ '2;1');

FILE_NAME(
/* name */ 'MainCase - Part 2',
/* time_stamp */ '2026-08-05T19:14:10Z',
/* author */ (''),
/* organization */ (''),
/* preprocessor_version */ 'ST-DEVELOPER v20',
/* originating_system */ 'ONSHAPE BY PTC INC, 1.218',
/* authorisation */ '  ');

FILE_SCHEMA (('AP242_MANAGED_MODEL_BASED_3D_ENGINEERING_MIM_LF { 1 0 10303 442 3 1 4 }'));
ENDSEC;

DATA;
#10=SHAPE_REPRESENTATION_RELATIONSHIP('','',#5076,#11);
#11=ADVANCED_BREP_SHAPE_REPRESENTATION('',(#5074),#11143);
#12=CIRCLE('',#5095,0.00821235541789048);
#13=CIRCLE('',#5096,0.00821235541789048);
#14=CIRCLE('',#5098,0.011766647141585);
#15=CIRCLE('',#5099,0.011766647141585);
#16=CIRCLE('',#5101,0.0009);
#17=CIRCLE('',#5102,0.0009);
#18=CIRCLE('',#5103,0.0112904000517814);
#19=CIRCLE('',#5104,0.00145);
#20=CIRCLE('',#5105,0.00145);
#21=CIRCLE('',#5106,0.0005);
#22=CIRCLE('',#5107,0.0005);
#23=CIRCLE('',#5108,0.0005);
#24=CIRCLE('',#5109,0.0005);
#25=CIRCLE('',#5110,0.0005);
#26=CIRCLE('',#5111,0.0005);
#27=CIRCLE('',#5112,0.0005);
#28=CIRCLE('',#5113,0.0005);
#29=CIRCLE('',#5114,0.0005);
#30=CIRCLE('',#5115,0.0005);
#31=CIRCLE('',#5116,0.0005);
#32=CIRCLE('',#5117,0.0005);
#33=CIRCLE('',#5118,0.0005);
#34=CIRCLE('',#5119,0.0005);
#35=CIRCLE('',#5120,0.0005);
#36=CIRCLE('',#5121,0.0005);
#37=CIRCLE('',#5122,0.0005);
#38=CIRCLE('',#5123,0.0005);
#39=CIRCLE('',#5124,0.0005);
#40=CIRCLE('',#5125,0.0005);
#41=CIRCLE('',#5126,0.0005);
#42=CIRCLE('',#5127,0.0005);
#43=CIRCLE('',#5128,0.0005);
#44=CIRCLE('',#5129,0.0005);
#45=CIRCLE('',#5130,0.0005);
#46=CIRCLE('',#5131,0.0005);
#47=CIRCLE('',#5132,0.0005);
#48=CIRCLE('',#5133,0.0005);
#49=CIRCLE('',#5134,0.0005);
#50=CIRCLE('',#5135,0.0005);
#51=CIRCLE('',#5136,0.0005);
#52=CIRCLE('',#5137,0.0005);
#53=CIRCLE('',#5138,0.0005);
#54=CIRCLE('',#5139,0.0005);
#55=CIRCLE('',#5140,0.0005);
#56=CIRCLE('',#5141,0.0005);
#57=CIRCLE('',#5142,0.000500000000000006);
#58=CIRCLE('',#5143,0.000500000000000007);
#59=CIRCLE('',#5144,0.0005);
#60=CIRCLE('',#5145,0.0005);
#61=CIRCLE('',#5146,0.000500000000000007);
#62=CIRCLE('',#5147,0.000500000000000007);
#63=CIRCLE('',#5148,0.0005);
#64=CIRCLE('',#5149,0.0005);
#65=CIRCLE('',#5150,0.000500000000000007);
#66=CIRCLE('',#5151,0.000500000000000006);
#67=CIRCLE('',#5152,0.0005);
#68=CIRCLE('',#5153,0.0005);
#69=CIRCLE('',#5154,0.00145);
#70=CIRCLE('',#5155,0.0112904000517816);
#71=CIRCLE('',#5156,0.00145);
#72=CIRCLE('',#5157,0.00821235541789048);
#73=CIRCLE('',#5158,0.011766647141585);
#74=CIRCLE('',#5159,0.00145);
#75=CIRCLE('',#5160,0.00145);
#76=CIRCLE('',#5161,0.00145);
#77=CIRCLE('',#5162,0.00145);
#78=CIRCLE('',#5163,0.00145);
#79=CIRCLE('',#5164,0.00145);
#80=CIRCLE('',#5165,0.00145);
#81=CIRCLE('',#5166,0.00145);
#82=CIRCLE('',#5167,0.0117666471415921);
#83=CIRCLE('',#5168,0.00821235541788162);
#84=CIRCLE('',#5170,0.0009);
#85=CIRCLE('',#5171,0.0009);
#86=CIRCLE('',#5172,0.00145);
#87=CIRCLE('',#5173,0.0112904000517814);
#88=CIRCLE('',#5174,0.00145);
#89=CIRCLE('',#5175,0.0005);
#90=CIRCLE('',#5176,0.0005);
#91=CIRCLE('',#5177,0.0005);
#92=CIRCLE('',#5178,0.0005);
#93=CIRCLE('',#5179,0.0005);
#94=CIRCLE('',#5180,0.0005);
#95=CIRCLE('',#5181,0.0005);
#96=CIRCLE('',#5182,0.0005);
#97=CIRCLE('',#5183,0.0005);
#98=CIRCLE('',#5184,0.0005);
#99=CIRCLE('',#5185,0.0005);
#100=CIRCLE('',#5186,0.0005);
#101=CIRCLE('',#5187,0.0005);
#102=CIRCLE('',#5188,0.0005);
#103=CIRCLE('',#5189,0.0005);
#104=CIRCLE('',#5190,0.0005);
#105=CIRCLE('',#5191,0.0005);
#106=CIRCLE('',#5192,0.0005);
#107=CIRCLE('',#5193,0.0005);
#108=CIRCLE('',#5194,0.0005);
#109=CIRCLE('',#5195,0.0005);
#110=CIRCLE('',#5196,0.0005);
#111=CIRCLE('',#5197,0.0005);
#112=CIRCLE('',#5198,0.0005);
#113=CIRCLE('',#5199,0.0005);
#114=CIRCLE('',#5200,0.0005);
#115=CIRCLE('',#5201,0.0005);
#116=CIRCLE('',#5202,0.0005);
#117=CIRCLE('',#5203,0.0005);
#118=CIRCLE('',#5204,0.0005);
#119=CIRCLE('',#5205,0.0005);
#120=CIRCLE('',#5206,0.0005);
#121=CIRCLE('',#5207,0.0005);
#122=CIRCLE('',#5208,0.0005);
#123=CIRCLE('',#5209,0.0005);
#124=CIRCLE('',#5210,0.0005);
#125=CIRCLE('',#5211,0.000500000000000006);
#126=CIRCLE('',#5212,0.0005);
#127=CIRCLE('',#5213,0.0005);
#128=CIRCLE('',#5214,0.000500000000000007);
#129=CIRCLE('',#5215,0.000500000000000007);
#130=CIRCLE('',#5216,0.0005);
#131=CIRCLE('',#5217,0.0005);
#132=CIRCLE('',#5218,0.000500000000000007);
#133=CIRCLE('',#5219,0.000500000000000007);
#134=CIRCLE('',#5220,0.0005);
#135=CIRCLE('',#5221,0.0005);
#136=CIRCLE('',#5222,0.000500000000000006);
#137=CIRCLE('',#5223,0.0112904000517816);
#138=CIRCLE('',#5224,0.00145);
#139=CIRCLE('',#5225,0.00145);
#140=CIRCLE('',#5226,0.00145);
#141=CIRCLE('',#5227,0.00145);
#142=CIRCLE('',#5228,0.00145);
#143=CIRCLE('',#5229,0.00145);
#144=CIRCLE('',#5230,0.00145);
#145=CIRCLE('',#5231,0.00145);
#146=CIRCLE('',#5232,0.00145);
#147=CIRCLE('',#5233,0.00145);
#148=CIRCLE('',#5234,0.00821235541788162);
#149=CIRCLE('',#5235,0.0117666471415921);
#150=CIRCLE('',#5330,0.00821235541789048);
#151=CIRCLE('',#5333,0.011766647141585);
#152=CYLINDRICAL_SURFACE('',#5094,0.00821208054400436);
#153=CYLINDRICAL_SURFACE('',#5097,0.011766704791871);
#154=CYLINDRICAL_SURFACE('',#5236,0.00145);
#155=CYLINDRICAL_SURFACE('',#5262,2.76593463676586);
#156=CYLINDRICAL_SURFACE('',#5263,2.76593463676586);
#157=CYLINDRICAL_SURFACE('',#5265,0.00145);
#158=CYLINDRICAL_SURFACE('',#5266,0.0005);
#159=CYLINDRICAL_SURFACE('',#5267,0.0005);
#160=CYLINDRICAL_SURFACE('',#5268,0.0005);
#161=CYLINDRICAL_SURFACE('',#5269,0.0005);
#162=CYLINDRICAL_SURFACE('',#5270,0.0005);
#163=CYLINDRICAL_SURFACE('',#5271,0.0005);
#164=CYLINDRICAL_SURFACE('',#5272,0.0005);
#165=CYLINDRICAL_SURFACE('',#5273,0.0005);
#166=CYLINDRICAL_SURFACE('',#5274,0.0005);
#167=CYLINDRICAL_SURFACE('',#5275,0.0005);
#168=CYLINDRICAL_SURFACE('',#5276,0.0005);
#169=CYLINDRICAL_SURFACE('',#5277,0.0005);
#170=CYLINDRICAL_SURFACE('',#5278,0.0005);
#171=CYLINDRICAL_SURFACE('',#5279,0.0005);
#172=CYLINDRICAL_SURFACE('',#5280,0.0005);
#173=CYLINDRICAL_SURFACE('',#5281,0.0005);
#174=CYLINDRICAL_SURFACE('',#5282,0.0005);
#175=CYLINDRICAL_SURFACE('',#5283,0.0005);
#176=CYLINDRICAL_SURFACE('',#5284,0.000500000000000007);
#177=CYLINDRICAL_SURFACE('',#5285,0.0005);
#178=CYLINDRICAL_SURFACE('',#5286,0.000500000000000007);
#179=CYLINDRICAL_SURFACE('',#5287,0.0005);
#180=CYLINDRICAL_SURFACE('',#5288,0.000500000000000006);
#181=CYLINDRICAL_SURFACE('',#5289,0.0005);
#182=CYLINDRICAL_SURFACE('',#5292,0.00145);
#183=CYLINDRICAL_SURFACE('',#5305,0.00145);
#184=CYLINDRICAL_SURFACE('',#5306,0.00145);
#185=CYLINDRICAL_SURFACE('',#5307,0.00145);
#186=CYLINDRICAL_SURFACE('',#5308,0.0009);
#187=CYLINDRICAL_SURFACE('',#5309,0.00821208054401119);
#188=CYLINDRICAL_SURFACE('',#5311,0.0117667047918532);
#189=CYLINDRICAL_SURFACE('',#5313,0.0112904000517814);
#190=CYLINDRICAL_SURFACE('',#5328,2.76471486958068);
#191=CYLINDRICAL_SURFACE('',#5329,0.00821208054400436);
#192=CYLINDRICAL_SURFACE('',#5332,0.011766704791871);
#193=CYLINDRICAL_SURFACE('',#5346,2.76471486958068);
#194=CYLINDRICAL_SURFACE('',#5347,0.0112904000517816);
#195=CYLINDRICAL_SURFACE('',#5348,0.00145);
#196=CYLINDRICAL_SURFACE('',#5349,0.00145);
#197=CYLINDRICAL_SURFACE('',#5350,0.0009);
#198=CYLINDRICAL_SURFACE('',#5353,0.00145);
#199=CYLINDRICAL_SURFACE('',#5354,0.00145);
#200=CYLINDRICAL_SURFACE('',#5355,0.00145);
#201=CYLINDRICAL_SURFACE('',#5356,0.00145);
#202=CYLINDRICAL_SURFACE('',#5358,0.0005);
#203=CYLINDRICAL_SURFACE('',#5359,0.000500000000000007);
#204=CYLINDRICAL_SURFACE('',#5361,0.0005);
#205=CYLINDRICAL_SURFACE('',#5362,0.000500000000000007);
#206=CYLINDRICAL_SURFACE('',#5364,0.0005);
#207=CYLINDRICAL_SURFACE('',#5365,0.000500000000000006);
#208=CYLINDRICAL_SURFACE('',#5367,0.0005);
#209=CYLINDRICAL_SURFACE('',#5368,0.0005);
#210=CYLINDRICAL_SURFACE('',#5370,0.0005);
#211=CYLINDRICAL_SURFACE('',#5371,0.0005);
#212=CYLINDRICAL_SURFACE('',#5373,0.0005);
#213=CYLINDRICAL_SURFACE('',#5374,0.0005);
#214=CYLINDRICAL_SURFACE('',#5376,0.0005);
#215=CYLINDRICAL_SURFACE('',#5377,0.0005);
#216=CYLINDRICAL_SURFACE('',#5379,0.0005);
#217=CYLINDRICAL_SURFACE('',#5380,0.0005);
#218=CYLINDRICAL_SURFACE('',#5382,0.0005);
#219=CYLINDRICAL_SURFACE('',#5383,0.0005);
#220=CYLINDRICAL_SURFACE('',#5385,0.0005);
#221=CYLINDRICAL_SURFACE('',#5386,0.0005);
#222=CYLINDRICAL_SURFACE('',#5388,0.0005);
#223=CYLINDRICAL_SURFACE('',#5389,0.0005);
#224=CYLINDRICAL_SURFACE('',#5390,0.0005);
#225=CYLINDRICAL_SURFACE('',#5391,0.0005);
#226=PLANE('',#5078);
#227=PLANE('',#5079);
#228=PLANE('',#5080);
#229=PLANE('',#5081);
#230=PLANE('',#5082);
#231=PLANE('',#5083);
#232=PLANE('',#5084);
#233=PLANE('',#5085);
#234=PLANE('',#5086);
#235=PLANE('',#5087);
#236=PLANE('',#5088);
#237=PLANE('',#5089);
#238=PLANE('',#5090);
#239=PLANE('',#5091);
#240=PLANE('',#5092);
#241=PLANE('',#5093);
#242=PLANE('',#5100);
#243=PLANE('',#5169);
#244=PLANE('',#5237);
#245=PLANE('',#5238);
#246=PLANE('',#5239);
#247=PLANE('',#5240);
#248=PLANE('',#5241);
#249=PLANE('',#5242);
#250=PLANE('',#5243);
#251=PLANE('',#5244);
#252=PLANE('',#5245);
#253=PLANE('',#5246);
#254=PLANE('',#5247);
#255=PLANE('',#5248);
#256=PLANE('',#5249);
#257=PLANE('',#5250);
#258=PLANE('',#5251);
#259=PLANE('',#5252);
#260=PLANE('',#5253);
#261=PLANE('',#5254);
#262=PLANE('',#5255);
#263=PLANE('',#5256);
#264=PLANE('',#5257);
#265=PLANE('',#5258);
#266=PLANE('',#5259);
#267=PLANE('',#5260);
#268=PLANE('',#5261);
#269=PLANE('',#5264);
#270=PLANE('',#5290);
#271=PLANE('',#5291);
#272=PLANE('',#5293);
#273=PLANE('',#5294);
#274=PLANE('',#5295);
#275=PLANE('',#5296);
#276=PLANE('',#5297);
#277=PLANE('',#5298);
#278=PLANE('',#5299);
#279=PLANE('',#5300);
#280=PLANE('',#5301);
#281=PLANE('',#5302);
#282=PLANE('',#5303);
#283=PLANE('',#5304);
#284=PLANE('',#5310);
#285=PLANE('',#5312);
#286=PLANE('',#5314);
#287=PLANE('',#5315);
#288=PLANE('',#5316);
#289=PLANE('',#5317);
#290=PLANE('',#5318);
#291=PLANE('',#5319);
#292=PLANE('',#5320);
#293=PLANE('',#5321);
#294=PLANE('',#5322);
#295=PLANE('',#5323);
#296=PLANE('',#5324);
#297=PLANE('',#5325);
#298=PLANE('',#5326);
#299=PLANE('',#5327);
#300=PLANE('',#5331);
#301=PLANE('',#5334);
#302=PLANE('',#5335);
#303=PLANE('',#5336);
#304=PLANE('',#5337);
#305=PLANE('',#5338);
#306=PLANE('',#5339);
#307=PLANE('',#5340);
#308=PLANE('',#5341);
#309=PLANE('',#5342);
#310=PLANE('',#5343);
#311=PLANE('',#5344);
#312=PLANE('',#5345);
#313=PLANE('',#5351);
#314=PLANE('',#5352);
#315=PLANE('',#5357);
#316=PLANE('',#5360);
#317=PLANE('',#5363);
#318=PLANE('',#5366);
#319=PLANE('',#5369);
#320=PLANE('',#5372);
#321=PLANE('',#5375);
#322=PLANE('',#5378);
#323=PLANE('',#5381);
#324=PLANE('',#5384);
#325=PLANE('',#5387);
#326=PLANE('',#5392);
#327=PLANE('',#5393);
#328=PLANE('',#5394);
#329=PLANE('',#5395);
#330=PLANE('',#5396);
#331=PLANE('',#5397);
#332=PLANE('',#5398);
#333=PLANE('',#5399);
#334=PLANE('',#5400);
#335=PLANE('',#5401);
#336=PLANE('',#5402);
#337=PLANE('',#5403);
#338=PLANE('',#5404);
#339=PLANE('',#5405);
#340=PLANE('',#5406);
#341=PLANE('',#5407);
#342=PLANE('',#5408);
#343=PLANE('',#5409);
#344=PLANE('',#5410);
#345=PLANE('',#5411);
#346=PLANE('',#5412);
#347=PLANE('',#5413);
#348=PLANE('',#5414);
#349=PLANE('',#5415);
#350=PLANE('',#5416);
#351=PLANE('',#5417);
#352=PLANE('',#5418);
#353=PLANE('',#5419);
#354=PLANE('',#5420);
#355=PLANE('',#5421);
#356=PLANE('',#5422);
#357=PLANE('',#5423);
#358=PLANE('',#5424);
#359=PLANE('',#5425);
#360=PLANE('',#5426);
#361=PLANE('',#5427);
#362=PLANE('',#5428);
#363=PLANE('',#5429);
#364=B_SPLINE_CURVE_WITH_KNOTS('',3,(#6661,#6662,#6663,#6664,#6665,#6666,
#6667,#6668,#6669,#6670,#6671,#6672,#6673),.UNSPECIFIED.,.F.,.F.,(4,1,1,
1,1,1,1,1,1,1,4),(0.,0.0555556294657375,0.12184498153014,0.176508577438603,
0.232756941648938,0.296096036209434,0.377323223931646,0.484664129216812,
0.626798632317895,0.815698804569015,0.987769403427813),.UNSPECIFIED.);
#365=B_SPLINE_CURVE_WITH_KNOTS('',3,(#6677,#6678,#6679,#6680,#6681,#6682,
#6683,#6684,#6685,#6686,#6687,#6688,#6689),.UNSPECIFIED.,.F.,.F.,(4,1,1,
1,1,1,1,1,1,1,4),(0.,0.0555556294657375,0.12184498153014,0.176508577438603,
0.232756941648938,0.296096036209434,0.377323223931646,0.484664129216812,
0.626798632317895,0.815698804569015,0.987769403427813),.UNSPECIFIED.);
#366=B_SPLINE_CURVE_WITH_KNOTS('',3,(#6833,#6834,#6835,#6836,#6837,#6838,
#6839,#6840,#6841,#6842,#6843,#6844,#6845,#6846,#6847,#6848),
 .UNSPECIFIED.,.F.,.F.,(4,1,1,1,1,1,1,1,1,1,3,4),(0.,0.0555556294657375,
0.12184498153014,0.176508577438603,0.232756941648938,0.296096036209434,
0.377323223931646,0.484664129216812,0.626798632317895,0.815698804569015,
0.98599402783448,0.995853968112825),.UNSPECIFIED.);
#367=B_SPLINE_CURVE_WITH_KNOTS('',3,(#6854,#6855,#6856,#6857,#6858,#6859,
#6860,#6861,#6862,#6863,#6864,#6865,#6866),.UNSPECIFIED.,.F.,.F.,(4,1,1,
1,1,1,1,1,1,1,4),(0.,0.0555556294657375,0.12184498153014,0.176508577438603,
0.232756941648938,0.296096036209434,0.377323223931646,0.484664129216812,
0.626798632317895,0.815698804569015,0.987769403427813),.UNSPECIFIED.);
#368=B_SPLINE_CURVE_WITH_KNOTS('',3,(#6886,#6887,#6888,#6889,#6890,#6891),
 .UNSPECIFIED.,.F.,.F.,(4,1,1,4),(0.00313608124186196,0.0557651603191548,
0.135118038034694,0.215075274885667),.UNSPECIFIED.);
#369=B_SPLINE_CURVE_WITH_KNOTS('',3,(#6895,#6896,#6897,#6898,#6899,#6900),
 .UNSPECIFIED.,.F.,.F.,(4,1,1,4),(0.00313608124186196,0.0557651603191548,
0.135118038034694,0.215075274885667),.UNSPECIFIED.);
#370=B_SPLINE_CURVE_WITH_KNOTS('',3,(#6914,#6915,#6916,#6917,#6918),
 .UNSPECIFIED.,.F.,.F.,(4,1,4),(0.217032014046153,0.299321945847842,0.380045932240692),
 .UNSPECIFIED.);
#371=B_SPLINE_CURVE_WITH_KNOTS('',3,(#6922,#6923,#6924,#6925,#6926),
 .UNSPECIFIED.,.F.,.F.,(4,1,4),(0.217032014046153,0.299321945847842,0.380045932240692),
 .UNSPECIFIED.);
#372=B_SPLINE_CURVE_WITH_KNOTS('',3,(#6964,#6965,#6966,#6967,#6968,#6969,
#6970,#6971,#6972),.UNSPECIFIED.,.F.,.F.,(4,1,1,1,1,1,4),(0.382055120133887,
0.46213528764137,0.541739790848486,0.601766358434303,0.63725407331556,0.703558379691196,
0.735739233424198),.UNSPECIFIED.);
#373=B_SPLINE_CURVE_WITH_KNOTS('',3,(#6976,#6977,#6978,#6979,#6980,#6981,
#6982,#6983,#6984),.UNSPECIFIED.,.F.,.F.,(4,1,1,1,1,1,4),(0.382055120133887,
0.46213528764137,0.541739790848486,0.601766358434303,0.63725407331556,0.703558379691196,
0.735739233424198),.UNSPECIFIED.);
#374=B_SPLINE_CURVE_WITH_KNOTS('',3,(#7006,#7007,#7008,#7009,#7010,#7011,
#7012),.UNSPECIFIED.,.F.,.F.,(4,1,1,1,4),(0.738063345677985,0.781967607323497,
0.863014064640633,0.94110841170898,1.),.UNSPECIFIED.);
#375=B_SPLINE_CURVE_WITH_KNOTS('',3,(#7016,#7017,#7018,#7019,#7020,#7021,
#7022),.UNSPECIFIED.,.F.,.F.,(4,1,1,1,4),(0.738063345677985,0.781967607323497,
0.863014064640633,0.94110841170898,1.),.UNSPECIFIED.);
#376=B_SPLINE_CURVE_WITH_KNOTS('',3,(#7024,#7025,#7026,#7027),
 .UNSPECIFIED.,.F.,.F.,(4,4),(0.,1.),.UNSPECIFIED.);
#377=B_SPLINE_CURVE_WITH_KNOTS('',3,(#7041,#7042,#7043,#7044),
 .UNSPECIFIED.,.F.,.F.,(4,4),(0.,1.),.UNSPECIFIED.);
#378=B_SPLINE_CURVE_WITH_KNOTS('',3,(#7048,#7049,#7050,#7051,#7052,#7053,
#7054,#7055,#7056,#7057,#7058,#7059,#7060,#7061,#7062),.UNSPECIFIED.,.F.,
 .F.,(4,1,1,1,1,1,1,1,1,1,1,1,4),(0.550587845951601,0.5625,0.59375,0.625,
0.65625,0.6875,0.75,0.78125,0.8125,0.84375,0.875,0.9375,1.),
 .UNSPECIFIED.);
#379=B_SPLINE_CURVE_WITH_KNOTS('',3,(#7065,#7066,#7067,#7068,#7069,#7070,
#7071,#7072,#7073,#7074,#7075,#7076,#7077,#7078,#7079),.UNSPECIFIED.,.F.,
 .F.,(4,1,1,1,1,1,1,1,1,1,1,1,4),(0.550587845951599,0.5625,0.59375,0.625,
0.65625,0.6875,0.75,0.78125,0.8125,0.84375,0.875,0.9375,1.),
 .UNSPECIFIED.);
#380=B_SPLINE_CURVE_WITH_KNOTS('',3,(#7081,#7082,#7083,#7084,#7085,#7086,
#7087,#7088,#7089,#7090,#7091,#7092,#7093,#7094,#7095),.UNSPECIFIED.,.F.,
 .F.,(4,1,1,1,1,1,1,1,1,1,1,1,4),(0.550587845951601,0.5625,0.59375,0.625,
0.65625,0.6875,0.75,0.78125,0.8125,0.84375,0.875,0.9375,1.),
 .UNSPECIFIED.);
#381=B_SPLINE_CURVE_WITH_KNOTS('',3,(#7097,#7098,#7099,#7100,#7101,#7102,
#7103,#7104,#7105,#7106,#7107,#7108,#7109,#7110,#7111,#7112,#7113,#7114),
 .UNSPECIFIED.,.F.,.F.,(4,3,1,1,1,1,1,1,1,1,1,1,1,4),(0.546093724411115,
0.550587845951599,0.5625,0.59375,0.625,0.65625,0.6875,0.75,0.78125,0.8125,
0.84375,0.875,0.9375,1.),.UNSPECIFIED.);
#382=B_SPLINE_CURVE_WITH_KNOTS('',3,(#7116,#7117,#7118,#7119,#7120,#7121,
#7122,#7123,#7124,#7125,#7126,#7127,#7128,#7129,#7130,#7131,#7132,#7133),
 .UNSPECIFIED.,.F.,.F.,(4,3,1,1,1,1,1,1,1,1,1,1,1,4),(0.546093724411115,
0.550587845951599,0.5625,0.59375,0.625,0.65625,0.6875,0.75,0.78125,0.8125,
0.84375,0.875,0.9375,1.),.UNSPECIFIED.);
#383=B_SPLINE_CURVE_WITH_KNOTS('',3,(#7135,#7136,#7137,#7138,#7139,#7140,
#7141,#7142,#7143,#7144),.UNSPECIFIED.,.F.,.F.,(4,1,1,1,1,1,1,4),(0.689370312992457,
0.692657753217917,0.704332904488281,0.714720954598077,0.732713583258824,
0.745547406883929,0.763697181929101,0.772373514931235),.UNSPECIFIED.);
#384=B_SPLINE_CURVE_WITH_KNOTS('',3,(#7146,#7147,#7148,#7149,#7150,#7151,
#7152,#7153,#7154,#7155,#7156,#7157,#7158,#7159,#7160,#7161,#7162,#7163,
#7164,#7165,#7166,#7167,#7168,#7169,#7170,#7171,#7172,#7173,#7174,#7175,
#7176,#7177,#7178,#7179,#7180,#7181),.UNSPECIFIED.,.F.,.F.,(4,3,1,1,1,1,
1,1,1,1,1,1,1,1,1,1,1,1,1,1,1,1,1,1,1,1,1,1,1,1,1,4),(-4.86890261347031E-5,
0.,0.03125,0.046875,0.0625,0.078125,0.09375,0.109375,0.125,0.15625,0.171875,
0.1796875,0.1875,0.203125,0.21875,0.2265625,0.234375,0.2421875,0.25,0.265625,
0.28125,0.3125,0.34375,0.359375,0.375,0.390625,0.40625,0.4375,0.46875,0.5,
0.53125,0.550587845951601),.UNSPECIFIED.);
#385=B_SPLINE_CURVE_WITH_KNOTS('',3,(#7187,#7188,#7189,#7190,#7191,#7192,
#7193,#7194,#7195,#7196,#7197,#7198,#7199,#7200,#7201,#7202,#7203,#7204,
#7205,#7206,#7207,#7208,#7209,#7210,#7211,#7212,#7213,#7214,#7215,#7216,
#7217),.UNSPECIFIED.,.F.,.F.,(4,1,1,1,1,1,1,1,1,1,1,1,1,1,1,1,1,1,1,1,1,
1,1,1,1,1,1,1,4),(0.000392830782449787,0.03125,0.0625,0.078125,0.09375,
0.109375,0.125,0.1328125,0.140625,0.15625,0.171875,0.1875,0.1953125,0.203125,
0.21875,0.234375,0.25,0.265625,0.28125,0.296875,0.3125,0.328125,0.34375,
0.375,0.390625,0.40625,0.4375,0.46875,0.494076556303266),.UNSPECIFIED.);
#386=B_SPLINE_CURVE_WITH_KNOTS('',3,(#7219,#7220,#7221,#7222,#7223,#7224,
#7225,#7226,#7227,#7228,#7229,#7230,#7231,#7232,#7233,#7234,#7235,#7236,
#7237,#7238,#7239,#7240,#7241,#7242,#7243,#7244,#7245,#7246,#7247,#7248,
#7249),.UNSPECIFIED.,.F.,.F.,(4,1,1,1,1,1,1,1,1,1,1,1,1,1,1,1,1,1,1,1,1,
1,1,1,1,1,1,1,4),(0.000392830782449787,0.03125,0.0625,0.078125,0.09375,
0.109375,0.125,0.1328125,0.140625,0.15625,0.171875,0.1875,0.1953125,0.203125,
0.21875,0.234375,0.25,0.265625,0.28125,0.296875,0.3125,0.328125,0.34375,
0.375,0.390625,0.40625,0.4375,0.46875,0.494076556303266),.UNSPECIFIED.);
#387=B_SPLINE_CURVE_WITH_KNOTS('',3,(#7255,#7256,#7257,#7258,#7259,#7260,
#7261,#7262,#7263,#7264,#7265,#7266,#7267,#7268,#7269,#7270,#7271,#7272,
#7273,#7274,#7275,#7276,#7277,#7278,#7279,#7280,#7281,#7282,#7283,#7284,
#7285,#7286,#7287,#7288,#7289,#7290),.UNSPECIFIED.,.F.,.F.,(4,3,1,1,1,1,
1,1,1,1,1,1,1,1,1,1,1,1,1,1,1,1,1,1,1,1,1,1,1,1,1,4),(-4.86890261347031E-5,
0.,0.03125,0.046875,0.0625,0.078125,0.09375,0.109375,0.125,0.15625,0.171875,
0.1796875,0.1875,0.203125,0.21875,0.2265625,0.234375,0.2421875,0.25,0.265625,
0.28125,0.3125,0.34375,0.359375,0.375,0.390625,0.40625,0.4375,0.46875,0.5,
0.53125,0.550587845951601),.UNSPECIFIED.);
#388=B_SPLINE_CURVE_WITH_KNOTS('',3,(#7292,#7293,#7294,#7295,#7296,#7297,
#7298,#7299,#7300,#7301),.UNSPECIFIED.,.F.,.F.,(4,1,1,1,1,1,1,4),(0.689370312992457,
0.698046645994591,0.716196421039762,0.729030244664867,0.747022873325614,
0.757410923435411,0.769086074705775,0.772373514931235),.UNSPECIFIED.);
#389=B_SPLINE_CURVE_WITH_KNOTS('',3,(#7303,#7304,#7305,#7306,#7307,#7308,
#7309,#7310,#7311,#7312,#7313,#7314,#7315,#7316,#7317),.UNSPECIFIED.,.F.,
 .F.,(4,1,1,1,1,1,1,1,1,1,1,1,4),(0.550587845951599,0.5625,0.59375,0.625,
0.65625,0.6875,0.75,0.78125,0.8125,0.84375,0.875,0.9375,1.),
 .UNSPECIFIED.);
#390=B_SPLINE_CURVE_WITH_KNOTS('',3,(#7319,#7320,#7321,#7322,#7323,#7324,
#7325,#7326,#7327,#7328,#7329,#7330,#7331,#7332,#7333),.UNSPECIFIED.,.F.,
 .F.,(4,1,1,1,1,1,1,1,1,1,1,1,4),(0.550587845951601,0.5625,0.59375,0.625,
0.65625,0.6875,0.75,0.78125,0.8125,0.84375,0.875,0.9375,1.),
 .UNSPECIFIED.);
#391=B_SPLINE_CURVE_WITH_KNOTS('',3,(#7335,#7336,#7337,#7338,#7339,#7340,
#7341,#7342,#7343,#7344,#7345,#7346,#7347,#7348,#7349),.UNSPECIFIED.,.F.,
 .F.,(4,1,1,1,1,1,1,1,1,1,1,1,4),(0.550587845951601,0.5625,0.59375,0.625,
0.65625,0.6875,0.75,0.78125,0.8125,0.84375,0.875,0.9375,1.),
 .UNSPECIFIED.);
#392=B_SPLINE_CURVE_WITH_KNOTS('',3,(#7350,#7351,#7352,#7353,#7354,#7355,
#7356,#7357,#7358,#7359,#7360,#7361,#7362,#7363,#7364),.UNSPECIFIED.,.F.,
 .F.,(4,1,1,1,1,1,1,1,1,1,1,1,4),(0.8350662638611,0.838668047403407,0.857583968411645,
0.869967339154764,0.886130867959684,0.901575648809539,0.919249800003152,
0.933548884867181,0.945932255610301,0.964848176618539,0.978947265884756,
0.99155788638706,1.),.UNSPECIFIED.);
#393=B_SPLINE_CURVE_WITH_KNOTS('',3,(#7367,#7368,#7369,#7370,#7371,#7372,
#7373,#7374,#7375,#7376,#7377,#7378,#7379,#7380,#7381),.UNSPECIFIED.,.F.,
 .F.,(4,1,1,1,1,1,1,1,1,1,1,1,4),(0.8350662638611,0.838668047403407,0.857583968411645,
0.869967339154764,0.886130867959684,0.901575648809539,0.919249800003152,
0.933548884867181,0.945932255610301,0.964848176618539,0.978947265884756,
0.99155788638706,1.),.UNSPECIFIED.);
#394=B_SPLINE_CURVE_WITH_KNOTS('',3,(#7385,#7386,#7387,#7388,#7389,#7390,
#7391,#7392,#7393,#7394,#7395,#7396,#7397,#7398,#7399,#7400,#7401,#7402,
#7403,#7404,#7405,#7406,#7407,#7408,#7409,#7410,#7411,#7412,#7413,#7414,
#7415,#7416,#7417,#7418,#7419,#7420,#7421,#7422,#7423,#7424),
 .UNSPECIFIED.,.F.,.F.,(4,1,1,1,1,1,1,1,1,1,1,1,1,1,1,1,1,1,1,1,1,1,1,1,
1,1,1,1,1,1,1,1,1,1,1,1,1,4),(0.,0.00946594712767037,0.0213504710202884,
0.0269039617896102,0.0562621880159389,0.0746031422281584,0.081993966493205,
0.0922909052780062,0.102898495446951,0.139060439786844,0.158177769398903,
0.172707956072832,0.199596623863562,0.213858662036805,0.219840216712642,
0.242222276278084,0.258892032103225,0.265951358245396,0.306676265800776,
0.314446371185056,0.333811878817909,0.354940399417153,0.376802709697821,
0.400155561245929,0.419741573594174,0.426731366513235,0.441424825571543,
0.461725328812681,0.481157111278466,0.498424508811434,0.507745492344766,
0.520056037527825,0.540096128567611,0.559613079469173,0.574306538527481,
0.589090670435108,0.612197127826149,0.632031058063682),.UNSPECIFIED.);
#395=B_SPLINE_CURVE_WITH_KNOTS('',3,(#7426,#7427,#7428,#7429,#7430,#7431,
#7432,#7433,#7434,#7435,#7436,#7437,#7438,#7439,#7440,#7441,#7442,#7443,
#7444,#7445,#7446,#7447,#7448,#7449,#7450,#7451,#7452,#7453,#7454,#7455,
#7456,#7457,#7458,#7459,#7460,#7461,#7462,#7463,#7464,#7465),
 .UNSPECIFIED.,.F.,.F.,(4,1,1,1,1,1,1,1,1,1,1,1,1,1,1,1,1,1,1,1,1,1,1,1,
1,1,1,1,1,1,1,1,1,1,1,1,1,4),(0.,0.00946594712767037,0.0213504710202884,
0.0269039617896102,0.0562621880159389,0.0746031422281584,0.081993966493205,
0.0922909052780062,0.102898495446951,0.139060439786844,0.158177769398903,
0.172707956072832,0.199596623863562,0.213858662036805,0.219840216712642,
0.242222276278084,0.258892032103225,0.265951358245396,0.306676265800776,
0.314446371185056,0.333811878817909,0.354940399417153,0.376802709697821,
0.400155561245929,0.419741573594174,0.426731366513235,0.441424825571543,
0.461725328812681,0.481157111278466,0.498424508811434,0.507745492344766,
0.520056037527825,0.540096128567611,0.559613079469173,0.574306538527481,
0.589090670435108,0.612197127826149,0.632031058063682),.UNSPECIFIED.);
#396=B_SPLINE_CURVE_WITH_KNOTS('',3,(#7682,#7683,#7684,#7685,#7686,#7687,
#7688),.UNSPECIFIED.,.F.,.F.,(4,1,1,1,4),(0.738063345677985,0.781967607323497,
0.863014064640633,0.94110841170898,1.),.UNSPECIFIED.);
#397=B_SPLINE_CURVE_WITH_KNOTS('',3,(#7693,#7694,#7695,#7696,#7697,#7698),
 .UNSPECIFIED.,.F.,.F.,(4,1,1,4),(0.00313608124186196,0.0557651603191548,
0.135118038034694,0.215075274885667),.UNSPECIFIED.);
#398=B_SPLINE_CURVE_WITH_KNOTS('',3,(#7702,#7703,#7704,#7705,#7706),
 .UNSPECIFIED.,.F.,.F.,(4,1,4),(0.217032014046153,0.299321945847842,0.380045932240692),
 .UNSPECIFIED.);
#399=B_SPLINE_CURVE_WITH_KNOTS('',3,(#7710,#7711,#7712,#7713,#7714,#7715,
#7716,#7717,#7718),.UNSPECIFIED.,.F.,.F.,(4,1,1,1,1,1,4),(0.382055120133887,
0.46213528764137,0.541739790848486,0.601766358434303,0.63725407331556,0.703558379691196,
0.735739233424198),.UNSPECIFIED.);
#400=B_SPLINE_CURVE_WITH_KNOTS('',3,(#7737,#7738,#7739,#7740,#7741,#7742,
#7743),.UNSPECIFIED.,.F.,.F.,(4,1,1,1,4),(0.738063345677985,0.781967607323497,
0.863014064640633,0.94110841170898,1.),.UNSPECIFIED.);
#401=B_SPLINE_CURVE_WITH_KNOTS('',3,(#7748,#7749,#7750,#7751,#7752,#7753,
#7754,#7755,#7756),.UNSPECIFIED.,.F.,.F.,(4,1,1,1,1,1,4),(0.382055120133887,
0.46213528764137,0.541739790848486,0.601766358434303,0.63725407331556,0.703558379691196,
0.735739233424198),.UNSPECIFIED.);
#402=B_SPLINE_CURVE_WITH_KNOTS('',3,(#7760,#7761,#7762,#7763,#7764),
 .UNSPECIFIED.,.F.,.F.,(4,1,4),(0.217032014046153,0.299321945847842,0.380045932240692),
 .UNSPECIFIED.);
#403=B_SPLINE_CURVE_WITH_KNOTS('',3,(#7768,#7769,#7770,#7771,#7772,#7773),
 .UNSPECIFIED.,.F.,.F.,(4,1,1,4),(0.00313608124186196,0.0557651603191548,
0.135118038034694,0.215075274885667),.UNSPECIFIED.);
#404=B_SPLINE_CURVE_WITH_KNOTS('',3,(#7777,#7778,#7779,#7780,#7781,#7782,
#7783,#7784,#7785,#7786,#7787,#7788,#7789,#7790,#7791,#7792,#7793,#7794,
#7795,#7796,#7797,#7798,#7799,#7800,#7801,#7802,#7803,#7804,#7805,#7806,
#7807,#7808,#7809,#7810,#7811,#7812,#7813,#7814,#7815,#7816),
 .UNSPECIFIED.,.F.,.F.,(4,1,1,1,1,1,1,1,1,1,1,1,1,1,1,1,1,1,1,1,1,1,1,1,
1,1,1,1,1,1,1,1,1,1,1,1,1,4),(0.,0.00946594712767037,0.0213504710202884,
0.0269039617896102,0.0562621880159389,0.0746031422281584,0.081993966493205,
0.0922909052780062,0.102898495446951,0.139060439786844,0.158177769398903,
0.172707956072832,0.199596623863562,0.213858662036805,0.219840216712642,
0.242222276278084,0.258892032103225,0.265951358245396,0.306676265800776,
0.314446371185056,0.333811878817909,0.354940399417153,0.376802709697821,
0.400155561245929,0.419741573594174,0.426731366513235,0.441424825571543,
0.461725328812681,0.481157111278466,0.498424508811434,0.507745492344766,
0.520056037527825,0.540096128567611,0.559613079469173,0.574306538527481,
0.589090670435108,0.612197127826149,0.632031058063682),.UNSPECIFIED.);
#405=B_SPLINE_CURVE_WITH_KNOTS('',3,(#7833,#7834,#7835,#7836,#7837,#7838,
#7839,#7840,#7841,#7842,#7843,#7844,#7845,#7846,#7847,#7848,#7849,#7850,
#7851,#7852,#7853,#7854,#7855,#7856,#7857,#7858,#7859,#7860,#7861,#7862,
#7863,#7864,#7865,#7866,#7867,#7868,#7869,#7870,#7871,#7872),
 .UNSPECIFIED.,.F.,.F.,(4,1,1,1,1,1,1,1,1,1,1,1,1,1,1,1,1,1,1,1,1,1,1,1,
1,1,1,1,1,1,1,1,1,1,1,1,1,4),(0.,0.00946594712767037,0.0213504710202884,
0.0269039617896102,0.0562621880159389,0.0746031422281584,0.081993966493205,
0.0922909052780062,0.102898495446951,0.139060439786844,0.158177769398903,
0.172707956072832,0.199596623863562,0.213858662036805,0.219840216712642,
0.242222276278084,0.258892032103225,0.265951358245396,0.306676265800776,
0.314446371185056,0.333811878817909,0.354940399417153,0.376802709697821,
0.400155561245929,0.419741573594174,0.426731366513235,0.441424825571543,
0.461725328812681,0.481157111278466,0.498424508811434,0.507745492344766,
0.520056037527825,0.540096128567611,0.559613079469173,0.574306538527481,
0.589090670435108,0.612197127826149,0.632031058063682),.UNSPECIFIED.);
#406=B_SPLINE_CURVE_WITH_KNOTS('',3,(#7873,#7874,#7875,#7876,#7877,#7878,
#7879,#7880,#7881,#7882,#7883,#7884,#7885,#7886,#7887),.UNSPECIFIED.,.F.,
 .F.,(4,1,1,1,1,1,1,1,1,1,1,1,4),(0.8350662638611,0.838668047403407,0.857583968411645,
0.869967339154764,0.886130867959684,0.901575648809539,0.919249800003152,
0.933548884867181,0.945932255610301,0.964848176618539,0.978947265884756,
0.99155788638706,1.),.UNSPECIFIED.);
#407=B_SPLINE_CURVE_WITH_KNOTS('',3,(#7890,#7891,#7892,#7893,#7894,#7895,
#7896,#7897,#7898,#7899,#7900,#7901,#7902,#7903,#7904),.UNSPECIFIED.,.F.,
 .F.,(4,1,1,1,1,1,1,1,1,1,1,1,4),(0.8350662638611,0.838668047403407,0.857583968411645,
0.869967339154764,0.886130867959684,0.901575648809539,0.919249800003152,
0.933548884867181,0.945932255610301,0.964848176618539,0.978947265884756,
0.99155788638706,1.),.UNSPECIFIED.);
#408=B_SPLINE_CURVE_WITH_KNOTS('',3,(#8103,#8104,#8105,#8106,#8107,#8108,
#8109,#8110,#8111,#8112),.UNSPECIFIED.,.F.,.F.,(4,1,1,1,1,1,1,4),(0.689370312992457,
0.698046645994591,0.716196421039762,0.729030244664867,0.747022873325614,
0.757410923435411,0.769086074705775,0.772373514931235),.UNSPECIFIED.);
#409=B_SPLINE_CURVE_WITH_KNOTS('',3,(#8115,#8116,#8117,#8118,#8119,#8120,
#8121,#8122,#8123,#8124,#8125,#8126,#8127,#8128,#8129,#8130,#8131,#8132),
 .UNSPECIFIED.,.F.,.F.,(4,3,1,1,1,1,1,1,1,1,1,1,1,4),(0.546093724411115,
0.550587845951599,0.5625,0.59375,0.625,0.65625,0.6875,0.75,0.78125,0.8125,
0.84375,0.875,0.9375,1.),.UNSPECIFIED.);
#410=B_SPLINE_CURVE_WITH_KNOTS('',3,(#8134,#8135,#8136,#8137,#8138,#8139,
#8140,#8141,#8142,#8143,#8144,#8145,#8146,#8147,#8148,#8149,#8150,#8151),
 .UNSPECIFIED.,.F.,.F.,(4,3,1,1,1,1,1,1,1,1,1,1,1,4),(0.546093724411115,
0.550587845951599,0.5625,0.59375,0.625,0.65625,0.6875,0.75,0.78125,0.8125,
0.84375,0.875,0.9375,1.),.UNSPECIFIED.);
#411=B_SPLINE_CURVE_WITH_KNOTS('',3,(#8153,#8154,#8155,#8156,#8157,#8158,
#8159,#8160,#8161,#8162,#8163,#8164,#8165,#8166,#8167),.UNSPECIFIED.,.F.,
 .F.,(4,1,1,1,1,1,1,1,1,1,1,1,4),(0.550587845951601,0.5625,0.59375,0.625,
0.65625,0.6875,0.75,0.78125,0.8125,0.84375,0.875,0.9375,1.),
 .UNSPECIFIED.);
#412=B_SPLINE_CURVE_WITH_KNOTS('',3,(#8169,#8170,#8171,#8172,#8173,#8174,
#8175,#8176,#8177,#8178,#8179,#8180,#8181,#8182,#8183),.UNSPECIFIED.,.F.,
 .F.,(4,1,1,1,1,1,1,1,1,1,1,1,4),(0.550587845951599,0.5625,0.59375,0.625,
0.65625,0.6875,0.75,0.78125,0.8125,0.84375,0.875,0.9375,1.),
 .UNSPECIFIED.);
#413=B_SPLINE_CURVE_WITH_KNOTS('',3,(#8185,#8186,#8187,#8188,#8189,#8190,
#8191,#8192,#8193,#8194,#8195,#8196,#8197,#8198,#8199),.UNSPECIFIED.,.F.,
 .F.,(4,1,1,1,1,1,1,1,1,1,1,1,4),(0.550587845951601,0.5625,0.59375,0.625,
0.65625,0.6875,0.75,0.78125,0.8125,0.84375,0.875,0.9375,1.),
 .UNSPECIFIED.);
#414=B_SPLINE_CURVE_WITH_KNOTS('',3,(#8201,#8202,#8203,#8204,#8205,#8206,
#8207,#8208,#8209,#8210,#8211,#8212,#8213,#8214,#8215),.UNSPECIFIED.,.F.,
 .F.,(4,1,1,1,1,1,1,1,1,1,1,1,4),(0.550587845951599,0.5625,0.59375,0.625,
0.65625,0.6875,0.75,0.78125,0.8125,0.84375,0.875,0.9375,1.),
 .UNSPECIFIED.);
#415=B_SPLINE_CURVE_WITH_KNOTS('',3,(#8217,#8218,#8219,#8220,#8221,#8222,
#8223,#8224,#8225,#8226),.UNSPECIFIED.,.F.,.F.,(4,1,1,1,1,1,1,4),(0.689370312992457,
0.698046645994591,0.716196421039762,0.729030244664867,0.747022873325614,
0.757410923435411,0.769086074705775,0.772373514931235),.UNSPECIFIED.);
#416=B_SPLINE_CURVE_WITH_KNOTS('',3,(#8228,#8229,#8230,#8231,#8232,#8233,
#8234,#8235,#8236,#8237,#8238,#8239,#8240,#8241,#8242,#8243,#8244,#8245,
#8246,#8247,#8248,#8249,#8250,#8251,#8252,#8253,#8254,#8255,#8256,#8257,
#8258,#8259,#8260,#8261,#8262,#8263),.UNSPECIFIED.,.F.,.F.,(4,3,1,1,1,1,
1,1,1,1,1,1,1,1,1,1,1,1,1,1,1,1,1,1,1,1,1,1,1,1,1,4),(-4.86890261347031E-5,
0.,0.03125,0.046875,0.0625,0.078125,0.09375,0.109375,0.125,0.15625,0.171875,
0.1796875,0.1875,0.203125,0.21875,0.2265625,0.234375,0.2421875,0.25,0.265625,
0.28125,0.3125,0.34375,0.359375,0.375,0.390625,0.40625,0.4375,0.46875,0.5,
0.53125,0.550587845951601),.UNSPECIFIED.);
#417=B_SPLINE_CURVE_WITH_KNOTS('',3,(#8269,#8270,#8271,#8272,#8273,#8274,
#8275,#8276,#8277,#8278,#8279,#8280,#8281,#8282,#8283,#8284,#8285,#8286,
#8287,#8288,#8289,#8290,#8291,#8292,#8293,#8294,#8295,#8296,#8297,#8298,
#8299),.UNSPECIFIED.,.F.,.F.,(4,1,1,1,1,1,1,1,1,1,1,1,1,1,1,1,1,1,1,1,1,
1,1,1,1,1,1,1,4),(0.000392830782449787,0.03125,0.0625,0.078125,0.09375,
0.109375,0.125,0.1328125,0.140625,0.15625,0.171875,0.1875,0.1953125,0.203125,
0.21875,0.234375,0.25,0.265625,0.28125,0.296875,0.3125,0.328125,0.34375,
0.375,0.390625,0.40625,0.4375,0.46875,0.494076556303266),.UNSPECIFIED.);
#418=B_SPLINE_CURVE_WITH_KNOTS('',3,(#8301,#8302,#8303,#8304,#8305,#8306,
#8307,#8308,#8309,#8310,#8311,#8312,#8313,#8314,#8315,#8316,#8317,#8318,
#8319,#8320,#8321,#8322,#8323,#8324,#8325,#8326,#8327,#8328,#8329,#8330,
#8331),.UNSPECIFIED.,.F.,.F.,(4,1,1,1,1,1,1,1,1,1,1,1,1,1,1,1,1,1,1,1,1,
1,1,1,1,1,1,1,4),(0.000392830782449787,0.03125,0.0625,0.078125,0.09375,
0.109375,0.125,0.1328125,0.140625,0.15625,0.171875,0.1875,0.1953125,0.203125,
0.21875,0.234375,0.25,0.265625,0.28125,0.296875,0.3125,0.328125,0.34375,
0.375,0.390625,0.40625,0.4375,0.46875,0.494076556303266),.UNSPECIFIED.);
#419=B_SPLINE_CURVE_WITH_KNOTS('',3,(#8337,#8338,#8339,#8340,#8341,#8342,
#8343,#8344,#8345,#8346,#8347,#8348,#8349,#8350,#8351,#8352,#8353,#8354,
#8355,#8356,#8357,#8358,#8359,#8360,#8361,#8362,#8363,#8364,#8365,#8366,
#8367,#8368,#8369,#8370,#8371,#8372),.UNSPECIFIED.,.F.,.F.,(4,3,1,1,1,1,
1,1,1,1,1,1,1,1,1,1,1,1,1,1,1,1,1,1,1,1,1,1,1,1,1,4),(-4.86890261347031E-5,
0.,0.03125,0.046875,0.0625,0.078125,0.09375,0.109375,0.125,0.15625,0.171875,
0.1796875,0.1875,0.203125,0.21875,0.2265625,0.234375,0.2421875,0.25,0.265625,
0.28125,0.3125,0.34375,0.359375,0.375,0.390625,0.40625,0.4375,0.46875,0.5,
0.53125,0.550587845951601),.UNSPECIFIED.);
#420=B_SPLINE_CURVE_WITH_KNOTS('',3,(#8379,#8380,#8381,#8382,#8383,#8384,
#8385),.UNSPECIFIED.,.F.,.F.,(4,1,1,1,4),(0.738063345677985,0.781967607323497,
0.863014064640633,0.94110841170898,1.),.UNSPECIFIED.);
#421=B_SPLINE_CURVE_WITH_KNOTS('',3,(#8389,#8390,#8391,#8392,#8393,#8394,
#8395,#8396,#8397),.UNSPECIFIED.,.F.,.F.,(4,1,1,1,1,1,4),(0.382055120133887,
0.46213528764137,0.541739790848486,0.601766358434303,0.63725407331556,0.703558379691196,
0.735739233424198),.UNSPECIFIED.);
#422=B_SPLINE_CURVE_WITH_KNOTS('',3,(#8398,#8399,#8400,#8401,#8402),
 .UNSPECIFIED.,.F.,.F.,(4,1,4),(0.217032014046153,0.299321945847842,0.380045932240692),
 .UNSPECIFIED.);
#423=B_SPLINE_CURVE_WITH_KNOTS('',3,(#8406,#8407,#8408,#8409,#8410,#8411),
 .UNSPECIFIED.,.F.,.F.,(4,1,1,4),(0.00313608124186196,0.0557651603191548,
0.135118038034694,0.215075274885667),.UNSPECIFIED.);
#424=B_SPLINE_CURVE_WITH_KNOTS('',3,(#8767,#8768,#8769,#8770,#8771,#8772,
#8773,#8774,#8775,#8776),.UNSPECIFIED.,.F.,.F.,(4,1,1,1,1,1,1,4),(0.689370312992457,
0.698046645994591,0.716196421039762,0.729030244664867,0.747022873325614,
0.757410923435411,0.769086074705775,0.772373514931235),.UNSPECIFIED.);
#425=B_SPLINE_CURVE_WITH_KNOTS('',3,(#8782,#8783,#8784,#8785,#8786,#8787,
#8788,#8789,#8790,#8791),.UNSPECIFIED.,.F.,.F.,(4,1,1,1,1,1,1,4),(0.689370312992457,
0.698046645994591,0.716196421039762,0.729030244664867,0.747022873325614,
0.757410923435411,0.769086074705775,0.772373514931235),.UNSPECIFIED.);
#426=B_SPLINE_CURVE_WITH_KNOTS('',3,(#8795,#8796,#8797,#8798,#8799,#8800,
#8801,#8802,#8803,#8804,#8805,#8806,#8807),.UNSPECIFIED.,.F.,.F.,(4,1,1,
1,1,1,1,1,1,1,4),(0.,0.0555556294657375,0.12184498153014,0.176508577438603,
0.232756941648938,0.296096036209434,0.377323223931646,0.484664129216812,
0.626798632317895,0.815698804569015,0.987769403427813),.UNSPECIFIED.);
#427=B_SPLINE_CURVE_WITH_KNOTS('',3,(#8810,#8811,#8812,#8813,#8814,#8815,
#8816,#8817,#8818,#8819,#8820,#8821,#8822,#8823,#8824,#8825,#8826,#8827,
#8828,#8829,#8830,#8831,#8832,#8833,#8834,#8835,#8836,#8837,#8838,#8839,
#8840),.UNSPECIFIED.,.F.,.F.,(4,1,1,1,1,1,1,1,1,1,1,1,1,1,1,1,1,1,1,1,1,
1,1,1,1,1,1,1,4),(0.000392830782449787,0.03125,0.0625,0.078125,0.09375,
0.109375,0.125,0.1328125,0.140625,0.15625,0.171875,0.1875,0.1953125,0.203125,
0.21875,0.234375,0.25,0.265625,0.28125,0.296875,0.3125,0.328125,0.34375,
0.375,0.390625,0.40625,0.4375,0.46875,0.494076556303266),.UNSPECIFIED.);
#428=B_SPLINE_CURVE_WITH_KNOTS('',3,(#8843,#8844,#8845,#8846,#8847,#8848,
#8849,#8850,#8851,#8852,#8853,#8854,#8855,#8856,#8857,#8858,#8859,#8860,
#8861,#8862,#8863,#8864,#8865,#8866,#8867,#8868,#8869,#8870,#8871,#8872,
#8873),.UNSPECIFIED.,.F.,.F.,(4,1,1,1,1,1,1,1,1,1,1,1,1,1,1,1,1,1,1,1,1,
1,1,1,1,1,1,1,4),(0.000392830782449787,0.03125,0.0625,0.078125,0.09375,
0.109375,0.125,0.1328125,0.140625,0.15625,0.171875,0.1875,0.1953125,0.203125,
0.21875,0.234375,0.25,0.265625,0.28125,0.296875,0.3125,0.328125,0.34375,
0.375,0.390625,0.40625,0.4375,0.46875,0.494076556303266),.UNSPECIFIED.);
#429=B_SPLINE_CURVE_WITH_KNOTS('',3,(#8879,#8880,#8881,#8882,#8883,#8884,
#8885,#8886,#8887,#8888,#8889,#8890,#8891,#8892,#8893,#8894,#8895,#8896,
#8897,#8898,#8899,#8900,#8901,#8902,#8903,#8904,#8905,#8906,#8907,#8908,
#8909,#8910,#8911,#8912,#8913,#8914),.UNSPECIFIED.,.F.,.F.,(4,3,1,1,1,1,
1,1,1,1,1,1,1,1,1,1,1,1,1,1,1,1,1,1,1,1,1,1,1,1,1,4),(-4.86890261347031E-5,
0.,0.03125,0.046875,0.0625,0.078125,0.09375,0.109375,0.125,0.15625,0.171875,
0.1796875,0.1875,0.203125,0.21875,0.2265625,0.234375,0.2421875,0.25,0.265625,
0.28125,0.3125,0.34375,0.359375,0.375,0.390625,0.40625,0.4375,0.46875,0.5,
0.53125,0.550587845951601),.UNSPECIFIED.);
#430=B_SPLINE_CURVE_WITH_KNOTS('',3,(#8915,#8916,#8917,#8918,#8919,#8920,
#8921,#8922,#8923,#8924,#8925,#8926,#8927,#8928,#8929),.UNSPECIFIED.,.F.,
 .F.,(4,1,1,1,1,1,1,1,1,1,1,1,4),(0.550587845951599,0.5625,0.59375,0.625,
0.65625,0.6875,0.75,0.78125,0.8125,0.84375,0.875,0.9375,1.),
 .UNSPECIFIED.);
#431=B_SPLINE_CURVE_WITH_KNOTS('',3,(#8931,#8932,#8933,#8934,#8935,#8936,
#8937,#8938,#8939,#8940,#8941,#8942,#8943,#8944,#8945),.UNSPECIFIED.,.F.,
 .F.,(4,1,1,1,1,1,1,1,1,1,1,1,4),(0.550587845951599,0.5625,0.59375,0.625,
0.65625,0.6875,0.75,0.78125,0.8125,0.84375,0.875,0.9375,1.),
 .UNSPECIFIED.);
#432=B_SPLINE_CURVE_WITH_KNOTS('',3,(#8947,#8948,#8949,#8950,#8951,#8952,
#8953,#8954,#8955,#8956,#8957,#8958,#8959,#8960,#8961),.UNSPECIFIED.,.F.,
 .F.,(4,1,1,1,1,1,1,1,1,1,1,1,4),(0.550587845951599,0.5625,0.59375,0.625,
0.65625,0.6875,0.75,0.78125,0.8125,0.84375,0.875,0.9375,1.),
 .UNSPECIFIED.);
#433=B_SPLINE_CURVE_WITH_KNOTS('',3,(#8962,#8963,#8964,#8965,#8966,#8967,
#8968,#8969,#8970,#8971,#8972,#8973,#8974,#8975,#8976),.UNSPECIFIED.,.F.,
 .F.,(4,1,1,1,1,1,1,1,1,1,1,1,4),(0.550587845951599,0.5625,0.59375,0.625,
0.65625,0.6875,0.75,0.78125,0.8125,0.84375,0.875,0.9375,1.),
 .UNSPECIFIED.);
#434=B_SPLINE_CURVE_WITH_KNOTS('',3,(#8978,#8979,#8980,#8981,#8982,#8983,
#8984,#8985,#8986,#8987,#8988,#8989,#8990,#8991,#8992),.UNSPECIFIED.,.F.,
 .F.,(4,1,1,1,1,1,1,1,1,1,1,1,4),(0.550587845951601,0.5625,0.59375,0.625,
0.65625,0.6875,0.75,0.78125,0.8125,0.84375,0.875,0.9375,1.),
 .UNSPECIFIED.);
#435=B_SPLINE_CURVE_WITH_KNOTS('',3,(#8994,#8995,#8996,#8997,#8998,#8999,
#9000,#9001,#9002,#9003,#9004,#9005,#9006,#9007,#9008),.UNSPECIFIED.,.F.,
 .F.,(4,1,1,1,1,1,1,1,1,1,1,1,4),(0.550587845951599,0.5625,0.59375,0.625,
0.65625,0.6875,0.75,0.78125,0.8125,0.84375,0.875,0.9375,1.),
 .UNSPECIFIED.);
#436=B_SPLINE_CURVE_WITH_KNOTS('',3,(#9010,#9011,#9012,#9013,#9014,#9015,
#9016,#9017,#9018,#9019,#9020,#9021,#9022,#9023,#9024),.UNSPECIFIED.,.F.,
 .F.,(4,1,1,1,1,1,1,1,1,1,1,1,4),(0.550587845951601,0.5625,0.59375,0.625,
0.65625,0.6875,0.75,0.78125,0.8125,0.84375,0.875,0.9375,1.),
 .UNSPECIFIED.);
#437=B_SPLINE_CURVE_WITH_KNOTS('',3,(#9026,#9027,#9028,#9029,#9030,#9031,
#9032,#9033,#9034,#9035,#9036,#9037,#9038,#9039,#9040),.UNSPECIFIED.,.F.,
 .F.,(4,1,1,1,1,1,1,1,1,1,1,1,4),(0.550587845951601,0.5625,0.59375,0.625,
0.65625,0.6875,0.75,0.78125,0.8125,0.84375,0.875,0.9375,1.),
 .UNSPECIFIED.);
#438=B_SPLINE_CURVE_WITH_KNOTS('',3,(#9042,#9043,#9044,#9045,#9046,#9047,
#9048,#9049,#9050,#9051,#9052,#9053,#9054,#9055,#9056),.UNSPECIFIED.,.F.,
 .F.,(4,1,1,1,1,1,1,1,1,1,1,1,4),(0.550587845951599,0.5625,0.59375,0.625,
0.65625,0.6875,0.75,0.78125,0.8125,0.84375,0.875,0.9375,1.),
 .UNSPECIFIED.);
#439=B_SPLINE_CURVE_WITH_KNOTS('',3,(#9058,#9059,#9060,#9061,#9062,#9063,
#9064,#9065,#9066,#9067),.UNSPECIFIED.,.F.,.F.,(4,1,1,1,1,1,1,4),(0.689370312992457,
0.698046645994591,0.716196421039762,0.729030244664867,0.747022873325614,
0.757410923435411,0.769086074705775,0.772373514931235),.UNSPECIFIED.);
#440=B_SPLINE_CURVE_WITH_KNOTS('',3,(#9069,#9070,#9071,#9072,#9073,#9074,
#9075,#9076,#9077,#9078,#9079,#9080,#9081,#9082,#9083,#9084,#9085,#9086,
#9087,#9088,#9089,#9090,#9091,#9092,#9093,#9094,#9095,#9096,#9097,#9098,
#9099,#9100,#9101,#9102,#9103,#9104),.UNSPECIFIED.,.F.,.F.,(4,3,1,1,1,1,
1,1,1,1,1,1,1,1,1,1,1,1,1,1,1,1,1,1,1,1,1,1,1,1,1,4),(-4.86890261347031E-5,
0.,0.03125,0.046875,0.0625,0.078125,0.09375,0.109375,0.125,0.15625,0.171875,
0.1796875,0.1875,0.203125,0.21875,0.2265625,0.234375,0.2421875,0.25,0.265625,
0.28125,0.3125,0.34375,0.359375,0.375,0.390625,0.40625,0.4375,0.46875,0.5,
0.53125,0.550587845951601),.UNSPECIFIED.);
#441=B_SPLINE_CURVE_WITH_KNOTS('',3,(#9213,#9214,#9215,#9216,#9217,#9218),
 .UNSPECIFIED.,.F.,.F.,(4,1,1,4),(0.00313608124186196,0.0557651603191548,
0.135118038034694,0.215075274885667),.UNSPECIFIED.);
#442=B_SPLINE_CURVE_WITH_KNOTS('',3,(#9236,#9237,#9238,#9239,#9240),
 .UNSPECIFIED.,.F.,.F.,(4,1,4),(0.217032014046153,0.299321945847842,0.380045932240692),
 .UNSPECIFIED.);
#443=B_SPLINE_CURVE_WITH_KNOTS('',3,(#9282,#9283,#9284,#9285,#9286,#9287,
#9288,#9289,#9290),.UNSPECIFIED.,.F.,.F.,(4,1,1,1,1,1,4),(0.382055120133887,
0.46213528764137,0.541739790848486,0.601766358434303,0.63725407331556,0.703558379691196,
0.735739233424198),.UNSPECIFIED.);
#444=B_SPLINE_CURVE_WITH_KNOTS('',3,(#9316,#9317,#9318,#9319,#9320,#9321,
#9322),.UNSPECIFIED.,.F.,.F.,(4,1,1,1,4),(0.738063345677985,0.781967607323497,
0.863014064640633,0.94110841170898,1.),.UNSPECIFIED.);
#445=B_SPLINE_CURVE_WITH_KNOTS('',3,(#9361,#9362,#9363,#9364,#9365,#9366,
#9367,#9368,#9369,#9370,#9371,#9372,#9373,#9374,#9375,#9376,#9377,#9378,
#9379,#9380,#9381,#9382,#9383,#9384,#9385,#9386,#9387,#9388,#9389,#9390,
#9391),.UNSPECIFIED.,.F.,.F.,(4,1,1,1,1,1,1,1,1,1,1,1,1,1,1,1,1,1,1,1,1,
1,1,1,1,1,1,1,4),(0.000392830782449787,0.03125,0.0625,0.078125,0.09375,
0.109375,0.125,0.1328125,0.140625,0.15625,0.171875,0.1875,0.1953125,0.203125,
0.21875,0.234375,0.25,0.265625,0.28125,0.296875,0.3125,0.328125,0.34375,
0.375,0.390625,0.40625,0.4375,0.46875,0.494076556303266),.UNSPECIFIED.);
#446=B_SPLINE_CURVE_WITH_KNOTS('',3,(#9611,#9612,#9613,#9614,#9615,#9616,
#9617,#9618,#9619,#9620,#9621,#9622,#9623,#9624,#9625,#9626,#9627,#9628,
#9629,#9630,#9631,#9632,#9633,#9634,#9635,#9636,#9637,#9638,#9639,#9640,
#9641,#9642,#9643,#9644,#9645,#9646),.UNSPECIFIED.,.F.,.F.,(4,3,1,1,1,1,
1,1,1,1,1,1,1,1,1,1,1,1,1,1,1,1,1,1,1,1,1,1,1,1,1,4),(-4.86890261347031E-5,
0.,0.03125,0.046875,0.0625,0.078125,0.09375,0.109375,0.125,0.15625,0.171875,
0.1796875,0.1875,0.203125,0.21875,0.2265625,0.234375,0.2421875,0.25,0.265625,
0.28125,0.3125,0.34375,0.359375,0.375,0.390625,0.40625,0.4375,0.46875,0.5,
0.53125,0.550587845951601),.UNSPECIFIED.);
#447=B_SPLINE_CURVE_WITH_KNOTS('',3,(#9667,#9668,#9669,#9670,#9671,#9672,
#9673,#9674,#9675,#9676,#9677,#9678,#9679,#9680,#9681),.UNSPECIFIED.,.F.,
 .F.,(4,1,1,1,1,1,1,1,1,1,1,1,4),(0.550587845951601,0.5625,0.59375,0.625,
0.65625,0.6875,0.75,0.78125,0.8125,0.84375,0.875,0.9375,1.),
 .UNSPECIFIED.);
#448=B_SPLINE_CURVE_WITH_KNOTS('',3,(#9684,#9685,#9686,#9687,#9688,#9689,
#9690,#9691,#9692,#9693,#9694,#9695,#9696,#9697,#9698),.UNSPECIFIED.,.F.,
 .F.,(4,1,1,1,1,1,1,1,1,1,1,1,4),(0.550587845951599,0.5625,0.59375,0.625,
0.65625,0.6875,0.75,0.78125,0.8125,0.84375,0.875,0.9375,1.),
 .UNSPECIFIED.);
#449=B_SPLINE_CURVE_WITH_KNOTS('',3,(#9700,#9701,#9702,#9703,#9704,#9705,
#9706,#9707,#9708,#9709,#9710,#9711,#9712,#9713,#9714),.UNSPECIFIED.,.F.,
 .F.,(4,1,1,1,1,1,1,1,1,1,1,1,4),(0.550587845951601,0.5625,0.59375,0.625,
0.65625,0.6875,0.75,0.78125,0.8125,0.84375,0.875,0.9375,1.),
 .UNSPECIFIED.);
#450=B_SPLINE_CURVE_WITH_KNOTS('',3,(#9716,#9717,#9718,#9719,#9720,#9721,
#9722,#9723,#9724,#9725,#9726,#9727,#9728,#9729,#9730),.UNSPECIFIED.,.F.,
 .F.,(4,1,1,1,1,1,1,1,1,1,1,1,4),(0.550587845951599,0.5625,0.59375,0.625,
0.65625,0.6875,0.75,0.78125,0.8125,0.84375,0.875,0.9375,1.),
 .UNSPECIFIED.);
#451=B_SPLINE_CURVE_WITH_KNOTS('',3,(#9732,#9733,#9734,#9735,#9736,#9737,
#9738,#9739,#9740,#9741,#9742,#9743,#9744,#9745,#9746),.UNSPECIFIED.,.F.,
 .F.,(4,1,1,1,1,1,1,1,1,1,1,1,4),(0.550587845951601,0.5625,0.59375,0.625,
0.65625,0.6875,0.75,0.78125,0.8125,0.84375,0.875,0.9375,1.),
 .UNSPECIFIED.);
#452=B_SPLINE_CURVE_WITH_KNOTS('',3,(#9750,#9751,#9752,#9753,#9754,#9755,
#9756,#9757,#9758,#9759,#9760,#9761,#9762,#9763,#9764),.UNSPECIFIED.,.F.,
 .F.,(4,1,1,1,1,1,1,1,1,1,1,1,4),(0.550587845951601,0.5625,0.59375,0.625,
0.65625,0.6875,0.75,0.78125,0.8125,0.84375,0.875,0.9375,1.),
 .UNSPECIFIED.);
#453=B_SPLINE_CURVE_WITH_KNOTS('',3,(#9794,#9795,#9796,#9797,#9798,#9799,
#9800,#9801,#9802,#9803,#9804,#9805,#9806,#9807,#9808),.UNSPECIFIED.,.F.,
 .F.,(4,1,1,1,1,1,1,1,1,1,1,1,4),(0.550587845951599,0.5625,0.59375,0.625,
0.65625,0.6875,0.75,0.78125,0.8125,0.84375,0.875,0.9375,1.),
 .UNSPECIFIED.);
#454=B_SPLINE_CURVE_WITH_KNOTS('',3,(#9810,#9811,#9812,#9813,#9814,#9815,
#9816,#9817,#9818,#9819,#9820,#9821,#9822,#9823,#9824),.UNSPECIFIED.,.F.,
 .F.,(4,1,1,1,1,1,1,1,1,1,1,1,4),(0.550587845951599,0.5625,0.59375,0.625,
0.65625,0.6875,0.75,0.78125,0.8125,0.84375,0.875,0.9375,1.),
 .UNSPECIFIED.);
#455=B_SPLINE_CURVE_WITH_KNOTS('',3,(#9826,#9827,#9828,#9829,#9830,#9831,
#9832,#9833,#9834,#9835,#9836,#9837,#9838,#9839,#9840),.UNSPECIFIED.,.F.,
 .F.,(4,1,1,1,1,1,1,1,1,1,1,1,4),(0.550587845951599,0.5625,0.59375,0.625,
0.65625,0.6875,0.75,0.78125,0.8125,0.84375,0.875,0.9375,1.),
 .UNSPECIFIED.);
#456=B_SPLINE_CURVE_WITH_KNOTS('',3,(#9897,#9898,#9899,#9900,#9901,#9902,
#9903,#9904,#9905,#9906,#9907,#9908,#9909),.UNSPECIFIED.,.F.,.F.,(4,1,1,
1,1,1,1,1,1,1,4),(0.,0.0555556294657375,0.12184498153014,0.176508577438603,
0.232756941648938,0.296096036209434,0.377323223931646,0.484664129216812,
0.626798632317895,0.815698804569015,0.987769403427813),.UNSPECIFIED.);
#457=B_SPLINE_CURVE_WITH_KNOTS('',3,(#9910,#9911,#9912,#9913,#9914,#9915,
#9916,#9917,#9918,#9919,#9920,#9921,#9922),.UNSPECIFIED.,.F.,.F.,(4,1,1,
1,1,1,1,1,1,1,4),(0.,0.0555556294657375,0.12184498153014,0.176508577438603,
0.232756941648938,0.296096036209434,0.377323223931646,0.484664129216812,
0.626798632317895,0.815698804569015,0.987769403427813),.UNSPECIFIED.);
#458=B_SPLINE_CURVE_WITH_KNOTS('',3,(#9924,#9925,#9926,#9927,#9928,#9929,
#9930,#9931,#9932,#9933),.UNSPECIFIED.,.F.,.F.,(4,1,1,1,1,1,1,4),(0.,0.0654163452818142,
0.127336210428974,0.200302994331232,0.293828596166976,0.388851095414864,
0.473274293782261,0.49408553553724),.UNSPECIFIED.);
#459=B_SPLINE_CURVE_WITH_KNOTS('',3,(#9936,#9937,#9938,#9939,#9940,#9941,
#9942,#9943,#9944,#9945),.UNSPECIFIED.,.F.,.F.,(4,1,1,1,1,1,1,4),(0.,0.0654163452818142,
0.127336210428974,0.200302994331232,0.293828596166976,0.388851095414864,
0.473274293782261,0.49408553553724),.UNSPECIFIED.);
#460=B_SPLINE_CURVE_WITH_KNOTS('',3,(#9947,#9948,#9949,#9950,#9951,#9952,
#9953,#9954,#9955,#9956),.UNSPECIFIED.,.F.,.F.,(4,1,1,1,1,1,1,4),(0.,0.0654163452818142,
0.127336210428974,0.200302994331232,0.293828596166976,0.388851095414864,
0.473274293782261,0.49408553553724),.UNSPECIFIED.);
#461=B_SPLINE_CURVE_WITH_KNOTS('',3,(#9981,#9982,#9983,#9984,#9985,#9986,
#9987,#9988,#9989,#9990,#9991,#9992,#9993,#9994,#9995),.UNSPECIFIED.,.F.,
 .F.,(4,1,1,1,1,1,1,1,1,1,1,1,4),(0.550587845951601,0.5625,0.59375,0.625,
0.65625,0.6875,0.75,0.78125,0.8125,0.84375,0.875,0.9375,1.),
 .UNSPECIFIED.);
#462=B_SPLINE_CURVE_WITH_KNOTS('',3,(#9997,#9998,#9999,#10000,#10001,#10002,
#10003,#10004,#10005,#10006,#10007,#10008,#10009,#10010,#10011),
 .UNSPECIFIED.,.F.,.F.,(4,1,1,1,1,1,1,1,1,1,1,1,4),(0.550587845951599,0.5625,
0.59375,0.625,0.65625,0.6875,0.75,0.78125,0.8125,0.84375,0.875,0.9375,1.),
 .UNSPECIFIED.);
#463=B_SPLINE_CURVE_WITH_KNOTS('',3,(#10015,#10016,#10017,#10018,#10019,
#10020,#10021,#10022,#10023,#10024),.UNSPECIFIED.,.F.,.F.,(4,1,1,1,1,1,
1,4),(0.689370312992457,0.698046645994591,0.716196421039762,0.729030244664867,
0.747022873325614,0.757410923435411,0.769086074705775,0.772373514931235),
 .UNSPECIFIED.);
#464=B_SPLINE_CURVE_WITH_KNOTS('',3,(#10029,#10030,#10031,#10032),
 .UNSPECIFIED.,.F.,.F.,(4,4),(0.,1.),.UNSPECIFIED.);
#465=B_SPLINE_CURVE_WITH_KNOTS('',3,(#10050,#10051,#10052,#10053,#10054,
#10055),.UNSPECIFIED.,.F.,.F.,(4,1,1,4),(0.00313608124186196,0.0557651603191548,
0.135118038034694,0.215075274885667),.UNSPECIFIED.);
#466=B_SPLINE_CURVE_WITH_KNOTS('',3,(#10062,#10063,#10064,#10065,#10066,
#10067),.UNSPECIFIED.,.F.,.F.,(4,1,1,4),(0.00313608124186196,0.0557651603191548,
0.135118038034694,0.215075274885667),.UNSPECIFIED.);
#467=B_SPLINE_CURVE_WITH_KNOTS('',3,(#10087,#10088,#10089,#10090,#10091),
 .UNSPECIFIED.,.F.,.F.,(4,1,4),(0.217032014046153,0.299321945847842,0.380045932240692),
 .UNSPECIFIED.);
#468=B_SPLINE_CURVE_WITH_KNOTS('',3,(#10095,#10096,#10097,#10098,#10099),
 .UNSPECIFIED.,.F.,.F.,(4,1,4),(0.217032014046153,0.299321945847842,0.380045932240692),
 .UNSPECIFIED.);
#469=B_SPLINE_CURVE_WITH_KNOTS('',3,(#10102,#10103,#10104,#10105),
 .UNSPECIFIED.,.F.,.F.,(4,4),(0.,1.),.UNSPECIFIED.);
#470=B_SPLINE_CURVE_WITH_KNOTS('',3,(#10144,#10145,#10146,#10147,#10148,
#10149,#10150,#10151,#10152),.UNSPECIFIED.,.F.,.F.,(4,1,1,1,1,1,4),(0.382055120133887,
0.46213528764137,0.541739790848486,0.601766358434303,0.63725407331556,0.703558379691196,
0.735739233424198),.UNSPECIFIED.);
#471=B_SPLINE_CURVE_WITH_KNOTS('',3,(#10157,#10158,#10159,#10160,#10161,
#10162,#10163,#10164,#10165),.UNSPECIFIED.,.F.,.F.,(4,1,1,1,1,1,4),(0.382055120133887,
0.46213528764137,0.541739790848486,0.601766358434303,0.63725407331556,0.703558379691196,
0.735739233424198),.UNSPECIFIED.);
#472=B_SPLINE_CURVE_WITH_KNOTS('',3,(#10168,#10169,#10170,#10171,#10172,
#10173,#10174,#10175,#10176),.UNSPECIFIED.,.F.,.F.,(4,1,1,1,1,1,4),(0.382055120133887,
0.46213528764137,0.541739790848486,0.601766358434303,0.63725407331556,0.703558379691196,
0.735739233424198),.UNSPECIFIED.);
#473=B_SPLINE_CURVE_WITH_KNOTS('',3,(#10180,#10181,#10182,#10183,#10184,
#10185,#10186,#10187,#10188),.UNSPECIFIED.,.F.,.F.,(4,1,1,1,1,1,4),(0.382055120133887,
0.46213528764137,0.541739790848486,0.601766358434303,0.63725407331556,0.703558379691196,
0.735739233424198),.UNSPECIFIED.);
#474=B_SPLINE_CURVE_WITH_KNOTS('',3,(#10210,#10211,#10212,#10213,#10214,
#10215,#10216),.UNSPECIFIED.,.F.,.F.,(4,1,1,1,4),(0.738063345677985,0.781967607323497,
0.863014064640633,0.94110841170898,1.),.UNSPECIFIED.);
#475=B_SPLINE_CURVE_WITH_KNOTS('',3,(#10218,#10219,#10220,#10221,#10222,
#10223,#10224),.UNSPECIFIED.,.F.,.F.,(4,1,1,1,4),(0.738063345677985,0.781967607323497,
0.863014064640633,0.94110841170898,1.),.UNSPECIFIED.);
#476=B_SPLINE_CURVE_WITH_KNOTS('',3,(#10304,#10305,#10306,#10307,#10308,
#10309,#10310,#10311,#10312,#10313,#10314,#10315,#10316,#10317,#10318,#10319,
#10320,#10321,#10322,#10323,#10324,#10325,#10326,#10327,#10328,#10329,#10330,
#10331,#10332,#10333,#10334,#10335,#10336,#10337,#10338,#10339),
 .UNSPECIFIED.,.F.,.F.,(4,3,1,1,1,1,1,1,1,1,1,1,1,1,1,1,1,1,1,1,1,1,1,1,
1,1,1,1,1,1,1,4),(-4.86890261347031E-5,0.,0.03125,0.046875,0.0625,0.078125,
0.09375,0.109375,0.125,0.15625,0.171875,0.1796875,0.1875,0.203125,0.21875,
0.2265625,0.234375,0.2421875,0.25,0.265625,0.28125,0.3125,0.34375,0.359375,
0.375,0.390625,0.40625,0.4375,0.46875,0.5,0.53125,0.550587845951601),
 .UNSPECIFIED.);
#477=B_SPLINE_CURVE_WITH_KNOTS('',3,(#10664,#10665,#10666,#10667,#10668,
#10669,#10670,#10671,#10672,#10673,#10674,#10675,#10676),.UNSPECIFIED.,
 .F.,.F.,(4,1,1,1,1,1,1,1,1,1,4),(0.,0.0555556294657375,0.12184498153014,
0.176508577438603,0.232756941648938,0.296096036209434,0.377323223931646,
0.484664129216812,0.626798632317895,0.815698804569015,0.98599402783448),
 .UNSPECIFIED.);
#478=B_SPLINE_CURVE_WITH_KNOTS('',3,(#10741,#10742,#10743,#10744,#10745,
#10746,#10747,#10748,#10749,#10750,#10751,#10752,#10753,#10754,#10755,#10756,
#10757,#10758,#10759,#10760,#10761,#10762,#10763,#10764,#10765,#10766,#10767,
#10768,#10769,#10770,#10771),.UNSPECIFIED.,.F.,.F.,(4,1,1,1,1,1,1,1,1,1,
1,1,1,1,1,1,1,1,1,1,1,1,1,1,1,1,1,1,4),(0.000392830782449787,0.03125,0.0625,
0.078125,0.09375,0.109375,0.125,0.1328125,0.140625,0.15625,0.171875,0.1875,
0.1953125,0.203125,0.21875,0.234375,0.25,0.265625,0.28125,0.296875,0.3125,
0.328125,0.34375,0.375,0.390625,0.40625,0.4375,0.46875,0.494076556303266),
 .UNSPECIFIED.);
#479=B_SPLINE_CURVE_WITH_KNOTS('',3,(#10885,#10886,#10887,#10888,#10889,
#10890,#10891),.UNSPECIFIED.,.F.,.F.,(4,1,1,1,4),(0.738063345677986,0.781967607323497,
0.863014064640633,0.94110841170898,1.),.UNSPECIFIED.);
#480=B_SPLINE_CURVE_WITH_KNOTS('',3,(#10893,#10894,#10895,#10896,#10897,
#10898,#10899),.UNSPECIFIED.,.F.,.F.,(4,1,1,1,4),(0.738063345677986,0.781967607323497,
0.863014064640633,0.94110841170898,1.),.UNSPECIFIED.);
#481=B_SPLINE_CURVE_WITH_KNOTS('',3,(#10921,#10922,#10923,#10924,#10925,
#10926,#10927,#10928,#10929),.UNSPECIFIED.,.F.,.F.,(4,1,1,1,1,1,4),(0.382055120133887,
0.46213528764137,0.541739790848486,0.601766358434303,0.63725407331556,0.703558379691196,
0.735739233424197),.UNSPECIFIED.);
#482=B_SPLINE_CURVE_WITH_KNOTS('',3,(#10930,#10931,#10932,#10933,#10934,
#10935,#10936,#10937,#10938),.UNSPECIFIED.,.F.,.F.,(4,1,1,1,1,1,4),(0.382055120133887,
0.46213528764137,0.541739790848486,0.601766358434303,0.63725407331556,0.703558379691196,
0.735739233424197),.UNSPECIFIED.);
#483=B_SPLINE_CURVE_WITH_KNOTS('',3,(#10965,#10966,#10967,#10968,#10969,
#10970,#10971,#10972,#10973),.UNSPECIFIED.,.F.,.F.,(4,1,1,1,1,1,4),(0.382055120133887,
0.46213528764137,0.541739790848486,0.601766358434303,0.63725407331556,0.703558379691196,
0.735739233424197),.UNSPECIFIED.);
#484=B_SPLINE_CURVE_WITH_KNOTS('',3,(#10974,#10975,#10976,#10977,#10978,
#10979,#10980,#10981,#10982),.UNSPECIFIED.,.F.,.F.,(4,1,1,1,1,1,4),(0.382055120133887,
0.46213528764137,0.541739790848486,0.601766358434303,0.63725407331556,0.703558379691196,
0.735739233424197),.UNSPECIFIED.);
#485=B_SPLINE_CURVE_WITH_KNOTS('',3,(#11087,#11088,#11089,#11090,#11091,
#11092,#11093,#11094,#11095,#11096),.UNSPECIFIED.,.F.,.F.,(4,1,1,1,1,1,
1,4),(0.,0.0654163452818142,0.127336210428974,0.200302994331232,0.293828596166976,
0.388851095414864,0.473274293782261,0.49408553553724),.UNSPECIFIED.);
#486=B_SPLINE_CURVE_WITH_KNOTS('',3,(#11098,#11099,#11100,#11101,#11102,
#11103,#11104,#11105,#11106,#11107),.UNSPECIFIED.,.F.,.F.,(4,1,1,1,1,1,
1,4),(0.,0.0654163452818142,0.127336210428974,0.200302994331232,0.293828596166976,
0.388851095414864,0.473274293782261,0.49408553553724),.UNSPECIFIED.);
#487=ORIENTED_EDGE('',*,*,#1975,.F.);
#488=ORIENTED_EDGE('',*,*,#1976,.T.);
#489=ORIENTED_EDGE('',*,*,#1977,.T.);
#490=ORIENTED_EDGE('',*,*,#1978,.F.);
#491=ORIENTED_EDGE('',*,*,#1979,.F.);
#492=ORIENTED_EDGE('',*,*,#1980,.T.);
#493=ORIENTED_EDGE('',*,*,#1975,.T.);
#494=ORIENTED_EDGE('',*,*,#1981,.F.);
#495=ORIENTED_EDGE('',*,*,#1982,.F.);
#496=ORIENTED_EDGE('',*,*,#1983,.T.);
#497=ORIENTED_EDGE('',*,*,#1979,.T.);
#498=ORIENTED_EDGE('',*,*,#1984,.F.);
#499=ORIENTED_EDGE('',*,*,#1985,.F.);
#500=ORIENTED_EDGE('',*,*,#1986,.T.);
#501=ORIENTED_EDGE('',*,*,#1982,.T.);
#502=ORIENTED_EDGE('',*,*,#1987,.F.);
#503=ORIENTED_EDGE('',*,*,#1988,.F.);
#504=ORIENTED_EDGE('',*,*,#1989,.T.);
#505=ORIENTED_EDGE('',*,*,#1985,.T.);
#506=ORIENTED_EDGE('',*,*,#1990,.F.);
#507=ORIENTED_EDGE('',*,*,#1991,.F.);
#508=ORIENTED_EDGE('',*,*,#1992,.T.);
#509=ORIENTED_EDGE('',*,*,#1988,.T.);
#510=ORIENTED_EDGE('',*,*,#1993,.F.);
#511=ORIENTED_EDGE('',*,*,#1994,.F.);
#512=ORIENTED_EDGE('',*,*,#1995,.T.);
#513=ORIENTED_EDGE('',*,*,#1991,.T.);
#514=ORIENTED_EDGE('',*,*,#1996,.F.);
#515=ORIENTED_EDGE('',*,*,#1997,.F.);
#516=ORIENTED_EDGE('',*,*,#1998,.T.);
#517=ORIENTED_EDGE('',*,*,#1994,.T.);
#518=ORIENTED_EDGE('',*,*,#1999,.F.);
#519=ORIENTED_EDGE('',*,*,#2000,.F.);
#520=ORIENTED_EDGE('',*,*,#2001,.T.);
#521=ORIENTED_EDGE('',*,*,#2002,.T.);
#522=ORIENTED_EDGE('',*,*,#2003,.F.);
#523=ORIENTED_EDGE('',*,*,#1977,.F.);
#524=ORIENTED_EDGE('',*,*,#2004,.T.);
#525=ORIENTED_EDGE('',*,*,#2003,.T.);
#526=ORIENTED_EDGE('',*,*,#2005,.F.);
#527=ORIENTED_EDGE('',*,*,#2006,.F.);
#528=ORIENTED_EDGE('',*,*,#2007,.F.);
#529=ORIENTED_EDGE('',*,*,#2008,.T.);
#530=ORIENTED_EDGE('',*,*,#2009,.T.);
#531=ORIENTED_EDGE('',*,*,#2010,.F.);
#532=ORIENTED_EDGE('',*,*,#2011,.F.);
#533=ORIENTED_EDGE('',*,*,#2006,.T.);
#534=ORIENTED_EDGE('',*,*,#2012,.T.);
#535=ORIENTED_EDGE('',*,*,#2013,.F.);
#536=ORIENTED_EDGE('',*,*,#2014,.F.);
#537=ORIENTED_EDGE('',*,*,#2010,.T.);
#538=ORIENTED_EDGE('',*,*,#2015,.T.);
#539=ORIENTED_EDGE('',*,*,#2016,.F.);
#540=ORIENTED_EDGE('',*,*,#2017,.F.);
#541=ORIENTED_EDGE('',*,*,#2013,.T.);
#542=ORIENTED_EDGE('',*,*,#2018,.T.);
#543=ORIENTED_EDGE('',*,*,#2019,.F.);
#544=ORIENTED_EDGE('',*,*,#2020,.F.);
#545=ORIENTED_EDGE('',*,*,#2016,.T.);
#546=ORIENTED_EDGE('',*,*,#2021,.T.);
#547=ORIENTED_EDGE('',*,*,#2022,.T.);
#548=ORIENTED_EDGE('',*,*,#2023,.T.);
#549=ORIENTED_EDGE('',*,*,#2024,.F.);
#550=ORIENTED_EDGE('',*,*,#2025,.F.);
#551=ORIENTED_EDGE('',*,*,#2026,.T.);
#552=ORIENTED_EDGE('',*,*,#2027,.F.);
#553=ORIENTED_EDGE('',*,*,#2008,.F.);
#554=ORIENTED_EDGE('',*,*,#2028,.F.);
#555=ORIENTED_EDGE('',*,*,#1997,.T.);
#556=ORIENTED_EDGE('',*,*,#2029,.T.);
#557=ORIENTED_EDGE('',*,*,#2024,.T.);
#558=ORIENTED_EDGE('',*,*,#2030,.T.);
#559=ORIENTED_EDGE('',*,*,#2031,.F.);
#560=ORIENTED_EDGE('',*,*,#2032,.F.);
#561=ORIENTED_EDGE('',*,*,#2033,.F.);
#562=ORIENTED_EDGE('',*,*,#2034,.F.);
#563=ORIENTED_EDGE('',*,*,#2035,.T.);
#564=ORIENTED_EDGE('',*,*,#2036,.T.);
#565=ORIENTED_EDGE('',*,*,#2037,.F.);
#566=ORIENTED_EDGE('',*,*,#2038,.F.);
#567=ORIENTED_EDGE('',*,*,#2039,.T.);
#568=ORIENTED_EDGE('',*,*,#2040,.T.);
#569=ORIENTED_EDGE('',*,*,#2041,.F.);
#570=ORIENTED_EDGE('',*,*,#2042,.F.);
#571=ORIENTED_EDGE('',*,*,#2043,.T.);
#572=ORIENTED_EDGE('',*,*,#2044,.T.);
#573=ORIENTED_EDGE('',*,*,#2045,.F.);
#574=ORIENTED_EDGE('',*,*,#2046,.F.);
#575=ORIENTED_EDGE('',*,*,#2047,.T.);
#576=ORIENTED_EDGE('',*,*,#2048,.T.);
#577=ORIENTED_EDGE('',*,*,#2049,.F.);
#578=ORIENTED_EDGE('',*,*,#2050,.F.);
#579=ORIENTED_EDGE('',*,*,#2051,.T.);
#580=ORIENTED_EDGE('',*,*,#2052,.T.);
#581=ORIENTED_EDGE('',*,*,#2053,.T.);
#582=ORIENTED_EDGE('',*,*,#2054,.F.);
#583=ORIENTED_EDGE('',*,*,#2055,.T.);
#584=ORIENTED_EDGE('',*,*,#2056,.T.);
#585=ORIENTED_EDGE('',*,*,#2057,.T.);
#586=ORIENTED_EDGE('',*,*,#2058,.F.);
#587=ORIENTED_EDGE('',*,*,#2059,.F.);
#588=ORIENTED_EDGE('',*,*,#2060,.T.);
#589=ORIENTED_EDGE('',*,*,#2061,.T.);
#590=ORIENTED_EDGE('',*,*,#2062,.T.);
#591=ORIENTED_EDGE('',*,*,#2063,.F.);
#592=ORIENTED_EDGE('',*,*,#2064,.F.);
#593=ORIENTED_EDGE('',*,*,#2065,.F.);
#594=ORIENTED_EDGE('',*,*,#2066,.F.);
#595=ORIENTED_EDGE('',*,*,#2067,.T.);
#596=ORIENTED_EDGE('',*,*,#2068,.F.);
#597=ORIENTED_EDGE('',*,*,#2069,.T.);
#598=ORIENTED_EDGE('',*,*,#2070,.T.);
#599=ORIENTED_EDGE('',*,*,#2071,.T.);
#600=ORIENTED_EDGE('',*,*,#2072,.T.);
#601=ORIENTED_EDGE('',*,*,#2073,.F.);
#602=ORIENTED_EDGE('',*,*,#2074,.F.);
#603=ORIENTED_EDGE('',*,*,#2075,.T.);
#604=ORIENTED_EDGE('',*,*,#2076,.F.);
#605=ORIENTED_EDGE('',*,*,#2077,.T.);
#606=ORIENTED_EDGE('',*,*,#2078,.F.);
#607=ORIENTED_EDGE('',*,*,#2079,.F.);
#608=ORIENTED_EDGE('',*,*,#2080,.T.);
#609=ORIENTED_EDGE('',*,*,#2081,.T.);
#610=ORIENTED_EDGE('',*,*,#2082,.T.);
#611=ORIENTED_EDGE('',*,*,#2083,.F.);
#612=ORIENTED_EDGE('',*,*,#2084,.T.);
#613=ORIENTED_EDGE('',*,*,#2085,.T.);
#614=ORIENTED_EDGE('',*,*,#2086,.F.);
#615=ORIENTED_EDGE('',*,*,#2087,.T.);
#616=ORIENTED_EDGE('',*,*,#2088,.T.);
#617=ORIENTED_EDGE('',*,*,#2089,.F.);
#618=ORIENTED_EDGE('',*,*,#2090,.F.);
#619=ORIENTED_EDGE('',*,*,#2091,.T.);
#620=ORIENTED_EDGE('',*,*,#2092,.T.);
#621=ORIENTED_EDGE('',*,*,#2093,.T.);
#622=ORIENTED_EDGE('',*,*,#2094,.T.);
#623=ORIENTED_EDGE('',*,*,#2095,.F.);
#624=ORIENTED_EDGE('',*,*,#2096,.F.);
#625=ORIENTED_EDGE('',*,*,#2097,.F.);
#626=ORIENTED_EDGE('',*,*,#2098,.F.);
#627=ORIENTED_EDGE('',*,*,#2099,.T.);
#628=ORIENTED_EDGE('',*,*,#2100,.T.);
#629=ORIENTED_EDGE('',*,*,#2101,.T.);
#630=ORIENTED_EDGE('',*,*,#2102,.T.);
#631=ORIENTED_EDGE('',*,*,#2103,.F.);
#632=ORIENTED_EDGE('',*,*,#2104,.F.);
#633=ORIENTED_EDGE('',*,*,#2105,.F.);
#634=ORIENTED_EDGE('',*,*,#2106,.F.);
#635=ORIENTED_EDGE('',*,*,#2107,.T.);
#636=ORIENTED_EDGE('',*,*,#2108,.T.);
#637=ORIENTED_EDGE('',*,*,#2109,.T.);
#638=ORIENTED_EDGE('',*,*,#2110,.T.);
#639=ORIENTED_EDGE('',*,*,#2111,.F.);
#640=ORIENTED_EDGE('',*,*,#2112,.F.);
#641=ORIENTED_EDGE('',*,*,#2113,.F.);
#642=ORIENTED_EDGE('',*,*,#2114,.F.);
#643=ORIENTED_EDGE('',*,*,#2115,.T.);
#644=ORIENTED_EDGE('',*,*,#2116,.T.);
#645=ORIENTED_EDGE('',*,*,#2117,.T.);
#646=ORIENTED_EDGE('',*,*,#2118,.T.);
#647=ORIENTED_EDGE('',*,*,#2119,.F.);
#648=ORIENTED_EDGE('',*,*,#2120,.F.);
#649=ORIENTED_EDGE('',*,*,#2121,.F.);
#650=ORIENTED_EDGE('',*,*,#2122,.F.);
#651=ORIENTED_EDGE('',*,*,#2123,.T.);
#652=ORIENTED_EDGE('',*,*,#2124,.T.);
#653=ORIENTED_EDGE('',*,*,#2125,.T.);
#654=ORIENTED_EDGE('',*,*,#2126,.T.);
#655=ORIENTED_EDGE('',*,*,#2127,.F.);
#656=ORIENTED_EDGE('',*,*,#2128,.F.);
#657=ORIENTED_EDGE('',*,*,#2129,.F.);
#658=ORIENTED_EDGE('',*,*,#2130,.F.);
#659=ORIENTED_EDGE('',*,*,#2131,.T.);
#660=ORIENTED_EDGE('',*,*,#2132,.T.);
#661=ORIENTED_EDGE('',*,*,#2133,.T.);
#662=ORIENTED_EDGE('',*,*,#2134,.T.);
#663=ORIENTED_EDGE('',*,*,#2135,.F.);
#664=ORIENTED_EDGE('',*,*,#2136,.F.);
#665=ORIENTED_EDGE('',*,*,#2137,.F.);
#666=ORIENTED_EDGE('',*,*,#2138,.F.);
#667=ORIENTED_EDGE('',*,*,#2139,.T.);
#668=ORIENTED_EDGE('',*,*,#2140,.T.);
#669=ORIENTED_EDGE('',*,*,#2141,.T.);
#670=ORIENTED_EDGE('',*,*,#2142,.T.);
#671=ORIENTED_EDGE('',*,*,#2143,.F.);
#672=ORIENTED_EDGE('',*,*,#2144,.F.);
#673=ORIENTED_EDGE('',*,*,#2145,.F.);
#674=ORIENTED_EDGE('',*,*,#2146,.F.);
#675=ORIENTED_EDGE('',*,*,#2147,.T.);
#676=ORIENTED_EDGE('',*,*,#2148,.T.);
#677=ORIENTED_EDGE('',*,*,#2149,.T.);
#678=ORIENTED_EDGE('',*,*,#2150,.T.);
#679=ORIENTED_EDGE('',*,*,#2151,.F.);
#680=ORIENTED_EDGE('',*,*,#2152,.F.);
#681=ORIENTED_EDGE('',*,*,#2153,.F.);
#682=ORIENTED_EDGE('',*,*,#2154,.F.);
#683=ORIENTED_EDGE('',*,*,#2155,.T.);
#684=ORIENTED_EDGE('',*,*,#2156,.T.);
#685=ORIENTED_EDGE('',*,*,#2157,.T.);
#686=ORIENTED_EDGE('',*,*,#2158,.T.);
#687=ORIENTED_EDGE('',*,*,#2159,.F.);
#688=ORIENTED_EDGE('',*,*,#2160,.F.);
#689=ORIENTED_EDGE('',*,*,#2161,.F.);
#690=ORIENTED_EDGE('',*,*,#2162,.F.);
#691=ORIENTED_EDGE('',*,*,#2163,.T.);
#692=ORIENTED_EDGE('',*,*,#2164,.T.);
#693=ORIENTED_EDGE('',*,*,#2165,.T.);
#694=ORIENTED_EDGE('',*,*,#2166,.T.);
#695=ORIENTED_EDGE('',*,*,#2167,.F.);
#696=ORIENTED_EDGE('',*,*,#2168,.F.);
#697=ORIENTED_EDGE('',*,*,#2169,.F.);
#698=ORIENTED_EDGE('',*,*,#2170,.F.);
#699=ORIENTED_EDGE('',*,*,#2171,.T.);
#700=ORIENTED_EDGE('',*,*,#2172,.T.);
#701=ORIENTED_EDGE('',*,*,#2173,.T.);
#702=ORIENTED_EDGE('',*,*,#2174,.T.);
#703=ORIENTED_EDGE('',*,*,#2175,.F.);
#704=ORIENTED_EDGE('',*,*,#2176,.F.);
#705=ORIENTED_EDGE('',*,*,#2177,.F.);
#706=ORIENTED_EDGE('',*,*,#2178,.F.);
#707=ORIENTED_EDGE('',*,*,#2179,.T.);
#708=ORIENTED_EDGE('',*,*,#2180,.T.);
#709=ORIENTED_EDGE('',*,*,#2181,.T.);
#710=ORIENTED_EDGE('',*,*,#2182,.T.);
#711=ORIENTED_EDGE('',*,*,#2183,.F.);
#712=ORIENTED_EDGE('',*,*,#2184,.F.);
#713=ORIENTED_EDGE('',*,*,#2185,.F.);
#714=ORIENTED_EDGE('',*,*,#2186,.F.);
#715=ORIENTED_EDGE('',*,*,#2187,.F.);
#716=ORIENTED_EDGE('',*,*,#2188,.T.);
#717=ORIENTED_EDGE('',*,*,#2189,.T.);
#718=ORIENTED_EDGE('',*,*,#2190,.T.);
#719=ORIENTED_EDGE('',*,*,#2191,.T.);
#720=ORIENTED_EDGE('',*,*,#2192,.T.);
#721=ORIENTED_EDGE('',*,*,#2193,.T.);
#722=ORIENTED_EDGE('',*,*,#2194,.T.);
#723=ORIENTED_EDGE('',*,*,#2195,.T.);
#724=ORIENTED_EDGE('',*,*,#2196,.T.);
#725=ORIENTED_EDGE('',*,*,#2197,.F.);
#726=ORIENTED_EDGE('',*,*,#2198,.T.);
#727=ORIENTED_EDGE('',*,*,#2199,.F.);
#728=ORIENTED_EDGE('',*,*,#2200,.T.);
#729=ORIENTED_EDGE('',*,*,#2201,.F.);
#730=ORIENTED_EDGE('',*,*,#2202,.T.);
#731=ORIENTED_EDGE('',*,*,#2203,.F.);
#732=ORIENTED_EDGE('',*,*,#2204,.T.);
#733=ORIENTED_EDGE('',*,*,#2205,.F.);
#734=ORIENTED_EDGE('',*,*,#2206,.F.);
#735=ORIENTED_EDGE('',*,*,#2207,.F.);
#736=ORIENTED_EDGE('',*,*,#2208,.F.);
#737=ORIENTED_EDGE('',*,*,#2209,.F.);
#738=ORIENTED_EDGE('',*,*,#2210,.F.);
#739=ORIENTED_EDGE('',*,*,#2211,.F.);
#740=ORIENTED_EDGE('',*,*,#2212,.F.);
#741=ORIENTED_EDGE('',*,*,#2213,.T.);
#742=ORIENTED_EDGE('',*,*,#2214,.T.);
#743=ORIENTED_EDGE('',*,*,#2215,.T.);
#744=ORIENTED_EDGE('',*,*,#2216,.T.);
#745=ORIENTED_EDGE('',*,*,#2217,.F.);
#746=ORIENTED_EDGE('',*,*,#2218,.F.);
#747=ORIENTED_EDGE('',*,*,#2219,.F.);
#748=ORIENTED_EDGE('',*,*,#2220,.F.);
#749=ORIENTED_EDGE('',*,*,#2221,.F.);
#750=ORIENTED_EDGE('',*,*,#2222,.F.);
#751=ORIENTED_EDGE('',*,*,#2223,.T.);
#752=ORIENTED_EDGE('',*,*,#2224,.F.);
#753=ORIENTED_EDGE('',*,*,#2225,.F.);
#754=ORIENTED_EDGE('',*,*,#2226,.T.);
#755=ORIENTED_EDGE('',*,*,#2227,.F.);
#756=ORIENTED_EDGE('',*,*,#2228,.T.);
#757=ORIENTED_EDGE('',*,*,#2229,.T.);
#758=ORIENTED_EDGE('',*,*,#2230,.T.);
#759=ORIENTED_EDGE('',*,*,#2231,.T.);
#760=ORIENTED_EDGE('',*,*,#2232,.F.);
#761=ORIENTED_EDGE('',*,*,#2233,.F.);
#762=ORIENTED_EDGE('',*,*,#2234,.F.);
#763=ORIENTED_EDGE('',*,*,#2235,.F.);
#764=ORIENTED_EDGE('',*,*,#2236,.T.);
#765=ORIENTED_EDGE('',*,*,#2237,.T.);
#766=ORIENTED_EDGE('',*,*,#2238,.T.);
#767=ORIENTED_EDGE('',*,*,#2239,.T.);
#768=ORIENTED_EDGE('',*,*,#2240,.F.);
#769=ORIENTED_EDGE('',*,*,#2241,.F.);
#770=ORIENTED_EDGE('',*,*,#2242,.F.);
#771=ORIENTED_EDGE('',*,*,#2243,.F.);
#772=ORIENTED_EDGE('',*,*,#2244,.T.);
#773=ORIENTED_EDGE('',*,*,#2245,.T.);
#774=ORIENTED_EDGE('',*,*,#2246,.T.);
#775=ORIENTED_EDGE('',*,*,#2247,.T.);
#776=ORIENTED_EDGE('',*,*,#2248,.F.);
#777=ORIENTED_EDGE('',*,*,#2249,.F.);
#778=ORIENTED_EDGE('',*,*,#2250,.F.);
#779=ORIENTED_EDGE('',*,*,#2251,.F.);
#780=ORIENTED_EDGE('',*,*,#2252,.T.);
#781=ORIENTED_EDGE('',*,*,#2253,.T.);
#782=ORIENTED_EDGE('',*,*,#2254,.T.);
#783=ORIENTED_EDGE('',*,*,#2255,.T.);
#784=ORIENTED_EDGE('',*,*,#2256,.F.);
#785=ORIENTED_EDGE('',*,*,#2257,.F.);
#786=ORIENTED_EDGE('',*,*,#2258,.F.);
#787=ORIENTED_EDGE('',*,*,#2259,.F.);
#788=ORIENTED_EDGE('',*,*,#2260,.T.);
#789=ORIENTED_EDGE('',*,*,#2261,.T.);
#790=ORIENTED_EDGE('',*,*,#2262,.T.);
#791=ORIENTED_EDGE('',*,*,#2263,.T.);
#792=ORIENTED_EDGE('',*,*,#2264,.F.);
#793=ORIENTED_EDGE('',*,*,#2265,.F.);
#794=ORIENTED_EDGE('',*,*,#2266,.F.);
#795=ORIENTED_EDGE('',*,*,#2267,.F.);
#796=ORIENTED_EDGE('',*,*,#2268,.T.);
#797=ORIENTED_EDGE('',*,*,#2269,.T.);
#798=ORIENTED_EDGE('',*,*,#2270,.T.);
#799=ORIENTED_EDGE('',*,*,#2271,.T.);
#800=ORIENTED_EDGE('',*,*,#2272,.F.);
#801=ORIENTED_EDGE('',*,*,#2273,.F.);
#802=ORIENTED_EDGE('',*,*,#2274,.F.);
#803=ORIENTED_EDGE('',*,*,#2275,.F.);
#804=ORIENTED_EDGE('',*,*,#2276,.T.);
#805=ORIENTED_EDGE('',*,*,#2277,.T.);
#806=ORIENTED_EDGE('',*,*,#2278,.T.);
#807=ORIENTED_EDGE('',*,*,#2279,.T.);
#808=ORIENTED_EDGE('',*,*,#2280,.F.);
#809=ORIENTED_EDGE('',*,*,#2281,.F.);
#810=ORIENTED_EDGE('',*,*,#2282,.F.);
#811=ORIENTED_EDGE('',*,*,#2283,.F.);
#812=ORIENTED_EDGE('',*,*,#2284,.T.);
#813=ORIENTED_EDGE('',*,*,#2285,.T.);
#814=ORIENTED_EDGE('',*,*,#2286,.T.);
#815=ORIENTED_EDGE('',*,*,#2287,.T.);
#816=ORIENTED_EDGE('',*,*,#2288,.F.);
#817=ORIENTED_EDGE('',*,*,#2289,.F.);
#818=ORIENTED_EDGE('',*,*,#2290,.F.);
#819=ORIENTED_EDGE('',*,*,#2291,.F.);
#820=ORIENTED_EDGE('',*,*,#2292,.T.);
#821=ORIENTED_EDGE('',*,*,#2293,.T.);
#822=ORIENTED_EDGE('',*,*,#2294,.T.);
#823=ORIENTED_EDGE('',*,*,#2295,.T.);
#824=ORIENTED_EDGE('',*,*,#2296,.F.);
#825=ORIENTED_EDGE('',*,*,#2297,.F.);
#826=ORIENTED_EDGE('',*,*,#2298,.F.);
#827=ORIENTED_EDGE('',*,*,#2299,.F.);
#828=ORIENTED_EDGE('',*,*,#2300,.T.);
#829=ORIENTED_EDGE('',*,*,#2301,.T.);
#830=ORIENTED_EDGE('',*,*,#2302,.T.);
#831=ORIENTED_EDGE('',*,*,#2303,.T.);
#832=ORIENTED_EDGE('',*,*,#2304,.F.);
#833=ORIENTED_EDGE('',*,*,#2305,.F.);
#834=ORIENTED_EDGE('',*,*,#2306,.F.);
#835=ORIENTED_EDGE('',*,*,#2307,.F.);
#836=ORIENTED_EDGE('',*,*,#2308,.T.);
#837=ORIENTED_EDGE('',*,*,#2309,.T.);
#838=ORIENTED_EDGE('',*,*,#2310,.T.);
#839=ORIENTED_EDGE('',*,*,#2311,.T.);
#840=ORIENTED_EDGE('',*,*,#2312,.F.);
#841=ORIENTED_EDGE('',*,*,#2313,.F.);
#842=ORIENTED_EDGE('',*,*,#2314,.F.);
#843=ORIENTED_EDGE('',*,*,#2315,.F.);
#844=ORIENTED_EDGE('',*,*,#2316,.T.);
#845=ORIENTED_EDGE('',*,*,#2317,.T.);
#846=ORIENTED_EDGE('',*,*,#2318,.T.);
#847=ORIENTED_EDGE('',*,*,#2319,.T.);
#848=ORIENTED_EDGE('',*,*,#2320,.F.);
#849=ORIENTED_EDGE('',*,*,#2321,.F.);
#850=ORIENTED_EDGE('',*,*,#2322,.F.);
#851=ORIENTED_EDGE('',*,*,#2323,.T.);
#852=ORIENTED_EDGE('',*,*,#2324,.F.);
#853=ORIENTED_EDGE('',*,*,#2325,.F.);
#854=ORIENTED_EDGE('',*,*,#2326,.F.);
#855=ORIENTED_EDGE('',*,*,#2327,.T.);
#856=ORIENTED_EDGE('',*,*,#2328,.F.);
#857=ORIENTED_EDGE('',*,*,#2329,.T.);
#858=ORIENTED_EDGE('',*,*,#2330,.F.);
#859=ORIENTED_EDGE('',*,*,#2331,.F.);
#860=ORIENTED_EDGE('',*,*,#2332,.F.);
#861=ORIENTED_EDGE('',*,*,#2333,.F.);
#862=ORIENTED_EDGE('',*,*,#2334,.T.);
#863=ORIENTED_EDGE('',*,*,#2335,.F.);
#864=ORIENTED_EDGE('',*,*,#2336,.T.);
#865=ORIENTED_EDGE('',*,*,#2337,.T.);
#866=ORIENTED_EDGE('',*,*,#2338,.T.);
#867=ORIENTED_EDGE('',*,*,#2339,.T.);
#868=ORIENTED_EDGE('',*,*,#2340,.T.);
#869=ORIENTED_EDGE('',*,*,#2341,.F.);
#870=ORIENTED_EDGE('',*,*,#2342,.F.);
#871=ORIENTED_EDGE('',*,*,#2343,.F.);
#872=ORIENTED_EDGE('',*,*,#2344,.F.);
#873=ORIENTED_EDGE('',*,*,#2057,.F.);
#874=ORIENTED_EDGE('',*,*,#2345,.F.);
#875=ORIENTED_EDGE('',*,*,#2346,.F.);
#876=ORIENTED_EDGE('',*,*,#2347,.F.);
#877=ORIENTED_EDGE('',*,*,#2053,.F.);
#878=ORIENTED_EDGE('',*,*,#2348,.T.);
#879=ORIENTED_EDGE('',*,*,#2349,.F.);
#880=ORIENTED_EDGE('',*,*,#2350,.T.);
#881=ORIENTED_EDGE('',*,*,#2351,.F.);
#882=ORIENTED_EDGE('',*,*,#2352,.T.);
#883=ORIENTED_EDGE('',*,*,#2353,.F.);
#884=ORIENTED_EDGE('',*,*,#2354,.T.);
#885=ORIENTED_EDGE('',*,*,#2355,.F.);
#886=ORIENTED_EDGE('',*,*,#2049,.T.);
#887=ORIENTED_EDGE('',*,*,#2356,.T.);
#888=ORIENTED_EDGE('',*,*,#2037,.T.);
#889=ORIENTED_EDGE('',*,*,#2357,.T.);
#890=ORIENTED_EDGE('',*,*,#2041,.T.);
#891=ORIENTED_EDGE('',*,*,#2358,.T.);
#892=ORIENTED_EDGE('',*,*,#2045,.T.);
#893=ORIENTED_EDGE('',*,*,#2359,.T.);
#894=ORIENTED_EDGE('',*,*,#2360,.F.);
#895=ORIENTED_EDGE('',*,*,#2340,.F.);
#896=ORIENTED_EDGE('',*,*,#2361,.T.);
#897=ORIENTED_EDGE('',*,*,#2186,.T.);
#898=ORIENTED_EDGE('',*,*,#2214,.F.);
#899=ORIENTED_EDGE('',*,*,#2362,.F.);
#900=ORIENTED_EDGE('',*,*,#2078,.T.);
#901=ORIENTED_EDGE('',*,*,#2363,.T.);
#902=ORIENTED_EDGE('',*,*,#2364,.F.);
#903=ORIENTED_EDGE('',*,*,#2107,.F.);
#904=ORIENTED_EDGE('',*,*,#2365,.T.);
#905=ORIENTED_EDGE('',*,*,#2243,.T.);
#906=ORIENTED_EDGE('',*,*,#2111,.T.);
#907=ORIENTED_EDGE('',*,*,#2366,.T.);
#908=ORIENTED_EDGE('',*,*,#2247,.F.);
#909=ORIENTED_EDGE('',*,*,#2367,.F.);
#910=ORIENTED_EDGE('',*,*,#2368,.F.);
#911=ORIENTED_EDGE('',*,*,#2099,.F.);
#912=ORIENTED_EDGE('',*,*,#2369,.T.);
#913=ORIENTED_EDGE('',*,*,#2235,.T.);
#914=ORIENTED_EDGE('',*,*,#2103,.T.);
#915=ORIENTED_EDGE('',*,*,#2370,.T.);
#916=ORIENTED_EDGE('',*,*,#2239,.F.);
#917=ORIENTED_EDGE('',*,*,#2371,.F.);
#918=ORIENTED_EDGE('',*,*,#2372,.F.);
#919=ORIENTED_EDGE('',*,*,#2091,.F.);
#920=ORIENTED_EDGE('',*,*,#2373,.T.);
#921=ORIENTED_EDGE('',*,*,#2227,.T.);
#922=ORIENTED_EDGE('',*,*,#2095,.T.);
#923=ORIENTED_EDGE('',*,*,#2374,.T.);
#924=ORIENTED_EDGE('',*,*,#2231,.F.);
#925=ORIENTED_EDGE('',*,*,#2375,.F.);
#926=ORIENTED_EDGE('',*,*,#2376,.F.);
#927=ORIENTED_EDGE('',*,*,#2131,.F.);
#928=ORIENTED_EDGE('',*,*,#2377,.T.);
#929=ORIENTED_EDGE('',*,*,#2267,.T.);
#930=ORIENTED_EDGE('',*,*,#2135,.T.);
#931=ORIENTED_EDGE('',*,*,#2378,.T.);
#932=ORIENTED_EDGE('',*,*,#2271,.F.);
#933=ORIENTED_EDGE('',*,*,#2379,.F.);
#934=ORIENTED_EDGE('',*,*,#2380,.F.);
#935=ORIENTED_EDGE('',*,*,#2123,.F.);
#936=ORIENTED_EDGE('',*,*,#2381,.T.);
#937=ORIENTED_EDGE('',*,*,#2259,.T.);
#938=ORIENTED_EDGE('',*,*,#2127,.T.);
#939=ORIENTED_EDGE('',*,*,#2382,.T.);
#940=ORIENTED_EDGE('',*,*,#2263,.F.);
#941=ORIENTED_EDGE('',*,*,#2383,.F.);
#942=ORIENTED_EDGE('',*,*,#2384,.F.);
#943=ORIENTED_EDGE('',*,*,#2115,.F.);
#944=ORIENTED_EDGE('',*,*,#2385,.T.);
#945=ORIENTED_EDGE('',*,*,#2251,.T.);
#946=ORIENTED_EDGE('',*,*,#2119,.T.);
#947=ORIENTED_EDGE('',*,*,#2386,.T.);
#948=ORIENTED_EDGE('',*,*,#2255,.F.);
#949=ORIENTED_EDGE('',*,*,#2387,.F.);
#950=ORIENTED_EDGE('',*,*,#2388,.F.);
#951=ORIENTED_EDGE('',*,*,#2155,.F.);
#952=ORIENTED_EDGE('',*,*,#2389,.T.);
#953=ORIENTED_EDGE('',*,*,#2291,.T.);
#954=ORIENTED_EDGE('',*,*,#2159,.T.);
#955=ORIENTED_EDGE('',*,*,#2390,.T.);
#956=ORIENTED_EDGE('',*,*,#2295,.F.);
#957=ORIENTED_EDGE('',*,*,#2391,.F.);
#958=ORIENTED_EDGE('',*,*,#2392,.F.);
#959=ORIENTED_EDGE('',*,*,#2147,.F.);
#960=ORIENTED_EDGE('',*,*,#2393,.T.);
#961=ORIENTED_EDGE('',*,*,#2283,.T.);
#962=ORIENTED_EDGE('',*,*,#2151,.T.);
#963=ORIENTED_EDGE('',*,*,#2394,.T.);
#964=ORIENTED_EDGE('',*,*,#2287,.F.);
#965=ORIENTED_EDGE('',*,*,#2395,.F.);
#966=ORIENTED_EDGE('',*,*,#2396,.F.);
#967=ORIENTED_EDGE('',*,*,#2139,.F.);
#968=ORIENTED_EDGE('',*,*,#2397,.T.);
#969=ORIENTED_EDGE('',*,*,#2275,.T.);
#970=ORIENTED_EDGE('',*,*,#2143,.T.);
#971=ORIENTED_EDGE('',*,*,#2398,.T.);
#972=ORIENTED_EDGE('',*,*,#2279,.F.);
#973=ORIENTED_EDGE('',*,*,#2399,.F.);
#974=ORIENTED_EDGE('',*,*,#2400,.F.);
#975=ORIENTED_EDGE('',*,*,#2179,.F.);
#976=ORIENTED_EDGE('',*,*,#2401,.T.);
#977=ORIENTED_EDGE('',*,*,#2315,.T.);
#978=ORIENTED_EDGE('',*,*,#2183,.T.);
#979=ORIENTED_EDGE('',*,*,#2402,.T.);
#980=ORIENTED_EDGE('',*,*,#2319,.F.);
#981=ORIENTED_EDGE('',*,*,#2403,.F.);
#982=ORIENTED_EDGE('',*,*,#2404,.F.);
#983=ORIENTED_EDGE('',*,*,#2171,.F.);
#984=ORIENTED_EDGE('',*,*,#2405,.T.);
#985=ORIENTED_EDGE('',*,*,#2307,.T.);
#986=ORIENTED_EDGE('',*,*,#2175,.T.);
#987=ORIENTED_EDGE('',*,*,#2406,.T.);
#988=ORIENTED_EDGE('',*,*,#2311,.F.);
#989=ORIENTED_EDGE('',*,*,#2407,.F.);
#990=ORIENTED_EDGE('',*,*,#2408,.F.);
#991=ORIENTED_EDGE('',*,*,#2163,.F.);
#992=ORIENTED_EDGE('',*,*,#2409,.T.);
#993=ORIENTED_EDGE('',*,*,#2299,.T.);
#994=ORIENTED_EDGE('',*,*,#2167,.T.);
#995=ORIENTED_EDGE('',*,*,#2410,.T.);
#996=ORIENTED_EDGE('',*,*,#2303,.F.);
#997=ORIENTED_EDGE('',*,*,#2411,.F.);
#998=ORIENTED_EDGE('',*,*,#2412,.F.);
#999=ORIENTED_EDGE('',*,*,#2222,.T.);
#1000=ORIENTED_EDGE('',*,*,#2413,.F.);
#1001=ORIENTED_EDGE('',*,*,#2077,.F.);
#1002=ORIENTED_EDGE('',*,*,#2414,.F.);
#1003=ORIENTED_EDGE('',*,*,#2221,.T.);
#1004=ORIENTED_EDGE('',*,*,#2415,.F.);
#1005=ORIENTED_EDGE('',*,*,#2080,.F.);
#1006=ORIENTED_EDGE('',*,*,#2416,.F.);
#1007=ORIENTED_EDGE('',*,*,#2330,.T.);
#1008=ORIENTED_EDGE('',*,*,#2417,.T.);
#1009=ORIENTED_EDGE('',*,*,#2418,.T.);
#1010=ORIENTED_EDGE('',*,*,#2419,.F.);
#1011=ORIENTED_EDGE('',*,*,#2420,.T.);
#1012=ORIENTED_EDGE('',*,*,#2421,.F.);
#1013=ORIENTED_EDGE('',*,*,#2422,.T.);
#1014=ORIENTED_EDGE('',*,*,#2072,.F.);
#1015=ORIENTED_EDGE('',*,*,#2002,.F.);
#1016=ORIENTED_EDGE('',*,*,#2423,.F.);
#1017=ORIENTED_EDGE('',*,*,#2424,.F.);
#1018=ORIENTED_EDGE('',*,*,#2021,.F.);
#1019=ORIENTED_EDGE('',*,*,#2018,.F.);
#1020=ORIENTED_EDGE('',*,*,#2015,.F.);
#1021=ORIENTED_EDGE('',*,*,#2012,.F.);
#1022=ORIENTED_EDGE('',*,*,#2009,.F.);
#1023=ORIENTED_EDGE('',*,*,#2029,.F.);
#1024=ORIENTED_EDGE('',*,*,#1999,.T.);
#1025=ORIENTED_EDGE('',*,*,#1996,.T.);
#1026=ORIENTED_EDGE('',*,*,#1993,.T.);
#1027=ORIENTED_EDGE('',*,*,#1990,.T.);
#1028=ORIENTED_EDGE('',*,*,#1987,.T.);
#1029=ORIENTED_EDGE('',*,*,#1984,.T.);
#1030=ORIENTED_EDGE('',*,*,#1981,.T.);
#1031=ORIENTED_EDGE('',*,*,#1978,.T.);
#1032=ORIENTED_EDGE('',*,*,#2005,.T.);
#1033=ORIENTED_EDGE('',*,*,#2425,.T.);
#1034=ORIENTED_EDGE('',*,*,#2426,.F.);
#1035=ORIENTED_EDGE('',*,*,#2427,.T.);
#1036=ORIENTED_EDGE('',*,*,#2428,.T.);
#1037=ORIENTED_EDGE('',*,*,#2429,.T.);
#1038=ORIENTED_EDGE('',*,*,#2418,.F.);
#1039=ORIENTED_EDGE('',*,*,#2430,.T.);
#1040=ORIENTED_EDGE('',*,*,#2431,.T.);
#1041=ORIENTED_EDGE('',*,*,#2432,.T.);
#1042=ORIENTED_EDGE('',*,*,#2433,.F.);
#1043=ORIENTED_EDGE('',*,*,#2434,.F.);
#1044=ORIENTED_EDGE('',*,*,#2435,.F.);
#1045=ORIENTED_EDGE('',*,*,#2436,.F.);
#1046=ORIENTED_EDGE('',*,*,#2437,.F.);
#1047=ORIENTED_EDGE('',*,*,#2438,.F.);
#1048=ORIENTED_EDGE('',*,*,#2439,.T.);
#1049=ORIENTED_EDGE('',*,*,#2440,.F.);
#1050=ORIENTED_EDGE('',*,*,#2441,.F.);
#1051=ORIENTED_EDGE('',*,*,#2442,.F.);
#1052=ORIENTED_EDGE('',*,*,#2443,.F.);
#1053=ORIENTED_EDGE('',*,*,#2226,.F.);
#1054=ORIENTED_EDGE('',*,*,#2444,.T.);
#1055=ORIENTED_EDGE('',*,*,#2089,.T.);
#1056=ORIENTED_EDGE('',*,*,#2244,.F.);
#1057=ORIENTED_EDGE('',*,*,#2365,.F.);
#1058=ORIENTED_EDGE('',*,*,#2106,.T.);
#1059=ORIENTED_EDGE('',*,*,#2445,.T.);
#1060=ORIENTED_EDGE('',*,*,#2246,.F.);
#1061=ORIENTED_EDGE('',*,*,#2446,.F.);
#1062=ORIENTED_EDGE('',*,*,#2112,.T.);
#1063=ORIENTED_EDGE('',*,*,#2367,.T.);
#1064=ORIENTED_EDGE('',*,*,#2236,.F.);
#1065=ORIENTED_EDGE('',*,*,#2369,.F.);
#1066=ORIENTED_EDGE('',*,*,#2098,.T.);
#1067=ORIENTED_EDGE('',*,*,#2447,.T.);
#1068=ORIENTED_EDGE('',*,*,#2238,.F.);
#1069=ORIENTED_EDGE('',*,*,#2448,.F.);
#1070=ORIENTED_EDGE('',*,*,#2104,.T.);
#1071=ORIENTED_EDGE('',*,*,#2371,.T.);
#1072=ORIENTED_EDGE('',*,*,#2228,.F.);
#1073=ORIENTED_EDGE('',*,*,#2373,.F.);
#1074=ORIENTED_EDGE('',*,*,#2090,.T.);
#1075=ORIENTED_EDGE('',*,*,#2449,.T.);
#1076=ORIENTED_EDGE('',*,*,#2230,.F.);
#1077=ORIENTED_EDGE('',*,*,#2450,.F.);
#1078=ORIENTED_EDGE('',*,*,#2096,.T.);
#1079=ORIENTED_EDGE('',*,*,#2375,.T.);
#1080=ORIENTED_EDGE('',*,*,#2268,.F.);
#1081=ORIENTED_EDGE('',*,*,#2377,.F.);
#1082=ORIENTED_EDGE('',*,*,#2130,.T.);
#1083=ORIENTED_EDGE('',*,*,#2451,.T.);
#1084=ORIENTED_EDGE('',*,*,#2270,.F.);
#1085=ORIENTED_EDGE('',*,*,#2452,.F.);
#1086=ORIENTED_EDGE('',*,*,#2136,.T.);
#1087=ORIENTED_EDGE('',*,*,#2379,.T.);
#1088=ORIENTED_EDGE('',*,*,#2260,.F.);
#1089=ORIENTED_EDGE('',*,*,#2381,.F.);
#1090=ORIENTED_EDGE('',*,*,#2122,.T.);
#1091=ORIENTED_EDGE('',*,*,#2453,.T.);
#1092=ORIENTED_EDGE('',*,*,#2262,.F.);
#1093=ORIENTED_EDGE('',*,*,#2454,.F.);
#1094=ORIENTED_EDGE('',*,*,#2128,.T.);
#1095=ORIENTED_EDGE('',*,*,#2383,.T.);
#1096=ORIENTED_EDGE('',*,*,#2252,.F.);
#1097=ORIENTED_EDGE('',*,*,#2385,.F.);
#1098=ORIENTED_EDGE('',*,*,#2114,.T.);
#1099=ORIENTED_EDGE('',*,*,#2455,.T.);
#1100=ORIENTED_EDGE('',*,*,#2254,.F.);
#1101=ORIENTED_EDGE('',*,*,#2456,.F.);
#1102=ORIENTED_EDGE('',*,*,#2120,.T.);
#1103=ORIENTED_EDGE('',*,*,#2387,.T.);
#1104=ORIENTED_EDGE('',*,*,#2292,.F.);
#1105=ORIENTED_EDGE('',*,*,#2389,.F.);
#1106=ORIENTED_EDGE('',*,*,#2154,.T.);
#1107=ORIENTED_EDGE('',*,*,#2457,.T.);
#1108=ORIENTED_EDGE('',*,*,#2294,.F.);
#1109=ORIENTED_EDGE('',*,*,#2458,.F.);
#1110=ORIENTED_EDGE('',*,*,#2160,.T.);
#1111=ORIENTED_EDGE('',*,*,#2391,.T.);
#1112=ORIENTED_EDGE('',*,*,#2284,.F.);
#1113=ORIENTED_EDGE('',*,*,#2393,.F.);
#1114=ORIENTED_EDGE('',*,*,#2146,.T.);
#1115=ORIENTED_EDGE('',*,*,#2459,.T.);
#1116=ORIENTED_EDGE('',*,*,#2286,.F.);
#1117=ORIENTED_EDGE('',*,*,#2460,.F.);
#1118=ORIENTED_EDGE('',*,*,#2152,.T.);
#1119=ORIENTED_EDGE('',*,*,#2395,.T.);
#1120=ORIENTED_EDGE('',*,*,#2276,.F.);
#1121=ORIENTED_EDGE('',*,*,#2397,.F.);
#1122=ORIENTED_EDGE('',*,*,#2138,.T.);
#1123=ORIENTED_EDGE('',*,*,#2461,.T.);
#1124=ORIENTED_EDGE('',*,*,#2278,.F.);
#1125=ORIENTED_EDGE('',*,*,#2462,.F.);
#1126=ORIENTED_EDGE('',*,*,#2144,.T.);
#1127=ORIENTED_EDGE('',*,*,#2399,.T.);
#1128=ORIENTED_EDGE('',*,*,#2316,.F.);
#1129=ORIENTED_EDGE('',*,*,#2401,.F.);
#1130=ORIENTED_EDGE('',*,*,#2178,.T.);
#1131=ORIENTED_EDGE('',*,*,#2463,.T.);
#1132=ORIENTED_EDGE('',*,*,#2318,.F.);
#1133=ORIENTED_EDGE('',*,*,#2464,.F.);
#1134=ORIENTED_EDGE('',*,*,#2184,.T.);
#1135=ORIENTED_EDGE('',*,*,#2403,.T.);
#1136=ORIENTED_EDGE('',*,*,#2308,.F.);
#1137=ORIENTED_EDGE('',*,*,#2405,.F.);
#1138=ORIENTED_EDGE('',*,*,#2170,.T.);
#1139=ORIENTED_EDGE('',*,*,#2465,.T.);
#1140=ORIENTED_EDGE('',*,*,#2310,.F.);
#1141=ORIENTED_EDGE('',*,*,#2466,.F.);
#1142=ORIENTED_EDGE('',*,*,#2176,.T.);
#1143=ORIENTED_EDGE('',*,*,#2407,.T.);
#1144=ORIENTED_EDGE('',*,*,#2300,.F.);
#1145=ORIENTED_EDGE('',*,*,#2409,.F.);
#1146=ORIENTED_EDGE('',*,*,#2162,.T.);
#1147=ORIENTED_EDGE('',*,*,#2467,.T.);
#1148=ORIENTED_EDGE('',*,*,#2302,.F.);
#1149=ORIENTED_EDGE('',*,*,#2468,.F.);
#1150=ORIENTED_EDGE('',*,*,#2168,.T.);
#1151=ORIENTED_EDGE('',*,*,#2411,.T.);
#1152=ORIENTED_EDGE('',*,*,#2469,.T.);
#1153=ORIENTED_EDGE('',*,*,#2084,.F.);
#1154=ORIENTED_EDGE('',*,*,#2470,.F.);
#1155=ORIENTED_EDGE('',*,*,#2217,.T.);
#1156=ORIENTED_EDGE('',*,*,#2086,.T.);
#1157=ORIENTED_EDGE('',*,*,#2471,.T.);
#1158=ORIENTED_EDGE('',*,*,#2215,.F.);
#1159=ORIENTED_EDGE('',*,*,#2363,.F.);
#1160=ORIENTED_EDGE('',*,*,#2472,.F.);
#1161=ORIENTED_EDGE('',*,*,#2203,.T.);
#1162=ORIENTED_EDGE('',*,*,#2473,.F.);
#1163=ORIENTED_EDGE('',*,*,#2354,.F.);
#1164=ORIENTED_EDGE('',*,*,#2245,.F.);
#1165=ORIENTED_EDGE('',*,*,#2445,.F.);
#1166=ORIENTED_EDGE('',*,*,#2113,.T.);
#1167=ORIENTED_EDGE('',*,*,#2446,.T.);
#1168=ORIENTED_EDGE('',*,*,#2237,.F.);
#1169=ORIENTED_EDGE('',*,*,#2447,.F.);
#1170=ORIENTED_EDGE('',*,*,#2105,.T.);
#1171=ORIENTED_EDGE('',*,*,#2448,.T.);
#1172=ORIENTED_EDGE('',*,*,#2229,.F.);
#1173=ORIENTED_EDGE('',*,*,#2449,.F.);
#1174=ORIENTED_EDGE('',*,*,#2097,.T.);
#1175=ORIENTED_EDGE('',*,*,#2450,.T.);
#1176=ORIENTED_EDGE('',*,*,#2269,.F.);
#1177=ORIENTED_EDGE('',*,*,#2451,.F.);
#1178=ORIENTED_EDGE('',*,*,#2137,.T.);
#1179=ORIENTED_EDGE('',*,*,#2452,.T.);
#1180=ORIENTED_EDGE('',*,*,#2261,.F.);
#1181=ORIENTED_EDGE('',*,*,#2453,.F.);
#1182=ORIENTED_EDGE('',*,*,#2129,.T.);
#1183=ORIENTED_EDGE('',*,*,#2454,.T.);
#1184=ORIENTED_EDGE('',*,*,#2253,.F.);
#1185=ORIENTED_EDGE('',*,*,#2455,.F.);
#1186=ORIENTED_EDGE('',*,*,#2121,.T.);
#1187=ORIENTED_EDGE('',*,*,#2456,.T.);
#1188=ORIENTED_EDGE('',*,*,#2293,.F.);
#1189=ORIENTED_EDGE('',*,*,#2457,.F.);
#1190=ORIENTED_EDGE('',*,*,#2161,.T.);
#1191=ORIENTED_EDGE('',*,*,#2458,.T.);
#1192=ORIENTED_EDGE('',*,*,#2285,.F.);
#1193=ORIENTED_EDGE('',*,*,#2459,.F.);
#1194=ORIENTED_EDGE('',*,*,#2153,.T.);
#1195=ORIENTED_EDGE('',*,*,#2460,.T.);
#1196=ORIENTED_EDGE('',*,*,#2277,.F.);
#1197=ORIENTED_EDGE('',*,*,#2461,.F.);
#1198=ORIENTED_EDGE('',*,*,#2145,.T.);
#1199=ORIENTED_EDGE('',*,*,#2462,.T.);
#1200=ORIENTED_EDGE('',*,*,#2317,.F.);
#1201=ORIENTED_EDGE('',*,*,#2463,.F.);
#1202=ORIENTED_EDGE('',*,*,#2185,.T.);
#1203=ORIENTED_EDGE('',*,*,#2464,.T.);
#1204=ORIENTED_EDGE('',*,*,#2309,.F.);
#1205=ORIENTED_EDGE('',*,*,#2465,.F.);
#1206=ORIENTED_EDGE('',*,*,#2177,.T.);
#1207=ORIENTED_EDGE('',*,*,#2466,.T.);
#1208=ORIENTED_EDGE('',*,*,#2301,.F.);
#1209=ORIENTED_EDGE('',*,*,#2467,.F.);
#1210=ORIENTED_EDGE('',*,*,#2169,.T.);
#1211=ORIENTED_EDGE('',*,*,#2468,.T.);
#1212=ORIENTED_EDGE('',*,*,#2474,.F.);
#1213=ORIENTED_EDGE('',*,*,#2197,.T.);
#1214=ORIENTED_EDGE('',*,*,#2475,.F.);
#1215=ORIENTED_EDGE('',*,*,#2350,.F.);
#1216=ORIENTED_EDGE('',*,*,#2476,.F.);
#1217=ORIENTED_EDGE('',*,*,#2199,.T.);
#1218=ORIENTED_EDGE('',*,*,#2477,.F.);
#1219=ORIENTED_EDGE('',*,*,#2352,.F.);
#1220=ORIENTED_EDGE('',*,*,#2478,.F.);
#1221=ORIENTED_EDGE('',*,*,#2201,.T.);
#1222=ORIENTED_EDGE('',*,*,#2479,.F.);
#1223=ORIENTED_EDGE('',*,*,#2348,.F.);
#1224=ORIENTED_EDGE('',*,*,#2085,.F.);
#1225=ORIENTED_EDGE('',*,*,#2469,.F.);
#1226=ORIENTED_EDGE('',*,*,#2216,.F.);
#1227=ORIENTED_EDGE('',*,*,#2471,.F.);
#1228=ORIENTED_EDGE('',*,*,#2356,.F.);
#1229=ORIENTED_EDGE('',*,*,#2048,.F.);
#1230=ORIENTED_EDGE('',*,*,#2480,.F.);
#1231=ORIENTED_EDGE('',*,*,#2481,.F.);
#1232=ORIENTED_EDGE('',*,*,#2212,.T.);
#1233=ORIENTED_EDGE('',*,*,#2482,.T.);
#1234=ORIENTED_EDGE('',*,*,#2483,.T.);
#1235=ORIENTED_EDGE('',*,*,#2034,.T.);
#1236=ORIENTED_EDGE('',*,*,#2484,.F.);
#1237=ORIENTED_EDGE('',*,*,#2482,.F.);
#1238=ORIENTED_EDGE('',*,*,#2211,.T.);
#1239=ORIENTED_EDGE('',*,*,#2485,.T.);
#1240=ORIENTED_EDGE('',*,*,#2357,.F.);
#1241=ORIENTED_EDGE('',*,*,#2036,.F.);
#1242=ORIENTED_EDGE('',*,*,#2486,.F.);
#1243=ORIENTED_EDGE('',*,*,#2485,.F.);
#1244=ORIENTED_EDGE('',*,*,#2210,.T.);
#1245=ORIENTED_EDGE('',*,*,#2487,.T.);
#1246=ORIENTED_EDGE('',*,*,#2488,.T.);
#1247=ORIENTED_EDGE('',*,*,#2038,.T.);
#1248=ORIENTED_EDGE('',*,*,#2489,.F.);
#1249=ORIENTED_EDGE('',*,*,#2487,.F.);
#1250=ORIENTED_EDGE('',*,*,#2209,.T.);
#1251=ORIENTED_EDGE('',*,*,#2490,.T.);
#1252=ORIENTED_EDGE('',*,*,#2358,.F.);
#1253=ORIENTED_EDGE('',*,*,#2040,.F.);
#1254=ORIENTED_EDGE('',*,*,#2491,.F.);
#1255=ORIENTED_EDGE('',*,*,#2490,.F.);
#1256=ORIENTED_EDGE('',*,*,#2208,.T.);
#1257=ORIENTED_EDGE('',*,*,#2492,.T.);
#1258=ORIENTED_EDGE('',*,*,#2493,.T.);
#1259=ORIENTED_EDGE('',*,*,#2042,.T.);
#1260=ORIENTED_EDGE('',*,*,#2494,.F.);
#1261=ORIENTED_EDGE('',*,*,#2492,.F.);
#1262=ORIENTED_EDGE('',*,*,#2207,.T.);
#1263=ORIENTED_EDGE('',*,*,#2495,.T.);
#1264=ORIENTED_EDGE('',*,*,#2359,.F.);
#1265=ORIENTED_EDGE('',*,*,#2044,.F.);
#1266=ORIENTED_EDGE('',*,*,#2496,.F.);
#1267=ORIENTED_EDGE('',*,*,#2495,.F.);
#1268=ORIENTED_EDGE('',*,*,#2206,.T.);
#1269=ORIENTED_EDGE('',*,*,#2497,.T.);
#1270=ORIENTED_EDGE('',*,*,#2498,.T.);
#1271=ORIENTED_EDGE('',*,*,#2046,.T.);
#1272=ORIENTED_EDGE('',*,*,#2499,.F.);
#1273=ORIENTED_EDGE('',*,*,#2497,.F.);
#1274=ORIENTED_EDGE('',*,*,#2205,.T.);
#1275=ORIENTED_EDGE('',*,*,#2481,.T.);
#1276=ORIENTED_EDGE('',*,*,#2225,.T.);
#1277=ORIENTED_EDGE('',*,*,#2500,.T.);
#1278=ORIENTED_EDGE('',*,*,#2087,.F.);
#1279=ORIENTED_EDGE('',*,*,#2444,.F.);
#1280=ORIENTED_EDGE('',*,*,#2501,.T.);
#1281=ORIENTED_EDGE('',*,*,#2067,.F.);
#1282=ORIENTED_EDGE('',*,*,#2502,.F.);
#1283=ORIENTED_EDGE('',*,*,#2503,.T.);
#1284=ORIENTED_EDGE('',*,*,#2504,.T.);
#1285=ORIENTED_EDGE('',*,*,#2505,.F.);
#1286=ORIENTED_EDGE('',*,*,#2336,.F.);
#1287=ORIENTED_EDGE('',*,*,#2506,.T.);
#1288=ORIENTED_EDGE('',*,*,#2442,.T.);
#1289=ORIENTED_EDGE('',*,*,#2507,.F.);
#1290=ORIENTED_EDGE('',*,*,#2337,.F.);
#1291=ORIENTED_EDGE('',*,*,#2505,.T.);
#1292=ORIENTED_EDGE('',*,*,#2441,.T.);
#1293=ORIENTED_EDGE('',*,*,#2508,.F.);
#1294=ORIENTED_EDGE('',*,*,#2338,.F.);
#1295=ORIENTED_EDGE('',*,*,#2507,.T.);
#1296=ORIENTED_EDGE('',*,*,#2440,.T.);
#1297=ORIENTED_EDGE('',*,*,#2326,.T.);
#1298=ORIENTED_EDGE('',*,*,#2509,.T.);
#1299=ORIENTED_EDGE('',*,*,#2436,.T.);
#1300=ORIENTED_EDGE('',*,*,#2435,.T.);
#1301=ORIENTED_EDGE('',*,*,#2434,.T.);
#1302=ORIENTED_EDGE('',*,*,#2433,.T.);
#1303=ORIENTED_EDGE('',*,*,#2431,.F.);
#1304=ORIENTED_EDGE('',*,*,#2430,.F.);
#1305=ORIENTED_EDGE('',*,*,#2417,.F.);
#1306=ORIENTED_EDGE('',*,*,#2329,.F.);
#1307=ORIENTED_EDGE('',*,*,#2328,.T.);
#1308=ORIENTED_EDGE('',*,*,#2327,.F.);
#1309=ORIENTED_EDGE('',*,*,#2432,.F.);
#1310=ORIENTED_EDGE('',*,*,#2510,.F.);
#1311=ORIENTED_EDGE('',*,*,#2511,.F.);
#1312=ORIENTED_EDGE('',*,*,#2512,.T.);
#1313=ORIENTED_EDGE('',*,*,#2513,.F.);
#1314=ORIENTED_EDGE('',*,*,#2514,.T.);
#1315=ORIENTED_EDGE('',*,*,#2515,.T.);
#1316=ORIENTED_EDGE('',*,*,#2516,.F.);
#1317=ORIENTED_EDGE('',*,*,#2517,.F.);
#1318=ORIENTED_EDGE('',*,*,#2518,.T.);
#1319=ORIENTED_EDGE('',*,*,#2511,.T.);
#1320=ORIENTED_EDGE('',*,*,#2519,.F.);
#1321=ORIENTED_EDGE('',*,*,#2520,.F.);
#1322=ORIENTED_EDGE('',*,*,#2521,.T.);
#1323=ORIENTED_EDGE('',*,*,#2517,.T.);
#1324=ORIENTED_EDGE('',*,*,#2522,.F.);
#1325=ORIENTED_EDGE('',*,*,#2523,.F.);
#1326=ORIENTED_EDGE('',*,*,#2524,.T.);
#1327=ORIENTED_EDGE('',*,*,#2520,.T.);
#1328=ORIENTED_EDGE('',*,*,#2525,.F.);
#1329=ORIENTED_EDGE('',*,*,#2526,.F.);
#1330=ORIENTED_EDGE('',*,*,#2527,.T.);
#1331=ORIENTED_EDGE('',*,*,#2523,.T.);
#1332=ORIENTED_EDGE('',*,*,#2528,.F.);
#1333=ORIENTED_EDGE('',*,*,#2529,.F.);
#1334=ORIENTED_EDGE('',*,*,#2530,.T.);
#1335=ORIENTED_EDGE('',*,*,#2526,.T.);
#1336=ORIENTED_EDGE('',*,*,#2531,.F.);
#1337=ORIENTED_EDGE('',*,*,#2532,.F.);
#1338=ORIENTED_EDGE('',*,*,#2533,.T.);
#1339=ORIENTED_EDGE('',*,*,#2529,.T.);
#1340=ORIENTED_EDGE('',*,*,#2534,.T.);
#1341=ORIENTED_EDGE('',*,*,#2425,.F.);
#1342=ORIENTED_EDGE('',*,*,#2506,.F.);
#1343=ORIENTED_EDGE('',*,*,#2335,.T.);
#1344=ORIENTED_EDGE('',*,*,#2066,.T.);
#1345=ORIENTED_EDGE('',*,*,#2535,.F.);
#1346=ORIENTED_EDGE('',*,*,#2536,.F.);
#1347=ORIENTED_EDGE('',*,*,#2502,.T.);
#1348=ORIENTED_EDGE('',*,*,#2065,.T.);
#1349=ORIENTED_EDGE('',*,*,#2537,.F.);
#1350=ORIENTED_EDGE('',*,*,#2538,.F.);
#1351=ORIENTED_EDGE('',*,*,#2535,.T.);
#1352=ORIENTED_EDGE('',*,*,#2064,.T.);
#1353=ORIENTED_EDGE('',*,*,#2539,.F.);
#1354=ORIENTED_EDGE('',*,*,#2540,.F.);
#1355=ORIENTED_EDGE('',*,*,#2541,.F.);
#1356=ORIENTED_EDGE('',*,*,#2537,.T.);
#1357=ORIENTED_EDGE('',*,*,#2542,.F.);
#1358=ORIENTED_EDGE('',*,*,#2543,.F.);
#1359=ORIENTED_EDGE('',*,*,#2544,.F.);
#1360=ORIENTED_EDGE('',*,*,#2545,.F.);
#1361=ORIENTED_EDGE('',*,*,#2546,.F.);
#1362=ORIENTED_EDGE('',*,*,#2547,.F.);
#1363=ORIENTED_EDGE('',*,*,#2548,.T.);
#1364=ORIENTED_EDGE('',*,*,#2548,.F.);
#1365=ORIENTED_EDGE('',*,*,#2549,.T.);
#1366=ORIENTED_EDGE('',*,*,#2060,.F.);
#1367=ORIENTED_EDGE('',*,*,#2550,.F.);
#1368=ORIENTED_EDGE('',*,*,#2551,.F.);
#1369=ORIENTED_EDGE('',*,*,#2059,.T.);
#1370=ORIENTED_EDGE('',*,*,#2058,.T.);
#1371=ORIENTED_EDGE('',*,*,#2075,.F.);
#1372=ORIENTED_EDGE('',*,*,#2074,.T.);
#1373=ORIENTED_EDGE('',*,*,#2073,.T.);
#1374=ORIENTED_EDGE('',*,*,#2422,.F.);
#1375=ORIENTED_EDGE('',*,*,#2552,.T.);
#1376=ORIENTED_EDGE('',*,*,#2553,.T.);
#1377=ORIENTED_EDGE('',*,*,#2554,.T.);
#1378=ORIENTED_EDGE('',*,*,#2551,.T.);
#1379=ORIENTED_EDGE('',*,*,#2550,.T.);
#1380=ORIENTED_EDGE('',*,*,#2031,.T.);
#1381=ORIENTED_EDGE('',*,*,#2555,.T.);
#1382=ORIENTED_EDGE('',*,*,#2556,.F.);
#1383=ORIENTED_EDGE('',*,*,#2557,.F.);
#1384=ORIENTED_EDGE('',*,*,#2558,.F.);
#1385=ORIENTED_EDGE('',*,*,#2032,.T.);
#1386=ORIENTED_EDGE('',*,*,#2559,.F.);
#1387=ORIENTED_EDGE('',*,*,#2560,.F.);
#1388=ORIENTED_EDGE('',*,*,#2561,.F.);
#1389=ORIENTED_EDGE('',*,*,#2562,.T.);
#1390=ORIENTED_EDGE('',*,*,#2557,.T.);
#1391=ORIENTED_EDGE('',*,*,#2556,.T.);
#1392=ORIENTED_EDGE('',*,*,#2563,.F.);
#1393=ORIENTED_EDGE('',*,*,#2515,.F.);
#1394=ORIENTED_EDGE('',*,*,#2564,.T.);
#1395=ORIENTED_EDGE('',*,*,#2561,.T.);
#1396=ORIENTED_EDGE('',*,*,#2560,.T.);
#1397=ORIENTED_EDGE('',*,*,#2565,.F.);
#1398=ORIENTED_EDGE('',*,*,#2566,.T.);
#1399=ORIENTED_EDGE('',*,*,#2567,.T.);
#1400=ORIENTED_EDGE('',*,*,#2568,.F.);
#1401=ORIENTED_EDGE('',*,*,#2512,.F.);
#1402=ORIENTED_EDGE('',*,*,#2518,.F.);
#1403=ORIENTED_EDGE('',*,*,#2521,.F.);
#1404=ORIENTED_EDGE('',*,*,#2524,.F.);
#1405=ORIENTED_EDGE('',*,*,#2527,.F.);
#1406=ORIENTED_EDGE('',*,*,#2530,.F.);
#1407=ORIENTED_EDGE('',*,*,#2533,.F.);
#1408=ORIENTED_EDGE('',*,*,#2569,.T.);
#1409=ORIENTED_EDGE('',*,*,#2570,.T.);
#1410=ORIENTED_EDGE('',*,*,#2571,.T.);
#1411=ORIENTED_EDGE('',*,*,#2572,.T.);
#1412=ORIENTED_EDGE('',*,*,#2573,.T.);
#1413=ORIENTED_EDGE('',*,*,#2574,.T.);
#1414=ORIENTED_EDGE('',*,*,#2027,.T.);
#1415=ORIENTED_EDGE('',*,*,#2575,.T.);
#1416=ORIENTED_EDGE('',*,*,#2549,.F.);
#1417=ORIENTED_EDGE('',*,*,#2547,.T.);
#1418=ORIENTED_EDGE('',*,*,#2576,.F.);
#1419=ORIENTED_EDGE('',*,*,#2577,.F.);
#1420=ORIENTED_EDGE('',*,*,#2578,.T.);
#1421=ORIENTED_EDGE('',*,*,#2062,.F.);
#1422=ORIENTED_EDGE('',*,*,#2061,.F.);
#1423=ORIENTED_EDGE('',*,*,#2578,.F.);
#1424=ORIENTED_EDGE('',*,*,#2579,.T.);
#1425=ORIENTED_EDGE('',*,*,#2540,.T.);
#1426=ORIENTED_EDGE('',*,*,#2539,.T.);
#1427=ORIENTED_EDGE('',*,*,#2063,.T.);
#1428=ORIENTED_EDGE('',*,*,#2580,.F.);
#1429=ORIENTED_EDGE('',*,*,#2581,.F.);
#1430=ORIENTED_EDGE('',*,*,#2190,.F.);
#1431=ORIENTED_EDGE('',*,*,#2582,.T.);
#1432=ORIENTED_EDGE('',*,*,#2583,.F.);
#1433=ORIENTED_EDGE('',*,*,#2584,.F.);
#1434=ORIENTED_EDGE('',*,*,#2191,.F.);
#1435=ORIENTED_EDGE('',*,*,#2581,.T.);
#1436=ORIENTED_EDGE('',*,*,#2585,.F.);
#1437=ORIENTED_EDGE('',*,*,#2050,.T.);
#1438=ORIENTED_EDGE('',*,*,#2347,.T.);
#1439=ORIENTED_EDGE('',*,*,#2586,.F.);
#1440=ORIENTED_EDGE('',*,*,#2587,.T.);
#1441=ORIENTED_EDGE('',*,*,#2588,.T.);
#1442=ORIENTED_EDGE('',*,*,#2346,.T.);
#1443=ORIENTED_EDGE('',*,*,#2589,.F.);
#1444=ORIENTED_EDGE('',*,*,#2590,.F.);
#1445=ORIENTED_EDGE('',*,*,#2591,.F.);
#1446=ORIENTED_EDGE('',*,*,#2192,.F.);
#1447=ORIENTED_EDGE('',*,*,#2584,.T.);
#1448=ORIENTED_EDGE('',*,*,#2592,.T.);
#1449=ORIENTED_EDGE('',*,*,#2586,.T.);
#1450=ORIENTED_EDGE('',*,*,#2593,.F.);
#1451=ORIENTED_EDGE('',*,*,#2594,.T.);
#1452=ORIENTED_EDGE('',*,*,#2595,.T.);
#1453=ORIENTED_EDGE('',*,*,#2589,.T.);
#1454=ORIENTED_EDGE('',*,*,#2345,.T.);
#1455=ORIENTED_EDGE('',*,*,#2056,.F.);
#1456=ORIENTED_EDGE('',*,*,#2596,.F.);
#1457=ORIENTED_EDGE('',*,*,#2597,.F.);
#1458=ORIENTED_EDGE('',*,*,#2193,.F.);
#1459=ORIENTED_EDGE('',*,*,#2591,.T.);
#1460=ORIENTED_EDGE('',*,*,#2598,.F.);
#1461=ORIENTED_EDGE('',*,*,#2599,.F.);
#1462=ORIENTED_EDGE('',*,*,#2194,.F.);
#1463=ORIENTED_EDGE('',*,*,#2597,.T.);
#1464=ORIENTED_EDGE('',*,*,#2600,.F.);
#1465=ORIENTED_EDGE('',*,*,#2601,.F.);
#1466=ORIENTED_EDGE('',*,*,#2602,.T.);
#1467=ORIENTED_EDGE('',*,*,#2603,.F.);
#1468=ORIENTED_EDGE('',*,*,#2604,.F.);
#1469=ORIENTED_EDGE('',*,*,#2605,.F.);
#1470=ORIENTED_EDGE('',*,*,#2606,.T.);
#1471=ORIENTED_EDGE('',*,*,#2054,.T.);
#1472=ORIENTED_EDGE('',*,*,#2344,.T.);
#1473=ORIENTED_EDGE('',*,*,#2607,.F.);
#1474=ORIENTED_EDGE('',*,*,#2195,.F.);
#1475=ORIENTED_EDGE('',*,*,#2599,.T.);
#1476=ORIENTED_EDGE('',*,*,#2343,.T.);
#1477=ORIENTED_EDGE('',*,*,#2608,.F.);
#1478=ORIENTED_EDGE('',*,*,#2196,.F.);
#1479=ORIENTED_EDGE('',*,*,#2607,.T.);
#1480=ORIENTED_EDGE('',*,*,#2609,.F.);
#1481=ORIENTED_EDGE('',*,*,#2582,.F.);
#1482=ORIENTED_EDGE('',*,*,#2189,.F.);
#1483=ORIENTED_EDGE('',*,*,#2608,.T.);
#1484=ORIENTED_EDGE('',*,*,#2342,.T.);
#1485=ORIENTED_EDGE('',*,*,#2052,.F.);
#1486=ORIENTED_EDGE('',*,*,#2610,.T.);
#1487=ORIENTED_EDGE('',*,*,#2611,.F.);
#1488=ORIENTED_EDGE('',*,*,#2069,.F.);
#1489=ORIENTED_EDGE('',*,*,#2612,.F.);
#1490=ORIENTED_EDGE('',*,*,#2613,.T.);
#1491=ORIENTED_EDGE('',*,*,#2614,.T.);
#1492=ORIENTED_EDGE('',*,*,#2070,.F.);
#1493=ORIENTED_EDGE('',*,*,#2614,.F.);
#1494=ORIENTED_EDGE('',*,*,#2615,.T.);
#1495=ORIENTED_EDGE('',*,*,#2616,.T.);
#1496=ORIENTED_EDGE('',*,*,#2617,.T.);
#1497=ORIENTED_EDGE('',*,*,#2428,.F.);
#1498=ORIENTED_EDGE('',*,*,#2618,.F.);
#1499=ORIENTED_EDGE('',*,*,#2332,.T.);
#1500=ORIENTED_EDGE('',*,*,#2618,.T.);
#1501=ORIENTED_EDGE('',*,*,#2427,.F.);
#1502=ORIENTED_EDGE('',*,*,#2619,.F.);
#1503=ORIENTED_EDGE('',*,*,#2333,.T.);
#1504=ORIENTED_EDGE('',*,*,#2620,.T.);
#1505=ORIENTED_EDGE('',*,*,#2621,.F.);
#1506=ORIENTED_EDGE('',*,*,#2570,.F.);
#1507=ORIENTED_EDGE('',*,*,#2622,.T.);
#1508=ORIENTED_EDGE('',*,*,#2623,.T.);
#1509=ORIENTED_EDGE('',*,*,#2624,.F.);
#1510=ORIENTED_EDGE('',*,*,#2571,.F.);
#1511=ORIENTED_EDGE('',*,*,#2621,.T.);
#1512=ORIENTED_EDGE('',*,*,#2625,.T.);
#1513=ORIENTED_EDGE('',*,*,#2626,.F.);
#1514=ORIENTED_EDGE('',*,*,#2572,.F.);
#1515=ORIENTED_EDGE('',*,*,#2624,.T.);
#1516=ORIENTED_EDGE('',*,*,#2627,.T.);
#1517=ORIENTED_EDGE('',*,*,#2628,.F.);
#1518=ORIENTED_EDGE('',*,*,#2573,.F.);
#1519=ORIENTED_EDGE('',*,*,#2626,.T.);
#1520=ORIENTED_EDGE('',*,*,#2629,.T.);
#1521=ORIENTED_EDGE('',*,*,#2022,.F.);
#1522=ORIENTED_EDGE('',*,*,#2574,.F.);
#1523=ORIENTED_EDGE('',*,*,#2628,.T.);
#1524=ORIENTED_EDGE('',*,*,#2630,.F.);
#1525=ORIENTED_EDGE('',*,*,#2019,.T.);
#1526=ORIENTED_EDGE('',*,*,#2424,.T.);
#1527=ORIENTED_EDGE('',*,*,#2631,.F.);
#1528=ORIENTED_EDGE('',*,*,#2632,.T.);
#1529=ORIENTED_EDGE('',*,*,#2622,.F.);
#1530=ORIENTED_EDGE('',*,*,#2569,.F.);
#1531=ORIENTED_EDGE('',*,*,#2532,.T.);
#1532=ORIENTED_EDGE('',*,*,#2071,.F.);
#1533=ORIENTED_EDGE('',*,*,#2616,.F.);
#1534=ORIENTED_EDGE('',*,*,#2633,.T.);
#1535=ORIENTED_EDGE('',*,*,#2420,.F.);
#1536=ORIENTED_EDGE('',*,*,#2419,.T.);
#1537=ORIENTED_EDGE('',*,*,#2416,.T.);
#1538=ORIENTED_EDGE('',*,*,#2429,.F.);
#1539=ORIENTED_EDGE('',*,*,#2617,.F.);
#1540=ORIENTED_EDGE('',*,*,#2331,.T.);
#1541=ORIENTED_EDGE('',*,*,#2213,.F.);
#1542=ORIENTED_EDGE('',*,*,#2414,.T.);
#1543=ORIENTED_EDGE('',*,*,#2079,.T.);
#1544=ORIENTED_EDGE('',*,*,#2362,.T.);
#1545=ORIENTED_EDGE('',*,*,#2223,.F.);
#1546=ORIENTED_EDGE('',*,*,#2412,.T.);
#1547=ORIENTED_EDGE('',*,*,#2076,.T.);
#1548=ORIENTED_EDGE('',*,*,#2413,.T.);
#1549=ORIENTED_EDGE('',*,*,#2634,.F.);
#1550=ORIENTED_EDGE('',*,*,#2631,.T.);
#1551=ORIENTED_EDGE('',*,*,#2423,.T.);
#1552=ORIENTED_EDGE('',*,*,#2001,.F.);
#1553=ORIENTED_EDGE('',*,*,#2534,.F.);
#1554=ORIENTED_EDGE('',*,*,#2334,.F.);
#1555=ORIENTED_EDGE('',*,*,#2619,.T.);
#1556=ORIENTED_EDGE('',*,*,#2426,.T.);
#1557=ORIENTED_EDGE('',*,*,#2501,.F.);
#1558=ORIENTED_EDGE('',*,*,#2504,.F.);
#1559=ORIENTED_EDGE('',*,*,#2635,.F.);
#1560=ORIENTED_EDGE('',*,*,#2612,.T.);
#1561=ORIENTED_EDGE('',*,*,#2068,.T.);
#1562=ORIENTED_EDGE('',*,*,#2509,.F.);
#1563=ORIENTED_EDGE('',*,*,#2325,.T.);
#1564=ORIENTED_EDGE('',*,*,#2324,.T.);
#1565=ORIENTED_EDGE('',*,*,#2636,.T.);
#1566=ORIENTED_EDGE('',*,*,#2438,.T.);
#1567=ORIENTED_EDGE('',*,*,#2437,.T.);
#1568=ORIENTED_EDGE('',*,*,#2323,.F.);
#1569=ORIENTED_EDGE('',*,*,#2508,.T.);
#1570=ORIENTED_EDGE('',*,*,#2439,.F.);
#1571=ORIENTED_EDGE('',*,*,#2636,.F.);
#1572=ORIENTED_EDGE('',*,*,#2361,.F.);
#1573=ORIENTED_EDGE('',*,*,#2339,.F.);
#1574=ORIENTED_EDGE('',*,*,#2637,.T.);
#1575=ORIENTED_EDGE('',*,*,#2187,.T.);
#1576=ORIENTED_EDGE('',*,*,#2341,.T.);
#1577=ORIENTED_EDGE('',*,*,#2360,.T.);
#1578=ORIENTED_EDGE('',*,*,#2188,.F.);
#1579=ORIENTED_EDGE('',*,*,#2637,.F.);
#1580=ORIENTED_EDGE('',*,*,#2224,.T.);
#1581=ORIENTED_EDGE('',*,*,#2443,.T.);
#1582=ORIENTED_EDGE('',*,*,#2088,.F.);
#1583=ORIENTED_EDGE('',*,*,#2500,.F.);
#1584=ORIENTED_EDGE('',*,*,#2083,.T.);
#1585=ORIENTED_EDGE('',*,*,#2638,.T.);
#1586=ORIENTED_EDGE('',*,*,#2218,.T.);
#1587=ORIENTED_EDGE('',*,*,#2470,.T.);
#1588=ORIENTED_EDGE('',*,*,#2082,.F.);
#1589=ORIENTED_EDGE('',*,*,#2639,.T.);
#1590=ORIENTED_EDGE('',*,*,#2219,.T.);
#1591=ORIENTED_EDGE('',*,*,#2638,.F.);
#1592=ORIENTED_EDGE('',*,*,#2415,.T.);
#1593=ORIENTED_EDGE('',*,*,#2220,.T.);
#1594=ORIENTED_EDGE('',*,*,#2639,.F.);
#1595=ORIENTED_EDGE('',*,*,#2081,.F.);
#1596=ORIENTED_EDGE('',*,*,#2202,.F.);
#1597=ORIENTED_EDGE('',*,*,#2478,.T.);
#1598=ORIENTED_EDGE('',*,*,#2349,.T.);
#1599=ORIENTED_EDGE('',*,*,#2479,.T.);
#1600=ORIENTED_EDGE('',*,*,#2200,.F.);
#1601=ORIENTED_EDGE('',*,*,#2476,.T.);
#1602=ORIENTED_EDGE('',*,*,#2353,.T.);
#1603=ORIENTED_EDGE('',*,*,#2477,.T.);
#1604=ORIENTED_EDGE('',*,*,#2198,.F.);
#1605=ORIENTED_EDGE('',*,*,#2474,.T.);
#1606=ORIENTED_EDGE('',*,*,#2351,.T.);
#1607=ORIENTED_EDGE('',*,*,#2475,.T.);
#1608=ORIENTED_EDGE('',*,*,#2204,.F.);
#1609=ORIENTED_EDGE('',*,*,#2472,.T.);
#1610=ORIENTED_EDGE('',*,*,#2355,.T.);
#1611=ORIENTED_EDGE('',*,*,#2473,.T.);
#1612=ORIENTED_EDGE('',*,*,#2305,.T.);
#1613=ORIENTED_EDGE('',*,*,#2640,.F.);
#1614=ORIENTED_EDGE('',*,*,#2165,.F.);
#1615=ORIENTED_EDGE('',*,*,#2641,.T.);
#1616=ORIENTED_EDGE('',*,*,#2304,.T.);
#1617=ORIENTED_EDGE('',*,*,#2410,.F.);
#1618=ORIENTED_EDGE('',*,*,#2166,.F.);
#1619=ORIENTED_EDGE('',*,*,#2640,.T.);
#1620=ORIENTED_EDGE('',*,*,#2306,.T.);
#1621=ORIENTED_EDGE('',*,*,#2641,.F.);
#1622=ORIENTED_EDGE('',*,*,#2164,.F.);
#1623=ORIENTED_EDGE('',*,*,#2408,.T.);
#1624=ORIENTED_EDGE('',*,*,#2313,.T.);
#1625=ORIENTED_EDGE('',*,*,#2642,.F.);
#1626=ORIENTED_EDGE('',*,*,#2173,.F.);
#1627=ORIENTED_EDGE('',*,*,#2643,.T.);
#1628=ORIENTED_EDGE('',*,*,#2312,.T.);
#1629=ORIENTED_EDGE('',*,*,#2406,.F.);
#1630=ORIENTED_EDGE('',*,*,#2174,.F.);
#1631=ORIENTED_EDGE('',*,*,#2642,.T.);
#1632=ORIENTED_EDGE('',*,*,#2314,.T.);
#1633=ORIENTED_EDGE('',*,*,#2643,.F.);
#1634=ORIENTED_EDGE('',*,*,#2172,.F.);
#1635=ORIENTED_EDGE('',*,*,#2404,.T.);
#1636=ORIENTED_EDGE('',*,*,#2321,.T.);
#1637=ORIENTED_EDGE('',*,*,#2644,.F.);
#1638=ORIENTED_EDGE('',*,*,#2181,.F.);
#1639=ORIENTED_EDGE('',*,*,#2645,.T.);
#1640=ORIENTED_EDGE('',*,*,#2320,.T.);
#1641=ORIENTED_EDGE('',*,*,#2402,.F.);
#1642=ORIENTED_EDGE('',*,*,#2182,.F.);
#1643=ORIENTED_EDGE('',*,*,#2644,.T.);
#1644=ORIENTED_EDGE('',*,*,#2322,.T.);
#1645=ORIENTED_EDGE('',*,*,#2645,.F.);
#1646=ORIENTED_EDGE('',*,*,#2180,.F.);
#1647=ORIENTED_EDGE('',*,*,#2400,.T.);
#1648=ORIENTED_EDGE('',*,*,#2281,.T.);
#1649=ORIENTED_EDGE('',*,*,#2646,.F.);
#1650=ORIENTED_EDGE('',*,*,#2141,.F.);
#1651=ORIENTED_EDGE('',*,*,#2647,.T.);
#1652=ORIENTED_EDGE('',*,*,#2280,.T.);
#1653=ORIENTED_EDGE('',*,*,#2398,.F.);
#1654=ORIENTED_EDGE('',*,*,#2142,.F.);
#1655=ORIENTED_EDGE('',*,*,#2646,.T.);
#1656=ORIENTED_EDGE('',*,*,#2282,.T.);
#1657=ORIENTED_EDGE('',*,*,#2647,.F.);
#1658=ORIENTED_EDGE('',*,*,#2140,.F.);
#1659=ORIENTED_EDGE('',*,*,#2396,.T.);
#1660=ORIENTED_EDGE('',*,*,#2289,.T.);
#1661=ORIENTED_EDGE('',*,*,#2648,.F.);
#1662=ORIENTED_EDGE('',*,*,#2149,.F.);
#1663=ORIENTED_EDGE('',*,*,#2649,.T.);
#1664=ORIENTED_EDGE('',*,*,#2288,.T.);
#1665=ORIENTED_EDGE('',*,*,#2394,.F.);
#1666=ORIENTED_EDGE('',*,*,#2150,.F.);
#1667=ORIENTED_EDGE('',*,*,#2648,.T.);
#1668=ORIENTED_EDGE('',*,*,#2290,.T.);
#1669=ORIENTED_EDGE('',*,*,#2649,.F.);
#1670=ORIENTED_EDGE('',*,*,#2148,.F.);
#1671=ORIENTED_EDGE('',*,*,#2392,.T.);
#1672=ORIENTED_EDGE('',*,*,#2297,.T.);
#1673=ORIENTED_EDGE('',*,*,#2650,.F.);
#1674=ORIENTED_EDGE('',*,*,#2157,.F.);
#1675=ORIENTED_EDGE('',*,*,#2651,.T.);
#1676=ORIENTED_EDGE('',*,*,#2296,.T.);
#1677=ORIENTED_EDGE('',*,*,#2390,.F.);
#1678=ORIENTED_EDGE('',*,*,#2158,.F.);
#1679=ORIENTED_EDGE('',*,*,#2650,.T.);
#1680=ORIENTED_EDGE('',*,*,#2298,.T.);
#1681=ORIENTED_EDGE('',*,*,#2651,.F.);
#1682=ORIENTED_EDGE('',*,*,#2156,.F.);
#1683=ORIENTED_EDGE('',*,*,#2388,.T.);
#1684=ORIENTED_EDGE('',*,*,#2257,.T.);
#1685=ORIENTED_EDGE('',*,*,#2652,.F.);
#1686=ORIENTED_EDGE('',*,*,#2117,.F.);
#1687=ORIENTED_EDGE('',*,*,#2653,.T.);
#1688=ORIENTED_EDGE('',*,*,#2256,.T.);
#1689=ORIENTED_EDGE('',*,*,#2386,.F.);
#1690=ORIENTED_EDGE('',*,*,#2118,.F.);
#1691=ORIENTED_EDGE('',*,*,#2652,.T.);
#1692=ORIENTED_EDGE('',*,*,#2258,.T.);
#1693=ORIENTED_EDGE('',*,*,#2653,.F.);
#1694=ORIENTED_EDGE('',*,*,#2116,.F.);
#1695=ORIENTED_EDGE('',*,*,#2384,.T.);
#1696=ORIENTED_EDGE('',*,*,#2265,.T.);
#1697=ORIENTED_EDGE('',*,*,#2654,.F.);
#1698=ORIENTED_EDGE('',*,*,#2125,.F.);
#1699=ORIENTED_EDGE('',*,*,#2655,.T.);
#1700=ORIENTED_EDGE('',*,*,#2264,.T.);
#1701=ORIENTED_EDGE('',*,*,#2382,.F.);
#1702=ORIENTED_EDGE('',*,*,#2126,.F.);
#1703=ORIENTED_EDGE('',*,*,#2654,.T.);
#1704=ORIENTED_EDGE('',*,*,#2266,.T.);
#1705=ORIENTED_EDGE('',*,*,#2655,.F.);
#1706=ORIENTED_EDGE('',*,*,#2124,.F.);
#1707=ORIENTED_EDGE('',*,*,#2380,.T.);
#1708=ORIENTED_EDGE('',*,*,#2273,.T.);
#1709=ORIENTED_EDGE('',*,*,#2656,.F.);
#1710=ORIENTED_EDGE('',*,*,#2133,.F.);
#1711=ORIENTED_EDGE('',*,*,#2657,.T.);
#1712=ORIENTED_EDGE('',*,*,#2272,.T.);
#1713=ORIENTED_EDGE('',*,*,#2378,.F.);
#1714=ORIENTED_EDGE('',*,*,#2134,.F.);
#1715=ORIENTED_EDGE('',*,*,#2656,.T.);
#1716=ORIENTED_EDGE('',*,*,#2274,.T.);
#1717=ORIENTED_EDGE('',*,*,#2657,.F.);
#1718=ORIENTED_EDGE('',*,*,#2132,.F.);
#1719=ORIENTED_EDGE('',*,*,#2376,.T.);
#1720=ORIENTED_EDGE('',*,*,#2233,.T.);
#1721=ORIENTED_EDGE('',*,*,#2658,.F.);
#1722=ORIENTED_EDGE('',*,*,#2093,.F.);
#1723=ORIENTED_EDGE('',*,*,#2659,.T.);
#1724=ORIENTED_EDGE('',*,*,#2232,.T.);
#1725=ORIENTED_EDGE('',*,*,#2374,.F.);
#1726=ORIENTED_EDGE('',*,*,#2094,.F.);
#1727=ORIENTED_EDGE('',*,*,#2658,.T.);
#1728=ORIENTED_EDGE('',*,*,#2234,.T.);
#1729=ORIENTED_EDGE('',*,*,#2659,.F.);
#1730=ORIENTED_EDGE('',*,*,#2092,.F.);
#1731=ORIENTED_EDGE('',*,*,#2372,.T.);
#1732=ORIENTED_EDGE('',*,*,#2241,.T.);
#1733=ORIENTED_EDGE('',*,*,#2660,.F.);
#1734=ORIENTED_EDGE('',*,*,#2101,.F.);
#1735=ORIENTED_EDGE('',*,*,#2661,.T.);
#1736=ORIENTED_EDGE('',*,*,#2240,.T.);
#1737=ORIENTED_EDGE('',*,*,#2370,.F.);
#1738=ORIENTED_EDGE('',*,*,#2102,.F.);
#1739=ORIENTED_EDGE('',*,*,#2660,.T.);
#1740=ORIENTED_EDGE('',*,*,#2242,.T.);
#1741=ORIENTED_EDGE('',*,*,#2661,.F.);
#1742=ORIENTED_EDGE('',*,*,#2100,.F.);
#1743=ORIENTED_EDGE('',*,*,#2368,.T.);
#1744=ORIENTED_EDGE('',*,*,#2250,.T.);
#1745=ORIENTED_EDGE('',*,*,#2662,.F.);
#1746=ORIENTED_EDGE('',*,*,#2108,.F.);
#1747=ORIENTED_EDGE('',*,*,#2364,.T.);
#1748=ORIENTED_EDGE('',*,*,#2248,.T.);
#1749=ORIENTED_EDGE('',*,*,#2366,.F.);
#1750=ORIENTED_EDGE('',*,*,#2110,.F.);
#1751=ORIENTED_EDGE('',*,*,#2663,.T.);
#1752=ORIENTED_EDGE('',*,*,#2249,.T.);
#1753=ORIENTED_EDGE('',*,*,#2663,.F.);
#1754=ORIENTED_EDGE('',*,*,#2109,.F.);
#1755=ORIENTED_EDGE('',*,*,#2662,.T.);
#1756=ORIENTED_EDGE('',*,*,#2664,.F.);
#1757=ORIENTED_EDGE('',*,*,#2585,.T.);
#1758=ORIENTED_EDGE('',*,*,#2665,.T.);
#1759=ORIENTED_EDGE('',*,*,#2666,.T.);
#1760=ORIENTED_EDGE('',*,*,#2667,.T.);
#1761=ORIENTED_EDGE('',*,*,#2611,.T.);
#1762=ORIENTED_EDGE('',*,*,#2668,.F.);
#1763=ORIENTED_EDGE('',*,*,#2669,.F.);
#1764=ORIENTED_EDGE('',*,*,#2670,.T.);
#1765=ORIENTED_EDGE('',*,*,#2666,.F.);
#1766=ORIENTED_EDGE('',*,*,#2671,.F.);
#1767=ORIENTED_EDGE('',*,*,#2669,.T.);
#1768=ORIENTED_EDGE('',*,*,#2665,.F.);
#1769=ORIENTED_EDGE('',*,*,#2580,.T.);
#1770=ORIENTED_EDGE('',*,*,#2609,.T.);
#1771=ORIENTED_EDGE('',*,*,#2667,.F.);
#1772=ORIENTED_EDGE('',*,*,#2671,.T.);
#1773=ORIENTED_EDGE('',*,*,#2051,.F.);
#1774=ORIENTED_EDGE('',*,*,#2664,.T.);
#1775=ORIENTED_EDGE('',*,*,#2670,.F.);
#1776=ORIENTED_EDGE('',*,*,#2668,.T.);
#1777=ORIENTED_EDGE('',*,*,#2610,.F.);
#1778=ORIENTED_EDGE('',*,*,#2672,.F.);
#1779=ORIENTED_EDGE('',*,*,#2605,.T.);
#1780=ORIENTED_EDGE('',*,*,#2673,.T.);
#1781=ORIENTED_EDGE('',*,*,#2603,.T.);
#1782=ORIENTED_EDGE('',*,*,#2674,.T.);
#1783=ORIENTED_EDGE('',*,*,#2596,.T.);
#1784=ORIENTED_EDGE('',*,*,#2675,.F.);
#1785=ORIENTED_EDGE('',*,*,#2676,.F.);
#1786=ORIENTED_EDGE('',*,*,#2677,.T.);
#1787=ORIENTED_EDGE('',*,*,#2678,.F.);
#1788=ORIENTED_EDGE('',*,*,#2679,.F.);
#1789=ORIENTED_EDGE('',*,*,#2676,.T.);
#1790=ORIENTED_EDGE('',*,*,#2680,.F.);
#1791=ORIENTED_EDGE('',*,*,#2601,.T.);
#1792=ORIENTED_EDGE('',*,*,#2681,.T.);
#1793=ORIENTED_EDGE('',*,*,#2678,.T.);
#1794=ORIENTED_EDGE('',*,*,#2681,.F.);
#1795=ORIENTED_EDGE('',*,*,#2600,.T.);
#1796=ORIENTED_EDGE('',*,*,#2673,.F.);
#1797=ORIENTED_EDGE('',*,*,#2604,.T.);
#1798=ORIENTED_EDGE('',*,*,#2598,.T.);
#1799=ORIENTED_EDGE('',*,*,#2674,.F.);
#1800=ORIENTED_EDGE('',*,*,#2679,.T.);
#1801=ORIENTED_EDGE('',*,*,#2602,.F.);
#1802=ORIENTED_EDGE('',*,*,#2680,.T.);
#1803=ORIENTED_EDGE('',*,*,#2677,.F.);
#1804=ORIENTED_EDGE('',*,*,#2675,.T.);
#1805=ORIENTED_EDGE('',*,*,#2055,.F.);
#1806=ORIENTED_EDGE('',*,*,#2606,.F.);
#1807=ORIENTED_EDGE('',*,*,#2672,.T.);
#1808=ORIENTED_EDGE('',*,*,#2590,.T.);
#1809=ORIENTED_EDGE('',*,*,#2682,.T.);
#1810=ORIENTED_EDGE('',*,*,#2683,.F.);
#1811=ORIENTED_EDGE('',*,*,#2684,.F.);
#1812=ORIENTED_EDGE('',*,*,#2594,.F.);
#1813=ORIENTED_EDGE('',*,*,#2685,.F.);
#1814=ORIENTED_EDGE('',*,*,#2683,.T.);
#1815=ORIENTED_EDGE('',*,*,#2686,.T.);
#1816=ORIENTED_EDGE('',*,*,#2685,.T.);
#1817=ORIENTED_EDGE('',*,*,#2593,.T.);
#1818=ORIENTED_EDGE('',*,*,#2684,.T.);
#1819=ORIENTED_EDGE('',*,*,#2595,.F.);
#1820=ORIENTED_EDGE('',*,*,#2686,.F.);
#1821=ORIENTED_EDGE('',*,*,#2682,.F.);
#1822=ORIENTED_EDGE('',*,*,#2588,.F.);
#1823=ORIENTED_EDGE('',*,*,#2687,.T.);
#1824=ORIENTED_EDGE('',*,*,#2688,.F.);
#1825=ORIENTED_EDGE('',*,*,#2689,.F.);
#1826=ORIENTED_EDGE('',*,*,#2592,.F.);
#1827=ORIENTED_EDGE('',*,*,#2690,.F.);
#1828=ORIENTED_EDGE('',*,*,#2688,.T.);
#1829=ORIENTED_EDGE('',*,*,#2691,.T.);
#1830=ORIENTED_EDGE('',*,*,#2690,.T.);
#1831=ORIENTED_EDGE('',*,*,#2583,.T.);
#1832=ORIENTED_EDGE('',*,*,#2689,.T.);
#1833=ORIENTED_EDGE('',*,*,#2587,.F.);
#1834=ORIENTED_EDGE('',*,*,#2691,.F.);
#1835=ORIENTED_EDGE('',*,*,#2687,.F.);
#1836=ORIENTED_EDGE('',*,*,#2692,.T.);
#1837=ORIENTED_EDGE('',*,*,#2693,.F.);
#1838=ORIENTED_EDGE('',*,*,#2694,.F.);
#1839=ORIENTED_EDGE('',*,*,#2480,.T.);
#1840=ORIENTED_EDGE('',*,*,#2695,.T.);
#1841=ORIENTED_EDGE('',*,*,#2498,.F.);
#1842=ORIENTED_EDGE('',*,*,#2696,.F.);
#1843=ORIENTED_EDGE('',*,*,#2693,.T.);
#1844=ORIENTED_EDGE('',*,*,#2499,.T.);
#1845=ORIENTED_EDGE('',*,*,#2694,.T.);
#1846=ORIENTED_EDGE('',*,*,#2696,.T.);
#1847=ORIENTED_EDGE('',*,*,#2047,.F.);
#1848=ORIENTED_EDGE('',*,*,#2695,.F.);
#1849=ORIENTED_EDGE('',*,*,#2692,.F.);
#1850=ORIENTED_EDGE('',*,*,#2697,.F.);
#1851=ORIENTED_EDGE('',*,*,#2698,.F.);
#1852=ORIENTED_EDGE('',*,*,#2699,.T.);
#1853=ORIENTED_EDGE('',*,*,#2496,.T.);
#1854=ORIENTED_EDGE('',*,*,#2700,.T.);
#1855=ORIENTED_EDGE('',*,*,#2493,.F.);
#1856=ORIENTED_EDGE('',*,*,#2701,.F.);
#1857=ORIENTED_EDGE('',*,*,#2698,.T.);
#1858=ORIENTED_EDGE('',*,*,#2699,.F.);
#1859=ORIENTED_EDGE('',*,*,#2701,.T.);
#1860=ORIENTED_EDGE('',*,*,#2494,.T.);
#1861=ORIENTED_EDGE('',*,*,#2697,.T.);
#1862=ORIENTED_EDGE('',*,*,#2043,.F.);
#1863=ORIENTED_EDGE('',*,*,#2700,.F.);
#1864=ORIENTED_EDGE('',*,*,#2702,.F.);
#1865=ORIENTED_EDGE('',*,*,#2488,.F.);
#1866=ORIENTED_EDGE('',*,*,#2703,.T.);
#1867=ORIENTED_EDGE('',*,*,#2704,.T.);
#1868=ORIENTED_EDGE('',*,*,#2705,.F.);
#1869=ORIENTED_EDGE('',*,*,#2704,.F.);
#1870=ORIENTED_EDGE('',*,*,#2706,.T.);
#1871=ORIENTED_EDGE('',*,*,#2491,.T.);
#1872=ORIENTED_EDGE('',*,*,#2703,.F.);
#1873=ORIENTED_EDGE('',*,*,#2489,.T.);
#1874=ORIENTED_EDGE('',*,*,#2706,.F.);
#1875=ORIENTED_EDGE('',*,*,#2702,.T.);
#1876=ORIENTED_EDGE('',*,*,#2705,.T.);
#1877=ORIENTED_EDGE('',*,*,#2039,.F.);
#1878=ORIENTED_EDGE('',*,*,#2707,.F.);
#1879=ORIENTED_EDGE('',*,*,#2483,.F.);
#1880=ORIENTED_EDGE('',*,*,#2708,.T.);
#1881=ORIENTED_EDGE('',*,*,#2709,.T.);
#1882=ORIENTED_EDGE('',*,*,#2710,.T.);
#1883=ORIENTED_EDGE('',*,*,#2709,.F.);
#1884=ORIENTED_EDGE('',*,*,#2711,.F.);
#1885=ORIENTED_EDGE('',*,*,#2486,.T.);
#1886=ORIENTED_EDGE('',*,*,#2708,.F.);
#1887=ORIENTED_EDGE('',*,*,#2484,.T.);
#1888=ORIENTED_EDGE('',*,*,#2711,.T.);
#1889=ORIENTED_EDGE('',*,*,#2707,.T.);
#1890=ORIENTED_EDGE('',*,*,#2710,.F.);
#1891=ORIENTED_EDGE('',*,*,#2035,.F.);
#1892=ORIENTED_EDGE('',*,*,#2513,.T.);
#1893=ORIENTED_EDGE('',*,*,#2568,.T.);
#1894=ORIENTED_EDGE('',*,*,#2712,.F.);
#1895=ORIENTED_EDGE('',*,*,#2713,.T.);
#1896=ORIENTED_EDGE('',*,*,#2714,.F.);
#1897=ORIENTED_EDGE('',*,*,#2715,.F.);
#1898=ORIENTED_EDGE('',*,*,#2712,.T.);
#1899=ORIENTED_EDGE('',*,*,#2567,.F.);
#1900=ORIENTED_EDGE('',*,*,#2566,.F.);
#1901=ORIENTED_EDGE('',*,*,#2635,.T.);
#1902=ORIENTED_EDGE('',*,*,#2503,.F.);
#1903=ORIENTED_EDGE('',*,*,#2536,.T.);
#1904=ORIENTED_EDGE('',*,*,#2538,.T.);
#1905=ORIENTED_EDGE('',*,*,#2541,.T.);
#1906=ORIENTED_EDGE('',*,*,#2579,.F.);
#1907=ORIENTED_EDGE('',*,*,#2577,.T.);
#1908=ORIENTED_EDGE('',*,*,#2576,.T.);
#1909=ORIENTED_EDGE('',*,*,#2546,.T.);
#1910=ORIENTED_EDGE('',*,*,#2545,.T.);
#1911=ORIENTED_EDGE('',*,*,#2544,.T.);
#1912=ORIENTED_EDGE('',*,*,#2543,.T.);
#1913=ORIENTED_EDGE('',*,*,#2542,.T.);
#1914=ORIENTED_EDGE('',*,*,#2554,.F.);
#1915=ORIENTED_EDGE('',*,*,#2553,.F.);
#1916=ORIENTED_EDGE('',*,*,#2552,.F.);
#1917=ORIENTED_EDGE('',*,*,#2421,.T.);
#1918=ORIENTED_EDGE('',*,*,#2633,.F.);
#1919=ORIENTED_EDGE('',*,*,#2615,.F.);
#1920=ORIENTED_EDGE('',*,*,#2613,.F.);
#1921=ORIENTED_EDGE('',*,*,#2715,.T.);
#1922=ORIENTED_EDGE('',*,*,#2716,.F.);
#1923=ORIENTED_EDGE('',*,*,#2717,.T.);
#1924=ORIENTED_EDGE('',*,*,#2025,.T.);
#1925=ORIENTED_EDGE('',*,*,#2033,.T.);
#1926=ORIENTED_EDGE('',*,*,#2558,.T.);
#1927=ORIENTED_EDGE('',*,*,#2562,.F.);
#1928=ORIENTED_EDGE('',*,*,#2564,.F.);
#1929=ORIENTED_EDGE('',*,*,#2514,.F.);
#1930=ORIENTED_EDGE('',*,*,#2713,.F.);
#1931=ORIENTED_EDGE('',*,*,#2575,.F.);
#1932=ORIENTED_EDGE('',*,*,#2026,.F.);
#1933=ORIENTED_EDGE('',*,*,#2717,.F.);
#1934=ORIENTED_EDGE('',*,*,#2718,.T.);
#1935=ORIENTED_EDGE('',*,*,#2716,.T.);
#1936=ORIENTED_EDGE('',*,*,#2714,.T.);
#1937=ORIENTED_EDGE('',*,*,#2565,.T.);
#1938=ORIENTED_EDGE('',*,*,#2718,.F.);
#1939=ORIENTED_EDGE('',*,*,#2630,.T.);
#1940=ORIENTED_EDGE('',*,*,#2634,.T.);
#1941=ORIENTED_EDGE('',*,*,#2000,.T.);
#1942=ORIENTED_EDGE('',*,*,#2004,.F.);
#1943=ORIENTED_EDGE('',*,*,#1976,.F.);
#1944=ORIENTED_EDGE('',*,*,#1980,.F.);
#1945=ORIENTED_EDGE('',*,*,#1983,.F.);
#1946=ORIENTED_EDGE('',*,*,#1986,.F.);
#1947=ORIENTED_EDGE('',*,*,#1989,.F.);
#1948=ORIENTED_EDGE('',*,*,#1992,.F.);
#1949=ORIENTED_EDGE('',*,*,#1995,.F.);
#1950=ORIENTED_EDGE('',*,*,#1998,.F.);
#1951=ORIENTED_EDGE('',*,*,#2028,.T.);
#1952=ORIENTED_EDGE('',*,*,#2007,.T.);
#1953=ORIENTED_EDGE('',*,*,#2011,.T.);
#1954=ORIENTED_EDGE('',*,*,#2014,.T.);
#1955=ORIENTED_EDGE('',*,*,#2017,.T.);
#1956=ORIENTED_EDGE('',*,*,#2020,.T.);
#1957=ORIENTED_EDGE('',*,*,#2023,.F.);
#1958=ORIENTED_EDGE('',*,*,#2629,.F.);
#1959=ORIENTED_EDGE('',*,*,#2627,.F.);
#1960=ORIENTED_EDGE('',*,*,#2625,.F.);
#1961=ORIENTED_EDGE('',*,*,#2623,.F.);
#1962=ORIENTED_EDGE('',*,*,#2620,.F.);
#1963=ORIENTED_EDGE('',*,*,#2632,.F.);
#1964=ORIENTED_EDGE('',*,*,#2531,.T.);
#1965=ORIENTED_EDGE('',*,*,#2528,.T.);
#1966=ORIENTED_EDGE('',*,*,#2525,.T.);
#1967=ORIENTED_EDGE('',*,*,#2522,.T.);
#1968=ORIENTED_EDGE('',*,*,#2519,.T.);
#1969=ORIENTED_EDGE('',*,*,#2516,.T.);
#1970=ORIENTED_EDGE('',*,*,#2510,.T.);
#1971=ORIENTED_EDGE('',*,*,#2563,.T.);
#1972=ORIENTED_EDGE('',*,*,#2559,.T.);
#1973=ORIENTED_EDGE('',*,*,#2555,.F.);
#1974=ORIENTED_EDGE('',*,*,#2030,.F.);
#1975=EDGE_CURVE('',#2719,#2720,#3217,.T.);
#1976=EDGE_CURVE('',#2719,#2721,#364,.T.);
#1977=EDGE_CURVE('',#2721,#2722,#3218,.T.);
#1978=EDGE_CURVE('',#2720,#2722,#365,.T.);
#1979=EDGE_CURVE('',#2723,#2724,#3219,.T.);
#1980=EDGE_CURVE('',#2723,#2719,#3220,.T.);
#1981=EDGE_CURVE('',#2724,#2720,#3221,.T.);
#1982=EDGE_CURVE('',#2725,#2726,#3222,.T.);
#1983=EDGE_CURVE('',#2725,#2723,#3223,.T.);
#1984=EDGE_CURVE('',#2726,#2724,#3224,.T.);
#1985=EDGE_CURVE('',#2727,#2728,#3225,.T.);
#1986=EDGE_CURVE('',#2727,#2725,#3226,.T.);
#1987=EDGE_CURVE('',#2728,#2726,#3227,.T.);
#1988=EDGE_CURVE('',#2729,#2730,#3228,.T.);
#1989=EDGE_CURVE('',#2729,#2727,#3229,.T.);
#1990=EDGE_CURVE('',#2730,#2728,#3230,.T.);
#1991=EDGE_CURVE('',#2731,#2732,#3231,.T.);
#1992=EDGE_CURVE('',#2731,#2729,#3232,.T.);
#1993=EDGE_CURVE('',#2732,#2730,#3233,.T.);
#1994=EDGE_CURVE('',#2733,#2734,#3234,.T.);
#1995=EDGE_CURVE('',#2733,#2731,#3235,.T.);
#1996=EDGE_CURVE('',#2734,#2732,#3236,.T.);
#1997=EDGE_CURVE('',#2735,#2736,#3237,.T.);
#1998=EDGE_CURVE('',#2735,#2733,#3238,.T.);
#1999=EDGE_CURVE('',#2736,#2734,#3239,.T.);
#2000=EDGE_CURVE('',#2737,#2738,#3240,.T.);
#2001=EDGE_CURVE('',#2737,#2739,#3241,.T.);
#2002=EDGE_CURVE('',#2739,#2740,#3242,.T.);
#2003=EDGE_CURVE('',#2738,#2740,#3243,.T.);
#2004=EDGE_CURVE('',#2721,#2738,#3244,.F.);
#2005=EDGE_CURVE('',#2722,#2740,#3245,.T.);
#2006=EDGE_CURVE('',#2741,#2742,#3246,.T.);
#2007=EDGE_CURVE('',#2743,#2741,#3247,.T.);
#2008=EDGE_CURVE('',#2743,#2744,#3248,.T.);
#2009=EDGE_CURVE('',#2744,#2742,#3249,.T.);
#2010=EDGE_CURVE('',#2745,#2746,#3250,.T.);
#2011=EDGE_CURVE('',#2741,#2745,#3251,.T.);
#2012=EDGE_CURVE('',#2742,#2746,#3252,.T.);
#2013=EDGE_CURVE('',#2747,#2748,#3253,.T.);
#2014=EDGE_CURVE('',#2745,#2747,#3254,.T.);
#2015=EDGE_CURVE('',#2746,#2748,#3255,.T.);
#2016=EDGE_CURVE('',#2749,#2750,#3256,.T.);
#2017=EDGE_CURVE('',#2747,#2749,#3257,.T.);
#2018=EDGE_CURVE('',#2748,#2750,#3258,.T.);
#2019=EDGE_CURVE('',#2751,#2752,#3259,.T.);
#2020=EDGE_CURVE('',#2749,#2751,#3260,.T.);
#2021=EDGE_CURVE('',#2750,#2752,#3261,.T.);
#2022=EDGE_CURVE('',#2753,#2754,#3262,.T.);
#2023=EDGE_CURVE('',#2754,#2755,#3263,.T.);
#2024=EDGE_CURVE('',#2756,#2755,#3264,.T.);
#2025=EDGE_CURVE('',#2757,#2756,#3265,.T.);
#2026=EDGE_CURVE('',#2757,#2758,#3266,.T.);
#2027=EDGE_CURVE('',#2753,#2758,#3267,.T.);
#2028=EDGE_CURVE('',#2735,#2743,#3268,.T.);
#2029=EDGE_CURVE('',#2736,#2744,#3269,.T.);
#2030=EDGE_CURVE('',#2755,#2759,#366,.T.);
#2031=EDGE_CURVE('',#2760,#2759,#3270,.T.);
#2032=EDGE_CURVE('',#2761,#2760,#3271,.T.);
#2033=EDGE_CURVE('',#2756,#2761,#367,.T.);
#2034=EDGE_CURVE('',#2762,#2763,#3272,.T.);
#2035=EDGE_CURVE('',#2762,#2764,#368,.T.);
#2036=EDGE_CURVE('',#2764,#2765,#3273,.T.);
#2037=EDGE_CURVE('',#2763,#2765,#369,.T.);
#2038=EDGE_CURVE('',#2766,#2767,#3274,.T.);
#2039=EDGE_CURVE('',#2766,#2768,#370,.T.);
#2040=EDGE_CURVE('',#2768,#2769,#3275,.T.);
#2041=EDGE_CURVE('',#2767,#2769,#371,.T.);
#2042=EDGE_CURVE('',#2770,#2771,#3276,.T.);
#2043=EDGE_CURVE('',#2770,#2772,#372,.T.);
#2044=EDGE_CURVE('',#2772,#2773,#3277,.T.);
#2045=EDGE_CURVE('',#2771,#2773,#373,.T.);
#2046=EDGE_CURVE('',#2774,#2775,#3278,.T.);
#2047=EDGE_CURVE('',#2774,#2776,#374,.T.);
#2048=EDGE_CURVE('',#2776,#2777,#3279,.T.);
#2049=EDGE_CURVE('',#2775,#2777,#375,.T.);
#2050=EDGE_CURVE('',#2778,#2779,#376,.F.);
#2051=EDGE_CURVE('',#2778,#2780,#12,.T.);
#2052=EDGE_CURVE('',#2780,#2781,#3280,.T.);
#2053=EDGE_CURVE('',#2781,#2779,#13,.T.);
#2054=EDGE_CURVE('',#2782,#2783,#3281,.T.);
#2055=EDGE_CURVE('',#2782,#2784,#14,.T.);
#2056=EDGE_CURVE('',#2784,#2785,#377,.T.);
#2057=EDGE_CURVE('',#2785,#2783,#15,.T.);
#2058=EDGE_CURVE('',#2786,#2787,#378,.F.);
#2059=EDGE_CURVE('',#2788,#2786,#379,.F.);
#2060=EDGE_CURVE('',#2788,#2789,#380,.F.);
#2061=EDGE_CURVE('',#2789,#2790,#381,.F.);
#2062=EDGE_CURVE('',#2790,#2791,#382,.F.);
#2063=EDGE_CURVE('',#2792,#2791,#383,.T.);
#2064=EDGE_CURVE('',#2793,#2792,#384,.T.);
#2065=EDGE_CURVE('',#2794,#2793,#3282,.T.);
#2066=EDGE_CURVE('',#2795,#2794,#3283,.T.);
#2067=EDGE_CURVE('',#2795,#2796,#385,.T.);
#2068=EDGE_CURVE('',#2797,#2796,#386,.T.);
#2069=EDGE_CURVE('',#2797,#2798,#3284,.T.);
#2070=EDGE_CURVE('',#2798,#2799,#3285,.T.);
#2071=EDGE_CURVE('',#2799,#2800,#387,.T.);
#2072=EDGE_CURVE('',#2800,#2801,#388,.F.);
#2073=EDGE_CURVE('',#2802,#2801,#389,.F.);
#2074=EDGE_CURVE('',#2803,#2802,#390,.F.);
#2075=EDGE_CURVE('',#2803,#2787,#391,.T.);
#2076=EDGE_CURVE('',#2804,#2805,#392,.T.);
#2077=EDGE_CURVE('',#2804,#2805,#393,.T.);
#2078=EDGE_CURVE('',#2806,#2807,#3286,.T.);
#2079=EDGE_CURVE('',#2808,#2806,#394,.T.);
#2080=EDGE_CURVE('',#2808,#2809,#395,.T.);
#2081=EDGE_CURVE('',#2809,#2810,#3287,.T.);
#2082=EDGE_CURVE('',#2810,#2811,#3288,.T.);
#2083=EDGE_CURVE('',#2812,#2811,#16,.T.);
#2084=EDGE_CURVE('',#2812,#2813,#3289,.T.);
#2085=EDGE_CURVE('',#2813,#2814,#17,.T.);
#2086=EDGE_CURVE('',#2807,#2814,#3290,.T.);
#2087=EDGE_CURVE('',#2815,#2816,#18,.T.);
#2088=EDGE_CURVE('',#2816,#2817,#19,.T.);
#2089=EDGE_CURVE('',#2815,#2817,#20,.T.);
#2090=EDGE_CURVE('',#2818,#2819,#21,.T.);
#2091=EDGE_CURVE('',#2818,#2820,#3291,.T.);
#2092=EDGE_CURVE('',#2820,#2821,#22,.T.);
#2093=EDGE_CURVE('',#2821,#2822,#3292,.T.);
#2094=EDGE_CURVE('',#2822,#2823,#23,.T.);
#2095=EDGE_CURVE('',#2824,#2823,#3293,.T.);
#2096=EDGE_CURVE('',#2825,#2824,#24,.T.);
#2097=EDGE_CURVE('',#2819,#2825,#3294,.T.);
#2098=EDGE_CURVE('',#2826,#2827,#25,.T.);
#2099=EDGE_CURVE('',#2826,#2828,#3295,.T.);
#2100=EDGE_CURVE('',#2828,#2829,#26,.T.);
#2101=EDGE_CURVE('',#2829,#2830,#3296,.T.);
#2102=EDGE_CURVE('',#2830,#2831,#27,.T.);
#2103=EDGE_CURVE('',#2832,#2831,#3297,.T.);
#2104=EDGE_CURVE('',#2833,#2832,#28,.T.);
#2105=EDGE_CURVE('',#2827,#2833,#3298,.T.);
#2106=EDGE_CURVE('',#2834,#2835,#29,.T.);
#2107=EDGE_CURVE('',#2834,#2836,#3299,.T.);
#2108=EDGE_CURVE('',#2836,#2837,#30,.T.);
#2109=EDGE_CURVE('',#2837,#2838,#3300,.T.);
#2110=EDGE_CURVE('',#2838,#2839,#31,.T.);
#2111=EDGE_CURVE('',#2840,#2839,#3301,.T.);
#2112=EDGE_CURVE('',#2841,#2840,#32,.T.);
#2113=EDGE_CURVE('',#2835,#2841,#3302,.T.);
#2114=EDGE_CURVE('',#2842,#2843,#33,.T.);
#2115=EDGE_CURVE('',#2842,#2844,#3303,.T.);
#2116=EDGE_CURVE('',#2844,#2845,#34,.T.);
#2117=EDGE_CURVE('',#2845,#2846,#3304,.T.);
#2118=EDGE_CURVE('',#2846,#2847,#35,.T.);
#2119=EDGE_CURVE('',#2848,#2847,#3305,.T.);
#2120=EDGE_CURVE('',#2849,#2848,#36,.T.);
#2121=EDGE_CURVE('',#2843,#2849,#3306,.T.);
#2122=EDGE_CURVE('',#2850,#2851,#37,.T.);
#2123=EDGE_CURVE('',#2850,#2852,#3307,.T.);
#2124=EDGE_CURVE('',#2852,#2853,#38,.T.);
#2125=EDGE_CURVE('',#2853,#2854,#3308,.T.);
#2126=EDGE_CURVE('',#2854,#2855,#39,.T.);
#2127=EDGE_CURVE('',#2856,#2855,#3309,.T.);
#2128=EDGE_CURVE('',#2857,#2856,#40,.T.);
#2129=EDGE_CURVE('',#2851,#2857,#3310,.T.);
#2130=EDGE_CURVE('',#2858,#2859,#41,.T.);
#2131=EDGE_CURVE('',#2858,#2860,#3311,.T.);
#2132=EDGE_CURVE('',#2860,#2861,#42,.T.);
#2133=EDGE_CURVE('',#2861,#2862,#3312,.T.);
#2134=EDGE_CURVE('',#2862,#2863,#43,.T.);
#2135=EDGE_CURVE('',#2864,#2863,#3313,.T.);
#2136=EDGE_CURVE('',#2865,#2864,#44,.T.);
#2137=EDGE_CURVE('',#2859,#2865,#3314,.T.);
#2138=EDGE_CURVE('',#2866,#2867,#45,.T.);
#2139=EDGE_CURVE('',#2866,#2868,#3315,.T.);
#2140=EDGE_CURVE('',#2868,#2869,#46,.T.);
#2141=EDGE_CURVE('',#2869,#2870,#3316,.T.);
#2142=EDGE_CURVE('',#2870,#2871,#47,.T.);
#2143=EDGE_CURVE('',#2872,#2871,#3317,.T.);
#2144=EDGE_CURVE('',#2873,#2872,#48,.T.);
#2145=EDGE_CURVE('',#2867,#2873,#3318,.T.);
#2146=EDGE_CURVE('',#2874,#2875,#49,.T.);
#2147=EDGE_CURVE('',#2874,#2876,#3319,.T.);
#2148=EDGE_CURVE('',#2876,#2877,#50,.T.);
#2149=EDGE_CURVE('',#2877,#2878,#3320,.T.);
#2150=EDGE_CURVE('',#2878,#2879,#51,.T.);
#2151=EDGE_CURVE('',#2880,#2879,#3321,.T.);
#2152=EDGE_CURVE('',#2881,#2880,#52,.T.);
#2153=EDGE_CURVE('',#2875,#2881,#3322,.T.);
#2154=EDGE_CURVE('',#2882,#2883,#53,.T.);
#2155=EDGE_CURVE('',#2882,#2884,#3323,.T.);
#2156=EDGE_CURVE('',#2884,#2885,#54,.T.);
#2157=EDGE_CURVE('',#2885,#2886,#3324,.T.);
#2158=EDGE_CURVE('',#2886,#2887,#55,.T.);
#2159=EDGE_CURVE('',#2888,#2887,#3325,.T.);
#2160=EDGE_CURVE('',#2889,#2888,#56,.T.);
#2161=EDGE_CURVE('',#2883,#2889,#3326,.T.);
#2162=EDGE_CURVE('',#2890,#2891,#57,.T.);
#2163=EDGE_CURVE('',#2890,#2892,#3327,.T.);
#2164=EDGE_CURVE('',#2892,#2893,#58,.T.);
#2165=EDGE_CURVE('',#2893,#2894,#3328,.T.);
#2166=EDGE_CURVE('',#2894,#2895,#59,.T.);
#2167=EDGE_CURVE('',#2896,#2895,#3329,.T.);
#2168=EDGE_CURVE('',#2897,#2896,#60,.T.);
#2169=EDGE_CURVE('',#2891,#2897,#3330,.T.);
#2170=EDGE_CURVE('',#2898,#2899,#61,.T.);
#2171=EDGE_CURVE('',#2898,#2900,#3331,.T.);
#2172=EDGE_CURVE('',#2900,#2901,#62,.T.);
#2173=EDGE_CURVE('',#2901,#2902,#3332,.T.);
#2174=EDGE_CURVE('',#2902,#2903,#63,.T.);
#2175=EDGE_CURVE('',#2904,#2903,#3333,.T.);
#2176=EDGE_CURVE('',#2905,#2904,#64,.T.);
#2177=EDGE_CURVE('',#2899,#2905,#3334,.T.);
#2178=EDGE_CURVE('',#2906,#2907,#65,.T.);
#2179=EDGE_CURVE('',#2906,#2908,#3335,.T.);
#2180=EDGE_CURVE('',#2908,#2909,#66,.T.);
#2181=EDGE_CURVE('',#2909,#2910,#3336,.T.);
#2182=EDGE_CURVE('',#2910,#2911,#67,.T.);
#2183=EDGE_CURVE('',#2912,#2911,#3337,.T.);
#2184=EDGE_CURVE('',#2913,#2912,#68,.T.);
#2185=EDGE_CURVE('',#2907,#2913,#3338,.T.);
#2186=EDGE_CURVE('',#2914,#2915,#69,.T.);
#2187=EDGE_CURVE('',#2916,#2914,#70,.T.);
#2188=EDGE_CURVE('',#2916,#2915,#71,.T.);
#2189=EDGE_CURVE('',#2917,#2918,#396,.T.);
#2190=EDGE_CURVE('',#2918,#2919,#72,.T.);
#2191=EDGE_CURVE('',#2919,#2920,#397,.T.);
#2192=EDGE_CURVE('',#2920,#2921,#3339,.F.);
#2193=EDGE_CURVE('',#2921,#2922,#398,.T.);
#2194=EDGE_CURVE('',#2922,#2923,#73,.T.);
#2195=EDGE_CURVE('',#2923,#2924,#399,.T.);
#2196=EDGE_CURVE('',#2924,#2917,#3340,.F.);
#2197=EDGE_CURVE('',#2925,#2926,#74,.T.);
#2198=EDGE_CURVE('',#2925,#2926,#75,.T.);
#2199=EDGE_CURVE('',#2927,#2928,#76,.T.);
#2200=EDGE_CURVE('',#2927,#2928,#77,.T.);
#2201=EDGE_CURVE('',#2929,#2930,#78,.T.);
#2202=EDGE_CURVE('',#2929,#2930,#79,.T.);
#2203=EDGE_CURVE('',#2931,#2932,#80,.T.);
#2204=EDGE_CURVE('',#2931,#2932,#81,.T.);
#2205=EDGE_CURVE('',#2933,#2934,#400,.T.);
#2206=EDGE_CURVE('',#2935,#2933,#3341,.F.);
#2207=EDGE_CURVE('',#2936,#2935,#401,.T.);
#2208=EDGE_CURVE('',#2937,#2936,#82,.T.);
#2209=EDGE_CURVE('',#2938,#2937,#402,.T.);
#2210=EDGE_CURVE('',#2939,#2938,#3342,.T.);
#2211=EDGE_CURVE('',#2940,#2939,#403,.T.);
#2212=EDGE_CURVE('',#2934,#2940,#83,.T.);
#2213=EDGE_CURVE('',#2941,#2942,#404,.T.);
#2214=EDGE_CURVE('',#2942,#2943,#3343,.T.);
#2215=EDGE_CURVE('',#2943,#2944,#3344,.T.);
#2216=EDGE_CURVE('',#2944,#2945,#84,.F.);
#2217=EDGE_CURVE('',#2946,#2945,#3345,.T.);
#2218=EDGE_CURVE('',#2947,#2946,#85,.F.);
#2219=EDGE_CURVE('',#2948,#2947,#3346,.T.);
#2220=EDGE_CURVE('',#2949,#2948,#3347,.T.);
#2221=EDGE_CURVE('',#2941,#2949,#405,.T.);
#2222=EDGE_CURVE('',#2950,#2951,#406,.T.);
#2223=EDGE_CURVE('',#2950,#2951,#407,.T.);
#2224=EDGE_CURVE('',#2952,#2953,#86,.T.);
#2225=EDGE_CURVE('',#2954,#2952,#87,.T.);
#2226=EDGE_CURVE('',#2954,#2953,#88,.T.);
#2227=EDGE_CURVE('',#2955,#2956,#3348,.T.);
#2228=EDGE_CURVE('',#2955,#2957,#89,.T.);
#2229=EDGE_CURVE('',#2957,#2958,#3349,.T.);
#2230=EDGE_CURVE('',#2958,#2959,#90,.T.);
#2231=EDGE_CURVE('',#2959,#2960,#3350,.T.);
#2232=EDGE_CURVE('',#2961,#2960,#91,.T.);
#2233=EDGE_CURVE('',#2962,#2961,#3351,.T.);
#2234=EDGE_CURVE('',#2956,#2962,#92,.T.);
#2235=EDGE_CURVE('',#2963,#2964,#3352,.T.);
#2236=EDGE_CURVE('',#2963,#2965,#93,.T.);
#2237=EDGE_CURVE('',#2965,#2966,#3353,.T.);
#2238=EDGE_CURVE('',#2966,#2967,#94,.T.);
#2239=EDGE_CURVE('',#2967,#2968,#3354,.T.);
#2240=EDGE_CURVE('',#2969,#2968,#95,.T.);
#2241=EDGE_CURVE('',#2970,#2969,#3355,.T.);
#2242=EDGE_CURVE('',#2964,#2970,#96,.T.);
#2243=EDGE_CURVE('',#2971,#2972,#3356,.T.);
#2244=EDGE_CURVE('',#2971,#2973,#97,.T.);
#2245=EDGE_CURVE('',#2973,#2974,#3357,.T.);
#2246=EDGE_CURVE('',#2974,#2975,#98,.T.);
#2247=EDGE_CURVE('',#2975,#2976,#3358,.T.);
#2248=EDGE_CURVE('',#2977,#2976,#99,.T.);
#2249=EDGE_CURVE('',#2978,#2977,#3359,.T.);
#2250=EDGE_CURVE('',#2972,#2978,#100,.T.);
#2251=EDGE_CURVE('',#2979,#2980,#3360,.T.);
#2252=EDGE_CURVE('',#2979,#2981,#101,.T.);
#2253=EDGE_CURVE('',#2981,#2982,#3361,.T.);
#2254=EDGE_CURVE('',#2982,#2983,#102,.T.);
#2255=EDGE_CURVE('',#2983,#2984,#3362,.T.);
#2256=EDGE_CURVE('',#2985,#2984,#103,.T.);
#2257=EDGE_CURVE('',#2986,#2985,#3363,.T.);
#2258=EDGE_CURVE('',#2980,#2986,#104,.T.);
#2259=EDGE_CURVE('',#2987,#2988,#3364,.T.);
#2260=EDGE_CURVE('',#2987,#2989,#105,.T.);
#2261=EDGE_CURVE('',#2989,#2990,#3365,.T.);
#2262=EDGE_CURVE('',#2990,#2991,#106,.T.);
#2263=EDGE_CURVE('',#2991,#2992,#3366,.T.);
#2264=EDGE_CURVE('',#2993,#2992,#107,.T.);
#2265=EDGE_CURVE('',#2994,#2993,#3367,.T.);
#2266=EDGE_CURVE('',#2988,#2994,#108,.T.);
#2267=EDGE_CURVE('',#2995,#2996,#3368,.T.);
#2268=EDGE_CURVE('',#2995,#2997,#109,.T.);
#2269=EDGE_CURVE('',#2997,#2998,#3369,.T.);
#2270=EDGE_CURVE('',#2998,#2999,#110,.T.);
#2271=EDGE_CURVE('',#2999,#3000,#3370,.T.);
#2272=EDGE_CURVE('',#3001,#3000,#111,.T.);
#2273=EDGE_CURVE('',#3002,#3001,#3371,.T.);
#2274=EDGE_CURVE('',#2996,#3002,#112,.T.);
#2275=EDGE_CURVE('',#3003,#3004,#3372,.T.);
#2276=EDGE_CURVE('',#3003,#3005,#113,.T.);
#2277=EDGE_CURVE('',#3005,#3006,#3373,.T.);
#2278=EDGE_CURVE('',#3006,#3007,#114,.T.);
#2279=EDGE_CURVE('',#3007,#3008,#3374,.T.);
#2280=EDGE_CURVE('',#3009,#3008,#115,.T.);
#2281=EDGE_CURVE('',#3010,#3009,#3375,.T.);
#2282=EDGE_CURVE('',#3004,#3010,#116,.T.);
#2283=EDGE_CURVE('',#3011,#3012,#3376,.T.);
#2284=EDGE_CURVE('',#3011,#3013,#117,.T.);
#2285=EDGE_CURVE('',#3013,#3014,#3377,.T.);
#2286=EDGE_CURVE('',#3014,#3015,#118,.T.);
#2287=EDGE_CURVE('',#3015,#3016,#3378,.T.);
#2288=EDGE_CURVE('',#3017,#3016,#119,.T.);
#2289=EDGE_CURVE('',#3018,#3017,#3379,.T.);
#2290=EDGE_CURVE('',#3012,#3018,#120,.T.);
#2291=EDGE_CURVE('',#3019,#3020,#3380,.T.);
#2292=EDGE_CURVE('',#3019,#3021,#121,.T.);
#2293=EDGE_CURVE('',#3021,#3022,#3381,.T.);
#2294=EDGE_CURVE('',#3022,#3023,#122,.T.);
#2295=EDGE_CURVE('',#3023,#3024,#3382,.T.);
#2296=EDGE_CURVE('',#3025,#3024,#123,.T.);
#2297=EDGE_CURVE('',#3026,#3025,#3383,.T.);
#2298=EDGE_CURVE('',#3020,#3026,#124,.T.);
#2299=EDGE_CURVE('',#3027,#3028,#3384,.T.);
#2300=EDGE_CURVE('',#3027,#3029,#125,.T.);
#2301=EDGE_CURVE('',#3029,#3030,#3385,.T.);
#2302=EDGE_CURVE('',#3030,#3031,#126,.T.);
#2303=EDGE_CURVE('',#3031,#3032,#3386,.T.);
#2304=EDGE_CURVE('',#3033,#3032,#127,.T.);
#2305=EDGE_CURVE('',#3034,#3033,#3387,.T.);
#2306=EDGE_CURVE('',#3028,#3034,#128,.T.);
#2307=EDGE_CURVE('',#3035,#3036,#3388,.T.);
#2308=EDGE_CURVE('',#3035,#3037,#129,.T.);
#2309=EDGE_CURVE('',#3037,#3038,#3389,.T.);
#2310=EDGE_CURVE('',#3038,#3039,#130,.T.);
#2311=EDGE_CURVE('',#3039,#3040,#3390,.T.);
#2312=EDGE_CURVE('',#3041,#3040,#131,.T.);
#2313=EDGE_CURVE('',#3042,#3041,#3391,.T.);
#2314=EDGE_CURVE('',#3036,#3042,#132,.T.);
#2315=EDGE_CURVE('',#3043,#3044,#3392,.T.);
#2316=EDGE_CURVE('',#3043,#3045,#133,.T.);
#2317=EDGE_CURVE('',#3045,#3046,#3393,.T.);
#2318=EDGE_CURVE('',#3046,#3047,#134,.T.);
#2319=EDGE_CURVE('',#3047,#3048,#3394,.T.);
#2320=EDGE_CURVE('',#3049,#3048,#135,.T.);
#2321=EDGE_CURVE('',#3050,#3049,#3395,.T.);
#2322=EDGE_CURVE('',#3044,#3050,#136,.T.);
#2323=EDGE_CURVE('',#3051,#3052,#408,.F.);
#2324=EDGE_CURVE('',#3053,#3052,#409,.F.);
#2325=EDGE_CURVE('',#3054,#3053,#410,.F.);
#2326=EDGE_CURVE('',#3055,#3054,#411,.F.);
#2327=EDGE_CURVE('',#3055,#3056,#412,.F.);
#2328=EDGE_CURVE('',#3057,#3056,#413,.T.);
#2329=EDGE_CURVE('',#3057,#3058,#414,.F.);
#2330=EDGE_CURVE('',#3059,#3058,#415,.F.);
#2331=EDGE_CURVE('',#3060,#3059,#416,.T.);
#2332=EDGE_CURVE('',#3061,#3060,#3396,.T.);
#2333=EDGE_CURVE('',#3062,#3061,#3397,.T.);
#2334=EDGE_CURVE('',#3062,#3063,#417,.T.);
#2335=EDGE_CURVE('',#3064,#3063,#418,.T.);
#2336=EDGE_CURVE('',#3064,#3065,#3398,.T.);
#2337=EDGE_CURVE('',#3065,#3066,#3399,.T.);
#2338=EDGE_CURVE('',#3066,#3051,#419,.T.);
#2339=EDGE_CURVE('',#3067,#3068,#137,.T.);
#2340=EDGE_CURVE('',#3068,#3069,#138,.T.);
#2341=EDGE_CURVE('',#3067,#3069,#139,.T.);
#2342=EDGE_CURVE('',#3070,#2781,#420,.T.);
#2343=EDGE_CURVE('',#3071,#3070,#3400,.F.);
#2344=EDGE_CURVE('',#2783,#3071,#421,.T.);
#2345=EDGE_CURVE('',#3072,#2785,#422,.T.);
#2346=EDGE_CURVE('',#3073,#3072,#3401,.T.);
#2347=EDGE_CURVE('',#2779,#3073,#423,.T.);
#2348=EDGE_CURVE('',#3074,#3075,#140,.T.);
#2349=EDGE_CURVE('',#3074,#3075,#141,.T.);
#2350=EDGE_CURVE('',#3076,#3077,#142,.T.);
#2351=EDGE_CURVE('',#3076,#3077,#143,.T.);
#2352=EDGE_CURVE('',#3078,#3079,#144,.T.);
#2353=EDGE_CURVE('',#3078,#3079,#145,.T.);
#2354=EDGE_CURVE('',#3080,#3081,#146,.T.);
#2355=EDGE_CURVE('',#3080,#3081,#147,.T.);
#2356=EDGE_CURVE('',#2777,#2763,#148,.T.);
#2357=EDGE_CURVE('',#2765,#2767,#3402,.T.);
#2358=EDGE_CURVE('',#2769,#2771,#149,.T.);
#2359=EDGE_CURVE('',#2773,#2775,#3403,.T.);
#2360=EDGE_CURVE('',#3069,#2915,#3404,.F.);
#2361=EDGE_CURVE('',#3068,#2914,#3405,.F.);
#2362=EDGE_CURVE('',#2806,#2942,#3406,.T.);
#2363=EDGE_CURVE('',#2807,#2943,#3407,.T.);
#2364=EDGE_CURVE('',#2836,#2972,#3408,.T.);
#2365=EDGE_CURVE('',#2834,#2971,#3409,.T.);
#2366=EDGE_CURVE('',#2839,#2976,#3410,.T.);
#2367=EDGE_CURVE('',#2840,#2975,#3411,.T.);
#2368=EDGE_CURVE('',#2828,#2964,#3412,.T.);
#2369=EDGE_CURVE('',#2826,#2963,#3413,.T.);
#2370=EDGE_CURVE('',#2831,#2968,#3414,.T.);
#2371=EDGE_CURVE('',#2832,#2967,#3415,.T.);
#2372=EDGE_CURVE('',#2820,#2956,#3416,.T.);
#2373=EDGE_CURVE('',#2818,#2955,#3417,.T.);
#2374=EDGE_CURVE('',#2823,#2960,#3418,.T.);
#2375=EDGE_CURVE('',#2824,#2959,#3419,.T.);
#2376=EDGE_CURVE('',#2860,#2996,#3420,.T.);
#2377=EDGE_CURVE('',#2858,#2995,#3421,.T.);
#2378=EDGE_CURVE('',#2863,#3000,#3422,.T.);
#2379=EDGE_CURVE('',#2864,#2999,#3423,.T.);
#2380=EDGE_CURVE('',#2852,#2988,#3424,.T.);
#2381=EDGE_CURVE('',#2850,#2987,#3425,.T.);
#2382=EDGE_CURVE('',#2855,#2992,#3426,.T.);
#2383=EDGE_CURVE('',#2856,#2991,#3427,.T.);
#2384=EDGE_CURVE('',#2844,#2980,#3428,.T.);
#2385=EDGE_CURVE('',#2842,#2979,#3429,.T.);
#2386=EDGE_CURVE('',#2847,#2984,#3430,.T.);
#2387=EDGE_CURVE('',#2848,#2983,#3431,.T.);
#2388=EDGE_CURVE('',#2884,#3020,#3432,.T.);
#2389=EDGE_CURVE('',#2882,#3019,#3433,.T.);
#2390=EDGE_CURVE('',#2887,#3024,#3434,.T.);
#2391=EDGE_CURVE('',#2888,#3023,#3435,.T.);
#2392=EDGE_CURVE('',#2876,#3012,#3436,.T.);
#2393=EDGE_CURVE('',#2874,#3011,#3437,.T.);
#2394=EDGE_CURVE('',#2879,#3016,#3438,.T.);
#2395=EDGE_CURVE('',#2880,#3015,#3439,.T.);
#2396=EDGE_CURVE('',#2868,#3004,#3440,.T.);
#2397=EDGE_CURVE('',#2866,#3003,#3441,.T.);
#2398=EDGE_CURVE('',#2871,#3008,#3442,.T.);
#2399=EDGE_CURVE('',#2872,#3007,#3443,.T.);
#2400=EDGE_CURVE('',#2908,#3044,#3444,.T.);
#2401=EDGE_CURVE('',#2906,#3043,#3445,.T.);
#2402=EDGE_CURVE('',#2911,#3048,#3446,.T.);
#2403=EDGE_CURVE('',#2912,#3047,#3447,.T.);
#2404=EDGE_CURVE('',#2900,#3036,#3448,.T.);
#2405=EDGE_CURVE('',#2898,#3035,#3449,.T.);
#2406=EDGE_CURVE('',#2903,#3040,#3450,.T.);
#2407=EDGE_CURVE('',#2904,#3039,#3451,.T.);
#2408=EDGE_CURVE('',#2892,#3028,#3452,.T.);
#2409=EDGE_CURVE('',#2890,#3027,#3453,.T.);
#2410=EDGE_CURVE('',#2895,#3032,#3454,.T.);
#2411=EDGE_CURVE('',#2896,#3031,#3455,.T.);
#2412=EDGE_CURVE('',#2950,#2804,#3456,.F.);
#2413=EDGE_CURVE('',#2805,#2951,#3457,.T.);
#2414=EDGE_CURVE('',#2941,#2808,#3458,.F.);
#2415=EDGE_CURVE('',#2809,#2949,#3459,.T.);
#2416=EDGE_CURVE('',#3059,#3082,#3460,.T.);
#2417=EDGE_CURVE('',#3058,#3083,#3461,.T.);
#2418=EDGE_CURVE('',#3083,#3082,#424,.T.);
#2419=EDGE_CURVE('',#3084,#2800,#3462,.F.);
#2420=EDGE_CURVE('',#3084,#3085,#3463,.F.);
#2421=EDGE_CURVE('',#3086,#3085,#425,.T.);
#2422=EDGE_CURVE('',#3086,#2801,#3464,.T.);
#2423=EDGE_CURVE('',#3087,#2739,#426,.T.);
#2424=EDGE_CURVE('',#2752,#3087,#3465,.T.);
#2425=EDGE_CURVE('',#3088,#3089,#427,.T.);
#2426=EDGE_CURVE('',#3090,#3089,#428,.T.);
#2427=EDGE_CURVE('',#3090,#3091,#3466,.T.);
#2428=EDGE_CURVE('',#3091,#3092,#3467,.T.);
#2429=EDGE_CURVE('',#3092,#3082,#429,.T.);
#2430=EDGE_CURVE('',#3083,#3093,#430,.T.);
#2431=EDGE_CURVE('',#3093,#3094,#431,.T.);
#2432=EDGE_CURVE('',#3094,#3055,#432,.T.);
#2433=EDGE_CURVE('',#3095,#3055,#433,.T.);
#2434=EDGE_CURVE('',#3096,#3095,#434,.T.);
#2435=EDGE_CURVE('',#3097,#3096,#435,.T.);
#2436=EDGE_CURVE('',#3098,#3097,#436,.T.);
#2437=EDGE_CURVE('',#3099,#3098,#437,.T.);
#2438=EDGE_CURVE('',#3100,#3099,#438,.T.);
#2439=EDGE_CURVE('',#3100,#3101,#439,.T.);
#2440=EDGE_CURVE('',#3102,#3101,#440,.T.);
#2441=EDGE_CURVE('',#3103,#3102,#3468,.T.);
#2442=EDGE_CURVE('',#3088,#3103,#3469,.T.);
#2443=EDGE_CURVE('',#2953,#2817,#3470,.F.);
#2444=EDGE_CURVE('',#2954,#2815,#3471,.T.);
#2445=EDGE_CURVE('',#2835,#2973,#3472,.T.);
#2446=EDGE_CURVE('',#2841,#2974,#3473,.T.);
#2447=EDGE_CURVE('',#2827,#2965,#3474,.T.);
#2448=EDGE_CURVE('',#2833,#2966,#3475,.T.);
#2449=EDGE_CURVE('',#2819,#2957,#3476,.T.);
#2450=EDGE_CURVE('',#2825,#2958,#3477,.T.);
#2451=EDGE_CURVE('',#2859,#2997,#3478,.T.);
#2452=EDGE_CURVE('',#2865,#2998,#3479,.T.);
#2453=EDGE_CURVE('',#2851,#2989,#3480,.T.);
#2454=EDGE_CURVE('',#2857,#2990,#3481,.T.);
#2455=EDGE_CURVE('',#2843,#2981,#3482,.T.);
#2456=EDGE_CURVE('',#2849,#2982,#3483,.T.);
#2457=EDGE_CURVE('',#2883,#3021,#3484,.T.);
#2458=EDGE_CURVE('',#2889,#3022,#3485,.T.);
#2459=EDGE_CURVE('',#2875,#3013,#3486,.T.);
#2460=EDGE_CURVE('',#2881,#3014,#3487,.T.);
#2461=EDGE_CURVE('',#2867,#3005,#3488,.T.);
#2462=EDGE_CURVE('',#2873,#3006,#3489,.T.);
#2463=EDGE_CURVE('',#2907,#3045,#3490,.T.);
#2464=EDGE_CURVE('',#2913,#3046,#3491,.T.);
#2465=EDGE_CURVE('',#2899,#3037,#3492,.T.);
#2466=EDGE_CURVE('',#2905,#3038,#3493,.T.);
#2467=EDGE_CURVE('',#2891,#3029,#3494,.T.);
#2468=EDGE_CURVE('',#2897,#3030,#3495,.T.);
#2469=EDGE_CURVE('',#2945,#2813,#3496,.F.);
#2470=EDGE_CURVE('',#2946,#2812,#3497,.F.);
#2471=EDGE_CURVE('',#2814,#2944,#3498,.T.);
#2472=EDGE_CURVE('',#2931,#3080,#3499,.T.);
#2473=EDGE_CURVE('',#3081,#2932,#3500,.F.);
#2474=EDGE_CURVE('',#2925,#3076,#3501,.T.);
#2475=EDGE_CURVE('',#3077,#2926,#3502,.F.);
#2476=EDGE_CURVE('',#2927,#3078,#3503,.T.);
#2477=EDGE_CURVE('',#3079,#2928,#3504,.F.);
#2478=EDGE_CURVE('',#2929,#3074,#3505,.T.);
#2479=EDGE_CURVE('',#3075,#2930,#3506,.F.);
#2480=EDGE_CURVE('',#3104,#2776,#3507,.T.);
#2481=EDGE_CURVE('',#2934,#3104,#3508,.T.);
#2482=EDGE_CURVE('',#2940,#3105,#3509,.T.);
#2483=EDGE_CURVE('',#3105,#2762,#3510,.T.);
#2484=EDGE_CURVE('',#3105,#3106,#441,.T.);
#2485=EDGE_CURVE('',#2939,#3106,#3511,.T.);
#2486=EDGE_CURVE('',#3106,#2764,#3512,.T.);
#2487=EDGE_CURVE('',#2938,#3107,#3513,.T.);
#2488=EDGE_CURVE('',#3107,#2766,#3514,.T.);
#2489=EDGE_CURVE('',#3107,#3108,#442,.T.);
#2490=EDGE_CURVE('',#2937,#3108,#3515,.T.);
#2491=EDGE_CURVE('',#3108,#2768,#3516,.T.);
#2492=EDGE_CURVE('',#2936,#3109,#3517,.T.);
#2493=EDGE_CURVE('',#3109,#2770,#3518,.T.);
#2494=EDGE_CURVE('',#3109,#3110,#443,.T.);
#2495=EDGE_CURVE('',#2935,#3110,#3519,.T.);
#2496=EDGE_CURVE('',#3110,#2772,#3520,.T.);
#2497=EDGE_CURVE('',#2933,#3111,#3521,.T.);
#2498=EDGE_CURVE('',#3111,#2774,#3522,.T.);
#2499=EDGE_CURVE('',#3111,#3104,#444,.T.);
#2500=EDGE_CURVE('',#2952,#2816,#3523,.F.);
#2501=EDGE_CURVE('',#3112,#2796,#3524,.T.);
#2502=EDGE_CURVE('',#3113,#2795,#3525,.T.);
#2503=EDGE_CURVE('',#3113,#3114,#445,.T.);
#2504=EDGE_CURVE('',#3114,#3112,#3526,.T.);
#2505=EDGE_CURVE('',#3065,#3103,#3527,.T.);
#2506=EDGE_CURVE('',#3064,#3088,#3528,.T.);
#2507=EDGE_CURVE('',#3066,#3102,#3529,.T.);
#2508=EDGE_CURVE('',#3051,#3101,#3530,.T.);
#2509=EDGE_CURVE('',#3054,#3098,#3531,.T.);
#2510=EDGE_CURVE('',#3115,#3116,#3532,.T.);
#2511=EDGE_CURVE('',#3117,#3115,#3533,.T.);
#2512=EDGE_CURVE('',#3117,#3118,#3534,.T.);
#2513=EDGE_CURVE('',#3119,#3118,#3535,.T.);
#2514=EDGE_CURVE('',#3119,#3120,#3536,.T.);
#2515=EDGE_CURVE('',#3120,#3116,#3537,.T.);
#2516=EDGE_CURVE('',#3121,#3115,#3538,.T.);
#2517=EDGE_CURVE('',#3122,#3121,#3539,.T.);
#2518=EDGE_CURVE('',#3122,#3117,#3540,.T.);
#2519=EDGE_CURVE('',#3123,#3121,#3541,.T.);
#2520=EDGE_CURVE('',#3124,#3123,#3542,.T.);
#2521=EDGE_CURVE('',#3124,#3122,#3543,.T.);
#2522=EDGE_CURVE('',#3125,#3123,#3544,.T.);
#2523=EDGE_CURVE('',#3126,#3125,#3545,.T.);
#2524=EDGE_CURVE('',#3126,#3124,#3546,.T.);
#2525=EDGE_CURVE('',#3127,#3125,#3547,.T.);
#2526=EDGE_CURVE('',#3128,#3127,#3548,.T.);
#2527=EDGE_CURVE('',#3128,#3126,#3549,.T.);
#2528=EDGE_CURVE('',#3129,#3127,#3550,.T.);
#2529=EDGE_CURVE('',#3130,#3129,#3551,.T.);
#2530=EDGE_CURVE('',#3130,#3128,#3552,.T.);
#2531=EDGE_CURVE('',#3131,#3129,#3553,.T.);
#2532=EDGE_CURVE('',#3132,#3131,#3554,.T.);
#2533=EDGE_CURVE('',#3132,#3130,#3555,.T.);
#2534=EDGE_CURVE('',#3063,#3089,#3556,.T.);
#2535=EDGE_CURVE('',#3133,#2794,#3557,.T.);
#2536=EDGE_CURVE('',#3113,#3133,#3558,.T.);
#2537=EDGE_CURVE('',#3134,#2793,#3559,.T.);
#2538=EDGE_CURVE('',#3133,#3134,#3560,.T.);
#2539=EDGE_CURVE('',#3135,#2792,#3561,.T.);
#2540=EDGE_CURVE('',#3136,#3135,#3562,.T.);
#2541=EDGE_CURVE('',#3134,#3136,#446,.T.);
#2542=EDGE_CURVE('',#3137,#3138,#447,.T.);
#2543=EDGE_CURVE('',#3139,#3137,#448,.T.);
#2544=EDGE_CURVE('',#3140,#3139,#449,.T.);
#2545=EDGE_CURVE('',#3141,#3140,#450,.T.);
#2546=EDGE_CURVE('',#3142,#3141,#451,.T.);
#2547=EDGE_CURVE('',#3143,#3142,#3563,.F.);
#2548=EDGE_CURVE('',#3143,#3144,#452,.T.);
#2549=EDGE_CURVE('',#3143,#2789,#3564,.T.);
#2550=EDGE_CURVE('',#3145,#2788,#3565,.T.);
#2551=EDGE_CURVE('',#3138,#3145,#3566,.T.);
#2552=EDGE_CURVE('',#3086,#3146,#453,.T.);
#2553=EDGE_CURVE('',#3146,#3147,#454,.T.);
#2554=EDGE_CURVE('',#3147,#3138,#455,.T.);
#2555=EDGE_CURVE('',#2759,#3148,#3567,.T.);
#2556=EDGE_CURVE('',#3149,#3148,#3568,.T.);
#2557=EDGE_CURVE('',#3150,#3149,#3569,.T.);
#2558=EDGE_CURVE('',#2761,#3150,#3570,.T.);
#2559=EDGE_CURVE('',#3151,#3148,#3571,.T.);
#2560=EDGE_CURVE('',#3152,#3151,#3572,.T.);
#2561=EDGE_CURVE('',#3153,#3152,#3573,.T.);
#2562=EDGE_CURVE('',#3153,#3150,#3574,.F.);
#2563=EDGE_CURVE('',#3116,#3151,#456,.T.);
#2564=EDGE_CURVE('',#3120,#3153,#457,.T.);
#2565=EDGE_CURVE('',#3154,#3155,#458,.F.);
#2566=EDGE_CURVE('',#3154,#3156,#459,.F.);
#2567=EDGE_CURVE('',#3156,#3157,#460,.F.);
#2568=EDGE_CURVE('',#3118,#3157,#3575,.T.);
#2569=EDGE_CURVE('',#3132,#3158,#3576,.T.);
#2570=EDGE_CURVE('',#3158,#3159,#3577,.T.);
#2571=EDGE_CURVE('',#3159,#3160,#3578,.T.);
#2572=EDGE_CURVE('',#3160,#3161,#3579,.T.);
#2573=EDGE_CURVE('',#3161,#3162,#3580,.T.);
#2574=EDGE_CURVE('',#3162,#2753,#3581,.T.);
#2575=EDGE_CURVE('',#2758,#3155,#3582,.T.);
#2576=EDGE_CURVE('',#3163,#3142,#461,.T.);
#2577=EDGE_CURVE('',#3164,#3163,#462,.T.);
#2578=EDGE_CURVE('',#3164,#2791,#3583,.T.);
#2579=EDGE_CURVE('',#3164,#3136,#463,.T.);
#2580=EDGE_CURVE('',#3165,#3166,#150,.T.);
#2581=EDGE_CURVE('',#2919,#3165,#464,.F.);
#2582=EDGE_CURVE('',#2918,#3166,#3584,.T.);
#2583=EDGE_CURVE('',#3167,#3168,#465,.F.);
#2584=EDGE_CURVE('',#2920,#3167,#3585,.T.);
#2585=EDGE_CURVE('',#2778,#3165,#3586,.F.);
#2586=EDGE_CURVE('',#3169,#3073,#3587,.T.);
#2587=EDGE_CURVE('',#3169,#3170,#466,.F.);
#2588=EDGE_CURVE('',#3170,#3168,#3588,.F.);
#2589=EDGE_CURVE('',#3171,#3072,#3589,.T.);
#2590=EDGE_CURVE('',#3172,#3171,#3590,.F.);
#2591=EDGE_CURVE('',#2921,#3172,#3591,.T.);
#2592=EDGE_CURVE('',#3167,#3169,#3592,.F.);
#2593=EDGE_CURVE('',#3173,#3172,#467,.F.);
#2594=EDGE_CURVE('',#3173,#3174,#3593,.T.);
#2595=EDGE_CURVE('',#3174,#3171,#468,.F.);
#2596=EDGE_CURVE('',#3175,#2784,#3594,.T.);
#2597=EDGE_CURVE('',#2922,#3175,#469,.T.);
#2598=EDGE_CURVE('',#3176,#3175,#151,.T.);
#2599=EDGE_CURVE('',#2923,#3176,#3595,.T.);
#2600=EDGE_CURVE('',#3177,#3178,#470,.F.);
#2601=EDGE_CURVE('',#3179,#3177,#3596,.F.);
#2602=EDGE_CURVE('',#3179,#3180,#471,.F.);
#2603=EDGE_CURVE('',#3178,#3180,#3597,.T.);
#2604=EDGE_CURVE('',#3181,#3176,#472,.F.);
#2605=EDGE_CURVE('',#3182,#3181,#3598,.F.);
#2606=EDGE_CURVE('',#3182,#2782,#473,.F.);
#2607=EDGE_CURVE('',#2924,#3071,#3599,.T.);
#2608=EDGE_CURVE('',#2917,#3070,#3600,.T.);
#2609=EDGE_CURVE('',#3166,#3183,#474,.F.);
#2610=EDGE_CURVE('',#2780,#3184,#475,.F.);
#2611=EDGE_CURVE('',#3183,#3184,#3601,.T.);
#2612=EDGE_CURVE('',#3185,#2797,#3602,.T.);
#2613=EDGE_CURVE('',#3185,#3186,#3603,.T.);
#2614=EDGE_CURVE('',#3186,#2798,#3604,.T.);
#2615=EDGE_CURVE('',#3186,#3187,#3605,.T.);
#2616=EDGE_CURVE('',#3187,#2799,#3606,.T.);
#2617=EDGE_CURVE('',#3060,#3092,#3607,.T.);
#2618=EDGE_CURVE('',#3061,#3091,#3608,.T.);
#2619=EDGE_CURVE('',#3062,#3090,#3609,.T.);
#2620=EDGE_CURVE('',#3188,#3189,#3610,.T.);
#2621=EDGE_CURVE('',#3159,#3189,#3611,.T.);
#2622=EDGE_CURVE('',#3158,#3188,#3612,.T.);
#2623=EDGE_CURVE('',#3189,#3190,#3613,.T.);
#2624=EDGE_CURVE('',#3160,#3190,#3614,.T.);
#2625=EDGE_CURVE('',#3190,#3191,#3615,.T.);
#2626=EDGE_CURVE('',#3161,#3191,#3616,.T.);
#2627=EDGE_CURVE('',#3191,#3192,#3617,.T.);
#2628=EDGE_CURVE('',#3162,#3192,#3618,.T.);
#2629=EDGE_CURVE('',#3192,#2754,#3619,.T.);
#2630=EDGE_CURVE('',#2751,#3193,#3620,.T.);
#2631=EDGE_CURVE('',#3193,#3087,#3621,.T.);
#2632=EDGE_CURVE('',#3131,#3188,#3622,.T.);
#2633=EDGE_CURVE('',#3187,#3085,#476,.T.);
#2634=EDGE_CURVE('',#3193,#2737,#477,.T.);
#2635=EDGE_CURVE('',#3185,#3114,#478,.T.);
#2636=EDGE_CURVE('',#3052,#3100,#3623,.T.);
#2637=EDGE_CURVE('',#3067,#2916,#3624,.F.);
#2638=EDGE_CURVE('',#2811,#2947,#3625,.T.);
#2639=EDGE_CURVE('',#2810,#2948,#3626,.T.);
#2640=EDGE_CURVE('',#2894,#3033,#3627,.T.);
#2641=EDGE_CURVE('',#2893,#3034,#3628,.T.);
#2642=EDGE_CURVE('',#2902,#3041,#3629,.T.);
#2643=EDGE_CURVE('',#2901,#3042,#3630,.T.);
#2644=EDGE_CURVE('',#2910,#3049,#3631,.T.);
#2645=EDGE_CURVE('',#2909,#3050,#3632,.T.);
#2646=EDGE_CURVE('',#2870,#3009,#3633,.T.);
#2647=EDGE_CURVE('',#2869,#3010,#3634,.T.);
#2648=EDGE_CURVE('',#2878,#3017,#3635,.T.);
#2649=EDGE_CURVE('',#2877,#3018,#3636,.T.);
#2650=EDGE_CURVE('',#2886,#3025,#3637,.T.);
#2651=EDGE_CURVE('',#2885,#3026,#3638,.T.);
#2652=EDGE_CURVE('',#2846,#2985,#3639,.T.);
#2653=EDGE_CURVE('',#2845,#2986,#3640,.T.);
#2654=EDGE_CURVE('',#2854,#2993,#3641,.T.);
#2655=EDGE_CURVE('',#2853,#2994,#3642,.T.);
#2656=EDGE_CURVE('',#2862,#3001,#3643,.T.);
#2657=EDGE_CURVE('',#2861,#3002,#3644,.T.);
#2658=EDGE_CURVE('',#2822,#2961,#3645,.T.);
#2659=EDGE_CURVE('',#2821,#2962,#3646,.T.);
#2660=EDGE_CURVE('',#2830,#2969,#3647,.T.);
#2661=EDGE_CURVE('',#2829,#2970,#3648,.T.);
#2662=EDGE_CURVE('',#2837,#2978,#3649,.T.);
#2663=EDGE_CURVE('',#2838,#2977,#3650,.T.);
#2664=EDGE_CURVE('',#2778,#3194,#3651,.T.);
#2665=EDGE_CURVE('',#3165,#3195,#3652,.T.);
#2666=EDGE_CURVE('',#3195,#3194,#3653,.T.);
#2667=EDGE_CURVE('',#3196,#3183,#479,.T.);
#2668=EDGE_CURVE('',#3197,#3184,#480,.T.);
#2669=EDGE_CURVE('',#3196,#3197,#3654,.T.);
#2670=EDGE_CURVE('',#3197,#3194,#3655,.T.);
#2671=EDGE_CURVE('',#3196,#3195,#3656,.T.);
#2672=EDGE_CURVE('',#3182,#3180,#481,.T.);
#2673=EDGE_CURVE('',#3181,#3178,#482,.T.);
#2674=EDGE_CURVE('',#3198,#3175,#3657,.T.);
#2675=EDGE_CURVE('',#3199,#2784,#3658,.T.);
#2676=EDGE_CURVE('',#3198,#3199,#3659,.T.);
#2677=EDGE_CURVE('',#3199,#3200,#3660,.T.);
#2678=EDGE_CURVE('',#3201,#3200,#3661,.T.);
#2679=EDGE_CURVE('',#3198,#3201,#3662,.T.);
#2680=EDGE_CURVE('',#3179,#3200,#483,.T.);
#2681=EDGE_CURVE('',#3177,#3201,#484,.T.);
#2682=EDGE_CURVE('',#3171,#3202,#3663,.T.);
#2683=EDGE_CURVE('',#3203,#3202,#3664,.T.);
#2684=EDGE_CURVE('',#3172,#3203,#3665,.T.);
#2685=EDGE_CURVE('',#3203,#3173,#3666,.T.);
#2686=EDGE_CURVE('',#3202,#3174,#3667,.T.);
#2687=EDGE_CURVE('',#3170,#3204,#3668,.T.);
#2688=EDGE_CURVE('',#3205,#3204,#3669,.T.);
#2689=EDGE_CURVE('',#3168,#3205,#3670,.T.);
#2690=EDGE_CURVE('',#3205,#3167,#3671,.T.);
#2691=EDGE_CURVE('',#3204,#3169,#3672,.T.);
#2692=EDGE_CURVE('',#2776,#3206,#3673,.T.);
#2693=EDGE_CURVE('',#3207,#3206,#3674,.T.);
#2694=EDGE_CURVE('',#3104,#3207,#3675,.T.);
#2695=EDGE_CURVE('',#3206,#2774,#3676,.T.);
#2696=EDGE_CURVE('',#3207,#3111,#3677,.T.);
#2697=EDGE_CURVE('',#3208,#2772,#3678,.T.);
#2698=EDGE_CURVE('',#3209,#3208,#3679,.T.);
#2699=EDGE_CURVE('',#3209,#3110,#3680,.T.);
#2700=EDGE_CURVE('',#3208,#2770,#3681,.T.);
#2701=EDGE_CURVE('',#3209,#3109,#3682,.T.);
#2702=EDGE_CURVE('',#2766,#3210,#3683,.T.);
#2703=EDGE_CURVE('',#3107,#3211,#3684,.T.);
#2704=EDGE_CURVE('',#3211,#3210,#3685,.T.);
#2705=EDGE_CURVE('',#3210,#2768,#3686,.T.);
#2706=EDGE_CURVE('',#3211,#3108,#3687,.T.);
#2707=EDGE_CURVE('',#2762,#3212,#3688,.T.);
#2708=EDGE_CURVE('',#3105,#3213,#3689,.T.);
#2709=EDGE_CURVE('',#3213,#3212,#3690,.T.);
#2710=EDGE_CURVE('',#2764,#3212,#3691,.T.);
#2711=EDGE_CURVE('',#3106,#3213,#3692,.T.);
#2712=EDGE_CURVE('',#3214,#3157,#3693,.T.);
#2713=EDGE_CURVE('',#3214,#3119,#3694,.T.);
#2714=EDGE_CURVE('',#3215,#3154,#3695,.T.);
#2715=EDGE_CURVE('',#3214,#3215,#485,.T.);
#2716=EDGE_CURVE('',#3216,#3215,#486,.T.);
#2717=EDGE_CURVE('',#3216,#2757,#3696,.T.);
#2718=EDGE_CURVE('',#3216,#3155,#3697,.T.);
#2719=VERTEX_POINT('',#6659);
#2720=VERTEX_POINT('',#6660);
#2721=VERTEX_POINT('',#6674);
#2722=VERTEX_POINT('',#6676);
#2723=VERTEX_POINT('',#6692);
#2724=VERTEX_POINT('',#6693);
#2725=VERTEX_POINT('',#6698);
#2726=VERTEX_POINT('',#6699);
#2727=VERTEX_POINT('',#6704);
#2728=VERTEX_POINT('',#6705);
#2729=VERTEX_POINT('',#6710);
#2730=VERTEX_POINT('',#6711);
#2731=VERTEX_POINT('',#6716);
#2732=VERTEX_POINT('',#6717);
#2733=VERTEX_POINT('',#6722);
#2734=VERTEX_POINT('',#6723);
#2735=VERTEX_POINT('',#6728);
#2736=VERTEX_POINT('',#6729);
#2737=VERTEX_POINT('',#6734);
#2738=VERTEX_POINT('',#6735);
#2739=VERTEX_POINT('',#6737);
#2740=VERTEX_POINT('',#6739);
#2741=VERTEX_POINT('',#6746);
#2742=VERTEX_POINT('',#6747);
#2743=VERTEX_POINT('',#6749);
#2744=VERTEX_POINT('',#6751);
#2745=VERTEX_POINT('',#6755);
#2746=VERTEX_POINT('',#6756);
#2747=VERTEX_POINT('',#6761);
#2748=VERTEX_POINT('',#6762);
#2749=VERTEX_POINT('',#6767);
#2750=VERTEX_POINT('',#6768);
#2751=VERTEX_POINT('',#6773);
#2752=VERTEX_POINT('',#6774);
#2753=VERTEX_POINT('',#6779);
#2754=VERTEX_POINT('',#6780);
#2755=VERTEX_POINT('',#6782);
#2756=VERTEX_POINT('',#6784);
#2757=VERTEX_POINT('',#6786);
#2758=VERTEX_POINT('',#6788);
#2759=VERTEX_POINT('',#6849);
#2760=VERTEX_POINT('',#6851);
#2761=VERTEX_POINT('',#6853);
#2762=VERTEX_POINT('',#6884);
#2763=VERTEX_POINT('',#6885);
#2764=VERTEX_POINT('',#6892);
#2765=VERTEX_POINT('',#6894);
#2766=VERTEX_POINT('',#6912);
#2767=VERTEX_POINT('',#6913);
#2768=VERTEX_POINT('',#6919);
#2769=VERTEX_POINT('',#6921);
#2770=VERTEX_POINT('',#6962);
#2771=VERTEX_POINT('',#6963);
#2772=VERTEX_POINT('',#6973);
#2773=VERTEX_POINT('',#6975);
#2774=VERTEX_POINT('',#7004);
#2775=VERTEX_POINT('',#7005);
#2776=VERTEX_POINT('',#7013);
#2777=VERTEX_POINT('',#7015);
#2778=VERTEX_POINT('',#7028);
#2779=VERTEX_POINT('',#7029);
#2780=VERTEX_POINT('',#7031);
#2781=VERTEX_POINT('',#7033);
#2782=VERTEX_POINT('',#7037);
#2783=VERTEX_POINT('',#7038);
#2784=VERTEX_POINT('',#7040);
#2785=VERTEX_POINT('',#7045);
#2786=VERTEX_POINT('',#7063);
#2787=VERTEX_POINT('',#7064);
#2788=VERTEX_POINT('',#7080);
#2789=VERTEX_POINT('',#7096);
#2790=VERTEX_POINT('',#7115);
#2791=VERTEX_POINT('',#7134);
#2792=VERTEX_POINT('',#7145);
#2793=VERTEX_POINT('',#7182);
#2794=VERTEX_POINT('',#7184);
#2795=VERTEX_POINT('',#7186);
#2796=VERTEX_POINT('',#7218);
#2797=VERTEX_POINT('',#7250);
#2798=VERTEX_POINT('',#7252);
#2799=VERTEX_POINT('',#7254);
#2800=VERTEX_POINT('',#7291);
#2801=VERTEX_POINT('',#7302);
#2802=VERTEX_POINT('',#7318);
#2803=VERTEX_POINT('',#7334);
#2804=VERTEX_POINT('',#7365);
#2805=VERTEX_POINT('',#7366);
#2806=VERTEX_POINT('',#7383);
#2807=VERTEX_POINT('',#7384);
#2808=VERTEX_POINT('',#7425);
#2809=VERTEX_POINT('',#7466);
#2810=VERTEX_POINT('',#7468);
#2811=VERTEX_POINT('',#7470);
#2812=VERTEX_POINT('',#7472);
#2813=VERTEX_POINT('',#7474);
#2814=VERTEX_POINT('',#7476);
#2815=VERTEX_POINT('',#7479);
#2816=VERTEX_POINT('',#7480);
#2817=VERTEX_POINT('',#7482);
#2818=VERTEX_POINT('',#7485);
#2819=VERTEX_POINT('',#7486);
#2820=VERTEX_POINT('',#7488);
#2821=VERTEX_POINT('',#7490);
#2822=VERTEX_POINT('',#7492);
#2823=VERTEX_POINT('',#7494);
#2824=VERTEX_POINT('',#7496);
#2825=VERTEX_POINT('',#7498);
#2826=VERTEX_POINT('',#7501);
#2827=VERTEX_POINT('',#7502);
#2828=VERTEX_POINT('',#7504);
#2829=VERTEX_POINT('',#7506);
#2830=VERTEX_POINT('',#7508);
#2831=VERTEX_POINT('',#7510);
#2832=VERTEX_POINT('',#7512);
#2833=VERTEX_POINT('',#7514);
#2834=VERTEX_POINT('',#7517);
#2835=VERTEX_POINT('',#7518);
#2836=VERTEX_POINT('',#7520);
#2837=VERTEX_POINT('',#7522);
#2838=VERTEX_POINT('',#7524);
#2839=VERTEX_POINT('',#7526);
#2840=VERTEX_POINT('',#7528);
#2841=VERTEX_POINT('',#7530);
#2842=VERTEX_POINT('',#7533);
#2843=VERTEX_POINT('',#7534);
#2844=VERTEX_POINT('',#7536);
#2845=VERTEX_POINT('',#7538);
#2846=VERTEX_POINT('',#7540);
#2847=VERTEX_POINT('',#7542);
#2848=VERTEX_POINT('',#7544);
#2849=VERTEX_POINT('',#7546);
#2850=VERTEX_POINT('',#7549);
#2851=VERTEX_POINT('',#7550);
#2852=VERTEX_POINT('',#7552);
#2853=VERTEX_POINT('',#7554);
#2854=VERTEX_POINT('',#7556);
#2855=VERTEX_POINT('',#7558);
#2856=VERTEX_POINT('',#7560);
#2857=VERTEX_POINT('',#7562);
#2858=VERTEX_POINT('',#7565);
#2859=VERTEX_POINT('',#7566);
#2860=VERTEX_POINT('',#7568);
#2861=VERTEX_POINT('',#7570);
#2862=VERTEX_POINT('',#7572);
#2863=VERTEX_POINT('',#7574);
#2864=VERTEX_POINT('',#7576);
#2865=VERTEX_POINT('',#7578);
#2866=VERTEX_POINT('',#7581);
#2867=VERTEX_POINT('',#7582);
#2868=VERTEX_POINT('',#7584);
#2869=VERTEX_POINT('',#7586);
#2870=VERTEX_POINT('',#7588);
#2871=VERTEX_POINT('',#7590);
#2872=VERTEX_POINT('',#7592);
#2873=VERTEX_POINT('',#7594);
#2874=VERTEX_POINT('',#7597);
#2875=VERTEX_POINT('',#7598);
#2876=VERTEX_POINT('',#7600);
#2877=VERTEX_POINT('',#7602);
#2878=VERTEX_POINT('',#7604);
#2879=VERTEX_POINT('',#7606);
#2880=VERTEX_POINT('',#7608);
#2881=VERTEX_POINT('',#7610);
#2882=VERTEX_POINT('',#7613);
#2883=VERTEX_POINT('',#7614);
#2884=VERTEX_POINT('',#7616);
#2885=VERTEX_POINT('',#7618);
#2886=VERTEX_POINT('',#7620);
#2887=VERTEX_POINT('',#7622);
#2888=VERTEX_POINT('',#7624);
#2889=VERTEX_POINT('',#7626);
#2890=VERTEX_POINT('',#7629);
#2891=VERTEX_POINT('',#7630);
#2892=VERTEX_POINT('',#7632);
#2893=VERTEX_POINT('',#7634);
#2894=VERTEX_POINT('',#7636);
#2895=VERTEX_POINT('',#7638);
#2896=VERTEX_POINT('',#7640);
#2897=VERTEX_POINT('',#7642);
#2898=VERTEX_POINT('',#7645);
#2899=VERTEX_POINT('',#7646);
#2900=VERTEX_POINT('',#7648);
#2901=VERTEX_POINT('',#7650);
#2902=VERTEX_POINT('',#7652);
#2903=VERTEX_POINT('',#7654);
#2904=VERTEX_POINT('',#7656);
#2905=VERTEX_POINT('',#7658);
#2906=VERTEX_POINT('',#7661);
#2907=VERTEX_POINT('',#7662);
#2908=VERTEX_POINT('',#7664);
#2909=VERTEX_POINT('',#7666);
#2910=VERTEX_POINT('',#7668);
#2911=VERTEX_POINT('',#7670);
#2912=VERTEX_POINT('',#7672);
#2913=VERTEX_POINT('',#7674);
#2914=VERTEX_POINT('',#7677);
#2915=VERTEX_POINT('',#7678);
#2916=VERTEX_POINT('',#7680);
#2917=VERTEX_POINT('',#7689);
#2918=VERTEX_POINT('',#7690);
#2919=VERTEX_POINT('',#7692);
#2920=VERTEX_POINT('',#7699);
#2921=VERTEX_POINT('',#7701);
#2922=VERTEX_POINT('',#7707);
#2923=VERTEX_POINT('',#7709);
#2924=VERTEX_POINT('',#7719);
#2925=VERTEX_POINT('',#7722);
#2926=VERTEX_POINT('',#7723);
#2927=VERTEX_POINT('',#7726);
#2928=VERTEX_POINT('',#7727);
#2929=VERTEX_POINT('',#7730);
#2930=VERTEX_POINT('',#7731);
#2931=VERTEX_POINT('',#7734);
#2932=VERTEX_POINT('',#7735);
#2933=VERTEX_POINT('',#7744);
#2934=VERTEX_POINT('',#7745);
#2935=VERTEX_POINT('',#7747);
#2936=VERTEX_POINT('',#7757);
#2937=VERTEX_POINT('',#7759);
#2938=VERTEX_POINT('',#7765);
#2939=VERTEX_POINT('',#7767);
#2940=VERTEX_POINT('',#7774);
#2941=VERTEX_POINT('',#7817);
#2942=VERTEX_POINT('',#7818);
#2943=VERTEX_POINT('',#7820);
#2944=VERTEX_POINT('',#7822);
#2945=VERTEX_POINT('',#7824);
#2946=VERTEX_POINT('',#7826);
#2947=VERTEX_POINT('',#7828);
#2948=VERTEX_POINT('',#7830);
#2949=VERTEX_POINT('',#7832);
#2950=VERTEX_POINT('',#7888);
#2951=VERTEX_POINT('',#7889);
#2952=VERTEX_POINT('',#7906);
#2953=VERTEX_POINT('',#7907);
#2954=VERTEX_POINT('',#7909);
#2955=VERTEX_POINT('',#7912);
#2956=VERTEX_POINT('',#7913);
#2957=VERTEX_POINT('',#7915);
#2958=VERTEX_POINT('',#7917);
#2959=VERTEX_POINT('',#7919);
#2960=VERTEX_POINT('',#7921);
#2961=VERTEX_POINT('',#7923);
#2962=VERTEX_POINT('',#7925);
#2963=VERTEX_POINT('',#7928);
#2964=VERTEX_POINT('',#7929);
#2965=VERTEX_POINT('',#7931);
#2966=VERTEX_POINT('',#7933);
#2967=VERTEX_POINT('',#7935);
#2968=VERTEX_POINT('',#7937);
#2969=VERTEX_POINT('',#7939);
#2970=VERTEX_POINT('',#7941);
#2971=VERTEX_POINT('',#7944);
#2972=VERTEX_POINT('',#7945);
#2973=VERTEX_POINT('',#7947);
#2974=VERTEX_POINT('',#7949);
#2975=VERTEX_POINT('',#7951);
#2976=VERTEX_POINT('',#7953);
#2977=VERTEX_POINT('',#7955);
#2978=VERTEX_POINT('',#7957);
#2979=VERTEX_POINT('',#7960);
#2980=VERTEX_POINT('',#7961);
#2981=VERTEX_POINT('',#7963);
#2982=VERTEX_POINT('',#7965);
#2983=VERTEX_POINT('',#7967);
#2984=VERTEX_POINT('',#7969);
#2985=VERTEX_POINT('',#7971);
#2986=VERTEX_POINT('',#7973);
#2987=VERTEX_POINT('',#7976);
#2988=VERTEX_POINT('',#7977);
#2989=VERTEX_POINT('',#7979);
#2990=VERTEX_POINT('',#7981);
#2991=VERTEX_POINT('',#7983);
#2992=VERTEX_POINT('',#7985);
#2993=VERTEX_POINT('',#7987);
#2994=VERTEX_POINT('',#7989);
#2995=VERTEX_POINT('',#7992);
#2996=VERTEX_POINT('',#7993);
#2997=VERTEX_POINT('',#7995);
#2998=VERTEX_POINT('',#7997);
#2999=VERTEX_POINT('',#7999);
#3000=VERTEX_POINT('',#8001);
#3001=VERTEX_POINT('',#8003);
#3002=VERTEX_POINT('',#8005);
#3003=VERTEX_POINT('',#8008);
#3004=VERTEX_POINT('',#8009);
#3005=VERTEX_POINT('',#8011);
#3006=VERTEX_POINT('',#8013);
#3007=VERTEX_POINT('',#8015);
#3008=VERTEX_POINT('',#8017);
#3009=VERTEX_POINT('',#8019);
#3010=VERTEX_POINT('',#8021);
#3011=VERTEX_POINT('',#8024);
#3012=VERTEX_POINT('',#8025);
#3013=VERTEX_POINT('',#8027);
#3014=VERTEX_POINT('',#8029);
#3015=VERTEX_POINT('',#8031);
#3016=VERTEX_POINT('',#8033);
#3017=VERTEX_POINT('',#8035);
#3018=VERTEX_POINT('',#8037);
#3019=VERTEX_POINT('',#8040);
#3020=VERTEX_POINT('',#8041);
#3021=VERTEX_POINT('',#8043);
#3022=VERTEX_POINT('',#8045);
#3023=VERTEX_POINT('',#8047);
#3024=VERTEX_POINT('',#8049);
#3025=VERTEX_POINT('',#8051);
#3026=VERTEX_POINT('',#8053);
#3027=VERTEX_POINT('',#8056);
#3028=VERTEX_POINT('',#8057);
#3029=VERTEX_POINT('',#8059);
#3030=VERTEX_POINT('',#8061);
#3031=VERTEX_POINT('',#8063);
#3032=VERTEX_POINT('',#8065);
#3033=VERTEX_POINT('',#8067);
#3034=VERTEX_POINT('',#8069);
#3035=VERTEX_POINT('',#8072);
#3036=VERTEX_POINT('',#8073);
#3037=VERTEX_POINT('',#8075);
#3038=VERTEX_POINT('',#8077);
#3039=VERTEX_POINT('',#8079);
#3040=VERTEX_POINT('',#8081);
#3041=VERTEX_POINT('',#8083);
#3042=VERTEX_POINT('',#8085);
#3043=VERTEX_POINT('',#8088);
#3044=VERTEX_POINT('',#8089);
#3045=VERTEX_POINT('',#8091);
#3046=VERTEX_POINT('',#8093);
#3047=VERTEX_POINT('',#8095);
#3048=VERTEX_POINT('',#8097);
#3049=VERTEX_POINT('',#8099);
#3050=VERTEX_POINT('',#8101);
#3051=VERTEX_POINT('',#8113);
#3052=VERTEX_POINT('',#8114);
#3053=VERTEX_POINT('',#8133);
#3054=VERTEX_POINT('',#8152);
#3055=VERTEX_POINT('',#8168);
#3056=VERTEX_POINT('',#8184);
#3057=VERTEX_POINT('',#8200);
#3058=VERTEX_POINT('',#8216);
#3059=VERTEX_POINT('',#8227);
#3060=VERTEX_POINT('',#8264);
#3061=VERTEX_POINT('',#8266);
#3062=VERTEX_POINT('',#8268);
#3063=VERTEX_POINT('',#8300);
#3064=VERTEX_POINT('',#8332);
#3065=VERTEX_POINT('',#8334);
#3066=VERTEX_POINT('',#8336);
#3067=VERTEX_POINT('',#8374);
#3068=VERTEX_POINT('',#8375);
#3069=VERTEX_POINT('',#8377);
#3070=VERTEX_POINT('',#8386);
#3071=VERTEX_POINT('',#8388);
#3072=VERTEX_POINT('',#8403);
#3073=VERTEX_POINT('',#8405);
#3074=VERTEX_POINT('',#8413);
#3075=VERTEX_POINT('',#8414);
#3076=VERTEX_POINT('',#8417);
#3077=VERTEX_POINT('',#8418);
#3078=VERTEX_POINT('',#8421);
#3079=VERTEX_POINT('',#8422);
#3080=VERTEX_POINT('',#8425);
#3081=VERTEX_POINT('',#8426);
#3082=VERTEX_POINT('',#8764);
#3083=VERTEX_POINT('',#8766);
#3084=VERTEX_POINT('',#8779);
#3085=VERTEX_POINT('',#8781);
#3086=VERTEX_POINT('',#8792);
#3087=VERTEX_POINT('',#8808);
#3088=VERTEX_POINT('',#8841);
#3089=VERTEX_POINT('',#8842);
#3090=VERTEX_POINT('',#8874);
#3091=VERTEX_POINT('',#8876);
#3092=VERTEX_POINT('',#8878);
#3093=VERTEX_POINT('',#8930);
#3094=VERTEX_POINT('',#8946);
#3095=VERTEX_POINT('',#8977);
#3096=VERTEX_POINT('',#8993);
#3097=VERTEX_POINT('',#9009);
#3098=VERTEX_POINT('',#9025);
#3099=VERTEX_POINT('',#9041);
#3100=VERTEX_POINT('',#9057);
#3101=VERTEX_POINT('',#9068);
#3102=VERTEX_POINT('',#9105);
#3103=VERTEX_POINT('',#9107);
#3104=VERTEX_POINT('',#9192);
#3105=VERTEX_POINT('',#9195);
#3106=VERTEX_POINT('',#9219);
#3107=VERTEX_POINT('',#9224);
#3108=VERTEX_POINT('',#9241);
#3109=VERTEX_POINT('',#9246);
#3110=VERTEX_POINT('',#9291);
#3111=VERTEX_POINT('',#9296);
#3112=VERTEX_POINT('',#9358);
#3113=VERTEX_POINT('',#9360);
#3114=VERTEX_POINT('',#9392);
#3115=VERTEX_POINT('',#9483);
#3116=VERTEX_POINT('',#9484);
#3117=VERTEX_POINT('',#9486);
#3118=VERTEX_POINT('',#9488);
#3119=VERTEX_POINT('',#9490);
#3120=VERTEX_POINT('',#9492);
#3121=VERTEX_POINT('',#9496);
#3122=VERTEX_POINT('',#9498);
#3123=VERTEX_POINT('',#9502);
#3124=VERTEX_POINT('',#9504);
#3125=VERTEX_POINT('',#9508);
#3126=VERTEX_POINT('',#9510);
#3127=VERTEX_POINT('',#9514);
#3128=VERTEX_POINT('',#9516);
#3129=VERTEX_POINT('',#9520);
#3130=VERTEX_POINT('',#9522);
#3131=VERTEX_POINT('',#9526);
#3132=VERTEX_POINT('',#9528);
#3133=VERTEX_POINT('',#9565);
#3134=VERTEX_POINT('',#9569);
#3135=VERTEX_POINT('',#9608);
#3136=VERTEX_POINT('',#9610);
#3137=VERTEX_POINT('',#9682);
#3138=VERTEX_POINT('',#9683);
#3139=VERTEX_POINT('',#9699);
#3140=VERTEX_POINT('',#9715);
#3141=VERTEX_POINT('',#9731);
#3142=VERTEX_POINT('',#9747);
#3143=VERTEX_POINT('',#9749);
#3144=VERTEX_POINT('',#9765);
#3145=VERTEX_POINT('',#9768);
#3146=VERTEX_POINT('',#9809);
#3147=VERTEX_POINT('',#9825);
#3148=VERTEX_POINT('',#9843);
#3149=VERTEX_POINT('',#9845);
#3150=VERTEX_POINT('',#9847);
#3151=VERTEX_POINT('',#9851);
#3152=VERTEX_POINT('',#9853);
#3153=VERTEX_POINT('',#9855);
#3154=VERTEX_POINT('',#9934);
#3155=VERTEX_POINT('',#9935);
#3156=VERTEX_POINT('',#9946);
#3157=VERTEX_POINT('',#9957);
#3158=VERTEX_POINT('',#9960);
#3159=VERTEX_POINT('',#9962);
#3160=VERTEX_POINT('',#9964);
#3161=VERTEX_POINT('',#9966);
#3162=VERTEX_POINT('',#9968);
#3163=VERTEX_POINT('',#9996);
#3164=VERTEX_POINT('',#10012);
#3165=VERTEX_POINT('',#10027);
#3166=VERTEX_POINT('',#10028);
#3167=VERTEX_POINT('',#10056);
#3168=VERTEX_POINT('',#10057);
#3169=VERTEX_POINT('',#10061);
#3170=VERTEX_POINT('',#10068);
#3171=VERTEX_POINT('',#10072);
#3172=VERTEX_POINT('',#10074);
#3173=VERTEX_POINT('',#10092);
#3174=VERTEX_POINT('',#10094);
#3175=VERTEX_POINT('',#10101);
#3176=VERTEX_POINT('',#10108);
#3177=VERTEX_POINT('',#10153);
#3178=VERTEX_POINT('',#10154);
#3179=VERTEX_POINT('',#10156);
#3180=VERTEX_POINT('',#10166);
#3181=VERTEX_POINT('',#10177);
#3182=VERTEX_POINT('',#10179);
#3183=VERTEX_POINT('',#10217);
#3184=VERTEX_POINT('',#10225);
#3185=VERTEX_POINT('',#10229);
#3186=VERTEX_POINT('',#10231);
#3187=VERTEX_POINT('',#10235);
#3188=VERTEX_POINT('',#10244);
#3189=VERTEX_POINT('',#10245);
#3190=VERTEX_POINT('',#10250);
#3191=VERTEX_POINT('',#10254);
#3192=VERTEX_POINT('',#10258);
#3193=VERTEX_POINT('',#10264);
#3194=VERTEX_POINT('',#10859);
#3195=VERTEX_POINT('',#10861);
#3196=VERTEX_POINT('',#10892);
#3197=VERTEX_POINT('',#10900);
#3198=VERTEX_POINT('',#10941);
#3199=VERTEX_POINT('',#10943);
#3200=VERTEX_POINT('',#10947);
#3201=VERTEX_POINT('',#10949);
#3202=VERTEX_POINT('',#10987);
#3203=VERTEX_POINT('',#10989);
#3204=VERTEX_POINT('',#10998);
#3205=VERTEX_POINT('',#11000);
#3206=VERTEX_POINT('',#11009);
#3207=VERTEX_POINT('',#11011);
#3208=VERTEX_POINT('',#11020);
#3209=VERTEX_POINT('',#11022);
#3210=VERTEX_POINT('',#11031);
#3211=VERTEX_POINT('',#11033);
#3212=VERTEX_POINT('',#11042);
#3213=VERTEX_POINT('',#11044);
#3214=VERTEX_POINT('',#11053);
#3215=VERTEX_POINT('',#11086);
#3216=VERTEX_POINT('',#11108);
#3217=LINE('',#6658,#3698);
#3218=LINE('',#6675,#3699);
#3219=LINE('',#6691,#3700);
#3220=LINE('',#6694,#3701);
#3221=LINE('',#6695,#3702);
#3222=LINE('',#6697,#3703);
#3223=LINE('',#6700,#3704);
#3224=LINE('',#6701,#3705);
#3225=LINE('',#6703,#3706);
#3226=LINE('',#6706,#3707);
#3227=LINE('',#6707,#3708);
#3228=LINE('',#6709,#3709);
#3229=LINE('',#6712,#3710);
#3230=LINE('',#6713,#3711);
#3231=LINE('',#6715,#3712);
#3232=LINE('',#6718,#3713);
#3233=LINE('',#6719,#3714);
#3234=LINE('',#6721,#3715);
#3235=LINE('',#6724,#3716);
#3236=LINE('',#6725,#3717);
#3237=LINE('',#6727,#3718);
#3238=LINE('',#6730,#3719);
#3239=LINE('',#6731,#3720);
#3240=LINE('',#6733,#3721);
#3241=LINE('',#6736,#3722);
#3242=LINE('',#6738,#3723);
#3243=LINE('',#6740,#3724);
#3244=LINE('',#6742,#3725);
#3245=LINE('',#6743,#3726);
#3246=LINE('',#6745,#3727);
#3247=LINE('',#6748,#3728);
#3248=LINE('',#6750,#3729);
#3249=LINE('',#6752,#3730);
#3250=LINE('',#6754,#3731);
#3251=LINE('',#6757,#3732);
#3252=LINE('',#6758,#3733);
#3253=LINE('',#6760,#3734);
#3254=LINE('',#6763,#3735);
#3255=LINE('',#6764,#3736);
#3256=LINE('',#6766,#3737);
#3257=LINE('',#6769,#3738);
#3258=LINE('',#6770,#3739);
#3259=LINE('',#6772,#3740);
#3260=LINE('',#6775,#3741);
#3261=LINE('',#6776,#3742);
#3262=LINE('',#6778,#3743);
#3263=LINE('',#6781,#3744);
#3264=LINE('',#6783,#3745);
#3265=LINE('',#6785,#3746);
#3266=LINE('',#6787,#3747);
#3267=LINE('',#6789,#3748);
#3268=LINE('',#6791,#3749);
#3269=LINE('',#6792,#3750);
#3270=LINE('',#6850,#3751);
#3271=LINE('',#6852,#3752);
#3272=LINE('',#6883,#3753);
#3273=LINE('',#6893,#3754);
#3274=LINE('',#6911,#3755);
#3275=LINE('',#6920,#3756);
#3276=LINE('',#6961,#3757);
#3277=LINE('',#6974,#3758);
#3278=LINE('',#7003,#3759);
#3279=LINE('',#7014,#3760);
#3280=LINE('',#7032,#3761);
#3281=LINE('',#7036,#3762);
#3282=LINE('',#7183,#3763);
#3283=LINE('',#7185,#3764);
#3284=LINE('',#7251,#3765);
#3285=LINE('',#7253,#3766);
#3286=LINE('',#7382,#3767);
#3287=LINE('',#7467,#3768);
#3288=LINE('',#7469,#3769);
#3289=LINE('',#7473,#3770);
#3290=LINE('',#7477,#3771);
#3291=LINE('',#7487,#3772);
#3292=LINE('',#7491,#3773);
#3293=LINE('',#7495,#3774);
#3294=LINE('',#7499,#3775);
#3295=LINE('',#7503,#3776);
#3296=LINE('',#7507,#3777);
#3297=LINE('',#7511,#3778);
#3298=LINE('',#7515,#3779);
#3299=LINE('',#7519,#3780);
#3300=LINE('',#7523,#3781);
#3301=LINE('',#7527,#3782);
#3302=LINE('',#7531,#3783);
#3303=LINE('',#7535,#3784);
#3304=LINE('',#7539,#3785);
#3305=LINE('',#7543,#3786);
#3306=LINE('',#7547,#3787);
#3307=LINE('',#7551,#3788);
#3308=LINE('',#7555,#3789);
#3309=LINE('',#7559,#3790);
#3310=LINE('',#7563,#3791);
#3311=LINE('',#7567,#3792);
#3312=LINE('',#7571,#3793);
#3313=LINE('',#7575,#3794);
#3314=LINE('',#7579,#3795);
#3315=LINE('',#7583,#3796);
#3316=LINE('',#7587,#3797);
#3317=LINE('',#7591,#3798);
#3318=LINE('',#7595,#3799);
#3319=LINE('',#7599,#3800);
#3320=LINE('',#7603,#3801);
#3321=LINE('',#7607,#3802);
#3322=LINE('',#7611,#3803);
#3323=LINE('',#7615,#3804);
#3324=LINE('',#7619,#3805);
#3325=LINE('',#7623,#3806);
#3326=LINE('',#7627,#3807);
#3327=LINE('',#7631,#3808);
#3328=LINE('',#7635,#3809);
#3329=LINE('',#7639,#3810);
#3330=LINE('',#7643,#3811);
#3331=LINE('',#7647,#3812);
#3332=LINE('',#7651,#3813);
#3333=LINE('',#7655,#3814);
#3334=LINE('',#7659,#3815);
#3335=LINE('',#7663,#3816);
#3336=LINE('',#7667,#3817);
#3337=LINE('',#7671,#3818);
#3338=LINE('',#7675,#3819);
#3339=LINE('',#7700,#3820);
#3340=LINE('',#7720,#3821);
#3341=LINE('',#7746,#3822);
#3342=LINE('',#7766,#3823);
#3343=LINE('',#7819,#3824);
#3344=LINE('',#7821,#3825);
#3345=LINE('',#7825,#3826);
#3346=LINE('',#7829,#3827);
#3347=LINE('',#7831,#3828);
#3348=LINE('',#7911,#3829);
#3349=LINE('',#7916,#3830);
#3350=LINE('',#7920,#3831);
#3351=LINE('',#7924,#3832);
#3352=LINE('',#7927,#3833);
#3353=LINE('',#7932,#3834);
#3354=LINE('',#7936,#3835);
#3355=LINE('',#7940,#3836);
#3356=LINE('',#7943,#3837);
#3357=LINE('',#7948,#3838);
#3358=LINE('',#7952,#3839);
#3359=LINE('',#7956,#3840);
#3360=LINE('',#7959,#3841);
#3361=LINE('',#7964,#3842);
#3362=LINE('',#7968,#3843);
#3363=LINE('',#7972,#3844);
#3364=LINE('',#7975,#3845);
#3365=LINE('',#7980,#3846);
#3366=LINE('',#7984,#3847);
#3367=LINE('',#7988,#3848);
#3368=LINE('',#7991,#3849);
#3369=LINE('',#7996,#3850);
#3370=LINE('',#8000,#3851);
#3371=LINE('',#8004,#3852);
#3372=LINE('',#8007,#3853);
#3373=LINE('',#8012,#3854);
#3374=LINE('',#8016,#3855);
#3375=LINE('',#8020,#3856);
#3376=LINE('',#8023,#3857);
#3377=LINE('',#8028,#3858);
#3378=LINE('',#8032,#3859);
#3379=LINE('',#8036,#3860);
#3380=LINE('',#8039,#3861);
#3381=LINE('',#8044,#3862);
#3382=LINE('',#8048,#3863);
#3383=LINE('',#8052,#3864);
#3384=LINE('',#8055,#3865);
#3385=LINE('',#8060,#3866);
#3386=LINE('',#8064,#3867);
#3387=LINE('',#8068,#3868);
#3388=LINE('',#8071,#3869);
#3389=LINE('',#8076,#3870);
#3390=LINE('',#8080,#3871);
#3391=LINE('',#8084,#3872);
#3392=LINE('',#8087,#3873);
#3393=LINE('',#8092,#3874);
#3394=LINE('',#8096,#3875);
#3395=LINE('',#8100,#3876);
#3396=LINE('',#8265,#3877);
#3397=LINE('',#8267,#3878);
#3398=LINE('',#8333,#3879);
#3399=LINE('',#8335,#3880);
#3400=LINE('',#8387,#3881);
#3401=LINE('',#8404,#3882);
#3402=LINE('',#8429,#3883);
#3403=LINE('',#8431,#3884);
#3404=LINE('',#8433,#3885);
#3405=LINE('',#8434,#3886);
#3406=LINE('',#8436,#3887);
#3407=LINE('',#8437,#3888);
#3408=LINE('',#8439,#3889);
#3409=LINE('',#8440,#3890);
#3410=LINE('',#8442,#3891);
#3411=LINE('',#8443,#3892);
#3412=LINE('',#8445,#3893);
#3413=LINE('',#8446,#3894);
#3414=LINE('',#8448,#3895);
#3415=LINE('',#8449,#3896);
#3416=LINE('',#8451,#3897);
#3417=LINE('',#8452,#3898);
#3418=LINE('',#8454,#3899);
#3419=LINE('',#8455,#3900);
#3420=LINE('',#8457,#3901);
#3421=LINE('',#8458,#3902);
#3422=LINE('',#8460,#3903);
#3423=LINE('',#8461,#3904);
#3424=LINE('',#8463,#3905);
#3425=LINE('',#8464,#3906);
#3426=LINE('',#8466,#3907);
#3427=LINE('',#8467,#3908);
#3428=LINE('',#8469,#3909);
#3429=LINE('',#8470,#3910);
#3430=LINE('',#8472,#3911);
#3431=LINE('',#8473,#3912);
#3432=LINE('',#8475,#3913);
#3433=LINE('',#8476,#3914);
#3434=LINE('',#8478,#3915);
#3435=LINE('',#8479,#3916);
#3436=LINE('',#8481,#3917);
#3437=LINE('',#8482,#3918);
#3438=LINE('',#8484,#3919);
#3439=LINE('',#8485,#3920);
#3440=LINE('',#8487,#3921);
#3441=LINE('',#8488,#3922);
#3442=LINE('',#8490,#3923);
#3443=LINE('',#8491,#3924);
#3444=LINE('',#8493,#3925);
#3445=LINE('',#8494,#3926);
#3446=LINE('',#8496,#3927);
#3447=LINE('',#8497,#3928);
#3448=LINE('',#8499,#3929);
#3449=LINE('',#8500,#3930);
#3450=LINE('',#8502,#3931);
#3451=LINE('',#8503,#3932);
#3452=LINE('',#8505,#3933);
#3453=LINE('',#8506,#3934);
#3454=LINE('',#8508,#3935);
#3455=LINE('',#8509,#3936);
#3456=LINE('',#8518,#3937);
#3457=LINE('',#8519,#3938);
#3458=LINE('',#8760,#3939);
#3459=LINE('',#8761,#3940);
#3460=LINE('',#8763,#3941);
#3461=LINE('',#8765,#3942);
#3462=LINE('',#8778,#3943);
#3463=LINE('',#8780,#3944);
#3464=LINE('',#8793,#3945);
#3465=LINE('',#8809,#3946);
#3466=LINE('',#8875,#3947);
#3467=LINE('',#8877,#3948);
#3468=LINE('',#9106,#3949);
#3469=LINE('',#9108,#3950);
#3470=LINE('',#9110,#3951);
#3471=LINE('',#9111,#3952);
#3472=LINE('',#9113,#3953);
#3473=LINE('',#9115,#3954);
#3474=LINE('',#9117,#3955);
#3475=LINE('',#9119,#3956);
#3476=LINE('',#9121,#3957);
#3477=LINE('',#9123,#3958);
#3478=LINE('',#9125,#3959);
#3479=LINE('',#9127,#3960);
#3480=LINE('',#9129,#3961);
#3481=LINE('',#9131,#3962);
#3482=LINE('',#9133,#3963);
#3483=LINE('',#9135,#3964);
#3484=LINE('',#9137,#3965);
#3485=LINE('',#9139,#3966);
#3486=LINE('',#9141,#3967);
#3487=LINE('',#9143,#3968);
#3488=LINE('',#9145,#3969);
#3489=LINE('',#9147,#3970);
#3490=LINE('',#9149,#3971);
#3491=LINE('',#9151,#3972);
#3492=LINE('',#9153,#3973);
#3493=LINE('',#9155,#3974);
#3494=LINE('',#9157,#3975);
#3495=LINE('',#9159,#3976);
#3496=LINE('',#9161,#3977);
#3497=LINE('',#9162,#3978);
#3498=LINE('',#9164,#3979);
#3499=LINE('',#9166,#3980);
#3500=LINE('',#9167,#3981);
#3501=LINE('',#9181,#3982);
#3502=LINE('',#9182,#3983);
#3503=LINE('',#9184,#3984);
#3504=LINE('',#9185,#3985);
#3505=LINE('',#9187,#3986);
#3506=LINE('',#9188,#3987);
#3507=LINE('',#9191,#3988);
#3508=LINE('',#9193,#3989);
#3509=LINE('',#9194,#3990);
#3510=LINE('',#9196,#3991);
#3511=LINE('',#9220,#3992);
#3512=LINE('',#9222,#3993);
#3513=LINE('',#9223,#3994);
#3514=LINE('',#9225,#3995);
#3515=LINE('',#9242,#3996);
#3516=LINE('',#9244,#3997);
#3517=LINE('',#9245,#3998);
#3518=LINE('',#9247,#3999);
#3519=LINE('',#9292,#4000);
#3520=LINE('',#9294,#4001);
#3521=LINE('',#9295,#4002);
#3522=LINE('',#9297,#4003);
#3523=LINE('',#9324,#4004);
#3524=LINE('',#9357,#4005);
#3525=LINE('',#9359,#4006);
#3526=LINE('',#9393,#4007);
#3527=LINE('',#9395,#4008);
#3528=LINE('',#9396,#4009);
#3529=LINE('',#9398,#4010);
#3530=LINE('',#9435,#4011);
#3531=LINE('',#9456,#4012);
#3532=LINE('',#9482,#4013);
#3533=LINE('',#9485,#4014);
#3534=LINE('',#9487,#4015);
#3535=LINE('',#9489,#4016);
#3536=LINE('',#9491,#4017);
#3537=LINE('',#9493,#4018);
#3538=LINE('',#9495,#4019);
#3539=LINE('',#9497,#4020);
#3540=LINE('',#9499,#4021);
#3541=LINE('',#9501,#4022);
#3542=LINE('',#9503,#4023);
#3543=LINE('',#9505,#4024);
#3544=LINE('',#9507,#4025);
#3545=LINE('',#9509,#4026);
#3546=LINE('',#9511,#4027);
#3547=LINE('',#9513,#4028);
#3548=LINE('',#9515,#4029);
#3549=LINE('',#9517,#4030);
#3550=LINE('',#9519,#4031);
#3551=LINE('',#9521,#4032);
#3552=LINE('',#9523,#4033);
#3553=LINE('',#9525,#4034);
#3554=LINE('',#9527,#4035);
#3555=LINE('',#9529,#4036);
#3556=LINE('',#9562,#4037);
#3557=LINE('',#9564,#4038);
#3558=LINE('',#9566,#4039);
#3559=LINE('',#9568,#4040);
#3560=LINE('',#9570,#4041);
#3561=LINE('',#9607,#4042);
#3562=LINE('',#9609,#4043);
#3563=LINE('',#9748,#4044);
#3564=LINE('',#9766,#4045);
#3565=LINE('',#9767,#4046);
#3566=LINE('',#9769,#4047);
#3567=LINE('',#9842,#4048);
#3568=LINE('',#9844,#4049);
#3569=LINE('',#9846,#4050);
#3570=LINE('',#9848,#4051);
#3571=LINE('',#9850,#4052);
#3572=LINE('',#9852,#4053);
#3573=LINE('',#9854,#4054);
#3574=LINE('',#9856,#4055);
#3575=LINE('',#9958,#4056);
#3576=LINE('',#9959,#4057);
#3577=LINE('',#9961,#4058);
#3578=LINE('',#9963,#4059);
#3579=LINE('',#9965,#4060);
#3580=LINE('',#9967,#4061);
#3581=LINE('',#9969,#4062);
#3582=LINE('',#9970,#4063);
#3583=LINE('',#10013,#4064);
#3584=LINE('',#10033,#4065);
#3585=LINE('',#10058,#4066);
#3586=LINE('',#10059,#4067);
#3587=LINE('',#10060,#4068);
#3588=LINE('',#10069,#4069);
#3589=LINE('',#10071,#4070);
#3590=LINE('',#10073,#4071);
#3591=LINE('',#10075,#4072);
#3592=LINE('',#10076,#4073);
#3593=LINE('',#10093,#4074);
#3594=LINE('',#10100,#4075);
#3595=LINE('',#10109,#4076);
#3596=LINE('',#10155,#4077);
#3597=LINE('',#10167,#4078);
#3598=LINE('',#10178,#4079);
#3599=LINE('',#10189,#4080);
#3600=LINE('',#10191,#4081);
#3601=LINE('',#10226,#4082);
#3602=LINE('',#10228,#4083);
#3603=LINE('',#10230,#4084);
#3604=LINE('',#10232,#4085);
#3605=LINE('',#10234,#4086);
#3606=LINE('',#10236,#4087);
#3607=LINE('',#10238,#4088);
#3608=LINE('',#10239,#4089);
#3609=LINE('',#10241,#4090);
#3610=LINE('',#10243,#4091);
#3611=LINE('',#10246,#4092);
#3612=LINE('',#10247,#4093);
#3613=LINE('',#10249,#4094);
#3614=LINE('',#10251,#4095);
#3615=LINE('',#10253,#4096);
#3616=LINE('',#10255,#4097);
#3617=LINE('',#10257,#4098);
#3618=LINE('',#10259,#4099);
#3619=LINE('',#10261,#4100);
#3620=LINE('',#10263,#4101);
#3621=LINE('',#10265,#4102);
#3622=LINE('',#10267,#4103);
#3623=LINE('',#10782,#4104);
#3624=LINE('',#10785,#4105);
#3625=LINE('',#10789,#4106);
#3626=LINE('',#10791,#4107);
#3627=LINE('',#10798,#4108);
#3628=LINE('',#10799,#4109);
#3629=LINE('',#10803,#4110);
#3630=LINE('',#10804,#4111);
#3631=LINE('',#10808,#4112);
#3632=LINE('',#10809,#4113);
#3633=LINE('',#10813,#4114);
#3634=LINE('',#10814,#4115);
#3635=LINE('',#10818,#4116);
#3636=LINE('',#10819,#4117);
#3637=LINE('',#10823,#4118);
#3638=LINE('',#10824,#4119);
#3639=LINE('',#10828,#4120);
#3640=LINE('',#10829,#4121);
#3641=LINE('',#10833,#4122);
#3642=LINE('',#10834,#4123);
#3643=LINE('',#10838,#4124);
#3644=LINE('',#10839,#4125);
#3645=LINE('',#10843,#4126);
#3646=LINE('',#10844,#4127);
#3647=LINE('',#10848,#4128);
#3648=LINE('',#10849,#4129);
#3649=LINE('',#10853,#4130);
#3650=LINE('',#10855,#4131);
#3651=LINE('',#10858,#4132);
#3652=LINE('',#10860,#4133);
#3653=LINE('',#10862,#4134);
#3654=LINE('',#10901,#4135);
#3655=LINE('',#10903,#4136);
#3656=LINE('',#10904,#4137);
#3657=LINE('',#10940,#4138);
#3658=LINE('',#10942,#4139);
#3659=LINE('',#10944,#4140);
#3660=LINE('',#10946,#4141);
#3661=LINE('',#10948,#4142);
#3662=LINE('',#10950,#4143);
#3663=LINE('',#10986,#4144);
#3664=LINE('',#10988,#4145);
#3665=LINE('',#10990,#4146);
#3666=LINE('',#10992,#4147);
#3667=LINE('',#10993,#4148);
#3668=LINE('',#10997,#4149);
#3669=LINE('',#10999,#4150);
#3670=LINE('',#11001,#4151);
#3671=LINE('',#11003,#4152);
#3672=LINE('',#11004,#4153);
#3673=LINE('',#11008,#4154);
#3674=LINE('',#11010,#4155);
#3675=LINE('',#11012,#4156);
#3676=LINE('',#11014,#4157);
#3677=LINE('',#11015,#4158);
#3678=LINE('',#11019,#4159);
#3679=LINE('',#11021,#4160);
#3680=LINE('',#11023,#4161);
#3681=LINE('',#11025,#4162);
#3682=LINE('',#11026,#4163);
#3683=LINE('',#11030,#4164);
#3684=LINE('',#11032,#4165);
#3685=LINE('',#11034,#4166);
#3686=LINE('',#11036,#4167);
#3687=LINE('',#11037,#4168);
#3688=LINE('',#11041,#4169);
#3689=LINE('',#11043,#4170);
#3690=LINE('',#11045,#4171);
#3691=LINE('',#11047,#4172);
#3692=LINE('',#11048,#4173);
#3693=LINE('',#11052,#4174);
#3694=LINE('',#11054,#4175);
#3695=LINE('',#11085,#4176);
#3696=LINE('',#11109,#4177);
#3697=LINE('',#11111,#4178);
#3698=VECTOR('',#5432,1.);
#3699=VECTOR('',#5433,1.);
#3700=VECTOR('',#5436,1.);
#3701=VECTOR('',#5437,1.);
#3702=VECTOR('',#5438,1.);
#3703=VECTOR('',#5441,1.);
#3704=VECTOR('',#5442,1.);
#3705=VECTOR('',#5443,1.);
#3706=VECTOR('',#5446,1.);
#3707=VECTOR('',#5447,1.);
#3708=VECTOR('',#5448,1.);
#3709=VECTOR('',#5451,1.);
#3710=VECTOR('',#5452,1.);
#3711=VECTOR('',#5453,1.);
#3712=VECTOR('',#5456,1.);
#3713=VECTOR('',#5457,1.);
#3714=VECTOR('',#5458,1.);
#3715=VECTOR('',#5461,1.);
#3716=VECTOR('',#5462,1.);
#3717=VECTOR('',#5463,1.);
#3718=VECTOR('',#5466,1.);
#3719=VECTOR('',#5467,1.);
#3720=VECTOR('',#5468,1.);
#3721=VECTOR('',#5471,1.);
#3722=VECTOR('',#5472,1.);
#3723=VECTOR('',#5473,1.);
#3724=VECTOR('',#5474,1.);
#3725=VECTOR('',#5477,1.);
#3726=VECTOR('',#5478,1.);
#3727=VECTOR('',#5481,1.);
#3728=VECTOR('',#5482,1.);
#3729=VECTOR('',#5483,1.);
#3730=VECTOR('',#5484,1.);
#3731=VECTOR('',#5487,1.);
#3732=VECTOR('',#5488,1.);
#3733=VECTOR('',#5489,1.);
#3734=VECTOR('',#5492,1.);
#3735=VECTOR('',#5493,1.);
#3736=VECTOR('',#5494,1.);
#3737=VECTOR('',#5497,1.);
#3738=VECTOR('',#5498,1.);
#3739=VECTOR('',#5499,1.);
#3740=VECTOR('',#5502,1.);
#3741=VECTOR('',#5503,1.);
#3742=VECTOR('',#5504,1.);
#3743=VECTOR('',#5507,1.);
#3744=VECTOR('',#5508,1.);
#3745=VECTOR('',#5509,1.);
#3746=VECTOR('',#5510,1.);
#3747=VECTOR('',#5511,1.);
#3748=VECTOR('',#5512,1.);
#3749=VECTOR('',#5515,1.);
#3750=VECTOR('',#5516,1.);
#3751=VECTOR('',#5517,1.);
#3752=VECTOR('',#5518,1.);
#3753=VECTOR('',#5519,1.);
#3754=VECTOR('',#5520,1.);
#3755=VECTOR('',#5521,1.);
#3756=VECTOR('',#5522,1.);
#3757=VECTOR('',#5523,1.);
#3758=VECTOR('',#5524,1.);
#3759=VECTOR('',#5525,1.);
#3760=VECTOR('',#5526,1.);
#3761=VECTOR('',#5531,1.);
#3762=VECTOR('',#5536,1.);
#3763=VECTOR('',#5543,1.);
#3764=VECTOR('',#5544,1.);
#3765=VECTOR('',#5545,1.);
#3766=VECTOR('',#5546,1.);
#3767=VECTOR('',#5547,1.);
#3768=VECTOR('',#5548,1.);
#3769=VECTOR('',#5549,1.);
#3770=VECTOR('',#5552,1.);
#3771=VECTOR('',#5555,1.);
#3772=VECTOR('',#5564,1.);
#3773=VECTOR('',#5567,1.);
#3774=VECTOR('',#5570,1.);
#3775=VECTOR('',#5573,1.);
#3776=VECTOR('',#5576,1.);
#3777=VECTOR('',#5579,1.);
#3778=VECTOR('',#5582,1.);
#3779=VECTOR('',#5585,1.);
#3780=VECTOR('',#5588,1.);
#3781=VECTOR('',#5591,1.);
#3782=VECTOR('',#5594,1.);
#3783=VECTOR('',#5597,1.);
#3784=VECTOR('',#5600,1.);
#3785=VECTOR('',#5603,1.);
#3786=VECTOR('',#5606,1.);
#3787=VECTOR('',#5609,1.);
#3788=VECTOR('',#5612,1.);
#3789=VECTOR('',#5615,1.);
#3790=VECTOR('',#5618,1.);
#3791=VECTOR('',#5621,1.);
#3792=VECTOR('',#5624,1.);
#3793=VECTOR('',#5627,1.);
#3794=VECTOR('',#5630,1.);
#3795=VECTOR('',#5633,1.);
#3796=VECTOR('',#5636,1.);
#3797=VECTOR('',#5639,1.);
#3798=VECTOR('',#5642,1.);
#3799=VECTOR('',#5645,1.);
#3800=VECTOR('',#5648,1.);
#3801=VECTOR('',#5651,1.);
#3802=VECTOR('',#5654,1.);
#3803=VECTOR('',#5657,1.);
#3804=VECTOR('',#5660,1.);
#3805=VECTOR('',#5663,1.);
#3806=VECTOR('',#5666,1.);
#3807=VECTOR('',#5669,1.);
#3808=VECTOR('',#5672,1.);
#3809=VECTOR('',#5675,1.);
#3810=VECTOR('',#5678,1.);
#3811=VECTOR('',#5681,1.);
#3812=VECTOR('',#5684,1.);
#3813=VECTOR('',#5687,1.);
#3814=VECTOR('',#5690,1.);
#3815=VECTOR('',#5693,1.);
#3816=VECTOR('',#5696,1.);
#3817=VECTOR('',#5699,1.);
#3818=VECTOR('',#5702,1.);
#3819=VECTOR('',#5705,1.);
#3820=VECTOR('',#5714,1.);
#3821=VECTOR('',#5717,1.);
#3822=VECTOR('',#5734,1.);
#3823=VECTOR('',#5737,1.);
#3824=VECTOR('',#5742,1.);
#3825=VECTOR('',#5743,1.);
#3826=VECTOR('',#5746,1.);
#3827=VECTOR('',#5749,1.);
#3828=VECTOR('',#5750,1.);
#3829=VECTOR('',#5757,1.);
#3830=VECTOR('',#5760,1.);
#3831=VECTOR('',#5763,1.);
#3832=VECTOR('',#5766,1.);
#3833=VECTOR('',#5769,1.);
#3834=VECTOR('',#5772,1.);
#3835=VECTOR('',#5775,1.);
#3836=VECTOR('',#5778,1.);
#3837=VECTOR('',#5781,1.);
#3838=VECTOR('',#5784,1.);
#3839=VECTOR('',#5787,1.);
#3840=VECTOR('',#5790,1.);
#3841=VECTOR('',#5793,1.);
#3842=VECTOR('',#5796,1.);
#3843=VECTOR('',#5799,1.);
#3844=VECTOR('',#5802,1.);
#3845=VECTOR('',#5805,1.);
#3846=VECTOR('',#5808,1.);
#3847=VECTOR('',#5811,1.);
#3848=VECTOR('',#5814,1.);
#3849=VECTOR('',#5817,1.);
#3850=VECTOR('',#5820,1.);
#3851=VECTOR('',#5823,1.);
#3852=VECTOR('',#5826,1.);
#3853=VECTOR('',#5829,1.);
#3854=VECTOR('',#5832,1.);
#3855=VECTOR('',#5835,1.);
#3856=VECTOR('',#5838,1.);
#3857=VECTOR('',#5841,1.);
#3858=VECTOR('',#5844,1.);
#3859=VECTOR('',#5847,1.);
#3860=VECTOR('',#5850,1.);
#3861=VECTOR('',#5853,1.);
#3862=VECTOR('',#5856,1.);
#3863=VECTOR('',#5859,1.);
#3864=VECTOR('',#5862,1.);
#3865=VECTOR('',#5865,1.);
#3866=VECTOR('',#5868,1.);
#3867=VECTOR('',#5871,1.);
#3868=VECTOR('',#5874,1.);
#3869=VECTOR('',#5877,1.);
#3870=VECTOR('',#5880,1.);
#3871=VECTOR('',#5883,1.);
#3872=VECTOR('',#5886,1.);
#3873=VECTOR('',#5889,1.);
#3874=VECTOR('',#5892,1.);
#3875=VECTOR('',#5895,1.);
#3876=VECTOR('',#5898,1.);
#3877=VECTOR('',#5901,1.);
#3878=VECTOR('',#5902,1.);
#3879=VECTOR('',#5903,1.);
#3880=VECTOR('',#5904,1.);
#3881=VECTOR('',#5911,1.);
#3882=VECTOR('',#5912,1.);
#3883=VECTOR('',#5931,1.);
#3884=VECTOR('',#5934,1.);
#3885=VECTOR('',#5937,1.);
#3886=VECTOR('',#5938,1.);
#3887=VECTOR('',#5941,1.);
#3888=VECTOR('',#5942,1.);
#3889=VECTOR('',#5945,1.);
#3890=VECTOR('',#5946,1.);
#3891=VECTOR('',#5949,1.);
#3892=VECTOR('',#5950,1.);
#3893=VECTOR('',#5953,1.);
#3894=VECTOR('',#5954,1.);
#3895=VECTOR('',#5957,1.);
#3896=VECTOR('',#5958,1.);
#3897=VECTOR('',#5961,1.);
#3898=VECTOR('',#5962,1.);
#3899=VECTOR('',#5965,1.);
#3900=VECTOR('',#5966,1.);
#3901=VECTOR('',#5969,1.);
#3902=VECTOR('',#5970,1.);
#3903=VECTOR('',#5973,1.);
#3904=VECTOR('',#5974,1.);
#3905=VECTOR('',#5977,1.);
#3906=VECTOR('',#5978,1.);
#3907=VECTOR('',#5981,1.);
#3908=VECTOR('',#5982,1.);
#3909=VECTOR('',#5985,1.);
#3910=VECTOR('',#5986,1.);
#3911=VECTOR('',#5989,1.);
#3912=VECTOR('',#5990,1.);
#3913=VECTOR('',#5993,1.);
#3914=VECTOR('',#5994,1.);
#3915=VECTOR('',#5997,1.);
#3916=VECTOR('',#5998,1.);
#3917=VECTOR('',#6001,1.);
#3918=VECTOR('',#6002,1.);
#3919=VECTOR('',#6005,1.);
#3920=VECTOR('',#6006,1.);
#3921=VECTOR('',#6009,1.);
#3922=VECTOR('',#6010,1.);
#3923=VECTOR('',#6013,1.);
#3924=VECTOR('',#6014,1.);
#3925=VECTOR('',#6017,1.);
#3926=VECTOR('',#6018,1.);
#3927=VECTOR('',#6021,1.);
#3928=VECTOR('',#6022,1.);
#3929=VECTOR('',#6025,1.);
#3930=VECTOR('',#6026,1.);
#3931=VECTOR('',#6029,1.);
#3932=VECTOR('',#6030,1.);
#3933=VECTOR('',#6033,1.);
#3934=VECTOR('',#6034,1.);
#3935=VECTOR('',#6037,1.);
#3936=VECTOR('',#6038,1.);
#3937=VECTOR('',#6039,1.);
#3938=VECTOR('',#6040,1.);
#3939=VECTOR('',#6041,1.);
#3940=VECTOR('',#6042,1.);
#3941=VECTOR('',#6045,1.);
#3942=VECTOR('',#6046,1.);
#3943=VECTOR('',#6049,1.);
#3944=VECTOR('',#6050,1.);
#3945=VECTOR('',#6051,1.);
#3946=VECTOR('',#6054,1.);
#3947=VECTOR('',#6055,1.);
#3948=VECTOR('',#6056,1.);
#3949=VECTOR('',#6057,1.);
#3950=VECTOR('',#6058,1.);
#3951=VECTOR('',#6061,1.);
#3952=VECTOR('',#6062,1.);
#3953=VECTOR('',#6065,1.);
#3954=VECTOR('',#6068,1.);
#3955=VECTOR('',#6071,1.);
#3956=VECTOR('',#6074,1.);
#3957=VECTOR('',#6077,1.);
#3958=VECTOR('',#6080,1.);
#3959=VECTOR('',#6083,1.);
#3960=VECTOR('',#6086,1.);
#3961=VECTOR('',#6089,1.);
#3962=VECTOR('',#6092,1.);
#3963=VECTOR('',#6095,1.);
#3964=VECTOR('',#6098,1.);
#3965=VECTOR('',#6101,1.);
#3966=VECTOR('',#6104,1.);
#3967=VECTOR('',#6107,1.);
#3968=VECTOR('',#6110,1.);
#3969=VECTOR('',#6113,1.);
#3970=VECTOR('',#6116,1.);
#3971=VECTOR('',#6119,1.);
#3972=VECTOR('',#6122,1.);
#3973=VECTOR('',#6125,1.);
#3974=VECTOR('',#6128,1.);
#3975=VECTOR('',#6131,1.);
#3976=VECTOR('',#6134,1.);
#3977=VECTOR('',#6137,1.);
#3978=VECTOR('',#6138,1.);
#3979=VECTOR('',#6141,1.);
#3980=VECTOR('',#6144,1.);
#3981=VECTOR('',#6145,1.);
#3982=VECTOR('',#6172,1.);
#3983=VECTOR('',#6173,1.);
#3984=VECTOR('',#6176,1.);
#3985=VECTOR('',#6177,1.);
#3986=VECTOR('',#6180,1.);
#3987=VECTOR('',#6181,1.);
#3988=VECTOR('',#6186,1.);
#3989=VECTOR('',#6187,1.);
#3990=VECTOR('',#6188,1.);
#3991=VECTOR('',#6189,1.);
#3992=VECTOR('',#6190,1.);
#3993=VECTOR('',#6193,1.);
#3994=VECTOR('',#6194,1.);
#3995=VECTOR('',#6195,1.);
#3996=VECTOR('',#6196,1.);
#3997=VECTOR('',#6199,1.);
#3998=VECTOR('',#6200,1.);
#3999=VECTOR('',#6201,1.);
#4000=VECTOR('',#6202,1.);
#4001=VECTOR('',#6205,1.);
#4002=VECTOR('',#6206,1.);
#4003=VECTOR('',#6207,1.);
#4004=VECTOR('',#6210,1.);
#4005=VECTOR('',#6211,1.);
#4006=VECTOR('',#6212,1.);
#4007=VECTOR('',#6213,1.);
#4008=VECTOR('',#6216,1.);
#4009=VECTOR('',#6217,1.);
#4010=VECTOR('',#6220,1.);
#4011=VECTOR('',#6221,1.);
#4012=VECTOR('',#6222,1.);
#4013=VECTOR('',#6225,1.);
#4014=VECTOR('',#6226,1.);
#4015=VECTOR('',#6227,1.);
#4016=VECTOR('',#6228,1.);
#4017=VECTOR('',#6229,1.);
#4018=VECTOR('',#6230,1.);
#4019=VECTOR('',#6233,1.);
#4020=VECTOR('',#6234,1.);
#4021=VECTOR('',#6235,1.);
#4022=VECTOR('',#6238,1.);
#4023=VECTOR('',#6239,1.);
#4024=VECTOR('',#6240,1.);
#4025=VECTOR('',#6243,1.);
#4026=VECTOR('',#6244,1.);
#4027=VECTOR('',#6245,1.);
#4028=VECTOR('',#6248,1.);
#4029=VECTOR('',#6249,1.);
#4030=VECTOR('',#6250,1.);
#4031=VECTOR('',#6253,1.);
#4032=VECTOR('',#6254,1.);
#4033=VECTOR('',#6255,1.);
#4034=VECTOR('',#6258,1.);
#4035=VECTOR('',#6259,1.);
#4036=VECTOR('',#6260,1.);
#4037=VECTOR('',#6261,1.);
#4038=VECTOR('',#6264,1.);
#4039=VECTOR('',#6265,1.);
#4040=VECTOR('',#6268,1.);
#4041=VECTOR('',#6269,1.);
#4042=VECTOR('',#6270,1.);
#4043=VECTOR('',#6271,1.);
#4044=VECTOR('',#6272,1.);
#4045=VECTOR('',#6273,1.);
#4046=VECTOR('',#6274,1.);
#4047=VECTOR('',#6275,1.);
#4048=VECTOR('',#6278,1.);
#4049=VECTOR('',#6279,1.);
#4050=VECTOR('',#6280,1.);
#4051=VECTOR('',#6281,1.);
#4052=VECTOR('',#6284,1.);
#4053=VECTOR('',#6285,1.);
#4054=VECTOR('',#6286,1.);
#4055=VECTOR('',#6287,1.);
#4056=VECTOR('',#6290,1.);
#4057=VECTOR('',#6291,1.);
#4058=VECTOR('',#6292,1.);
#4059=VECTOR('',#6293,1.);
#4060=VECTOR('',#6294,1.);
#4061=VECTOR('',#6295,1.);
#4062=VECTOR('',#6296,1.);
#4063=VECTOR('',#6297,1.);
#4064=VECTOR('',#6298,1.);
#4065=VECTOR('',#6305,1.);
#4066=VECTOR('',#6306,1.);
#4067=VECTOR('',#6307,1.);
#4068=VECTOR('',#6308,1.);
#4069=VECTOR('',#6309,1.);
#4070=VECTOR('',#6312,1.);
#4071=VECTOR('',#6313,1.);
#4072=VECTOR('',#6314,1.);
#4073=VECTOR('',#6315,1.);
#4074=VECTOR('',#6316,1.);
#4075=VECTOR('',#6317,1.);
#4076=VECTOR('',#6322,1.);
#4077=VECTOR('',#6323,1.);
#4078=VECTOR('',#6324,1.);
#4079=VECTOR('',#6325,1.);
#4080=VECTOR('',#6326,1.);
#4081=VECTOR('',#6329,1.);
#4082=VECTOR('',#6330,1.);
#4083=VECTOR('',#6333,1.);
#4084=VECTOR('',#6334,1.);
#4085=VECTOR('',#6335,1.);
#4086=VECTOR('',#6338,1.);
#4087=VECTOR('',#6339,1.);
#4088=VECTOR('',#6342,1.);
#4089=VECTOR('',#6343,1.);
#4090=VECTOR('',#6346,1.);
#4091=VECTOR('',#6349,1.);
#4092=VECTOR('',#6350,1.);
#4093=VECTOR('',#6351,1.);
#4094=VECTOR('',#6354,1.);
#4095=VECTOR('',#6355,1.);
#4096=VECTOR('',#6358,1.);
#4097=VECTOR('',#6359,1.);
#4098=VECTOR('',#6362,1.);
#4099=VECTOR('',#6363,1.);
#4100=VECTOR('',#6366,1.);
#4101=VECTOR('',#6369,1.);
#4102=VECTOR('',#6370,1.);
#4103=VECTOR('',#6373,1.);
#4104=VECTOR('',#6374,1.);
#4105=VECTOR('',#6379,1.);
#4106=VECTOR('',#6386,1.);
#4107=VECTOR('',#6389,1.);
#4108=VECTOR('',#6402,1.);
#4109=VECTOR('',#6403,1.);
#4110=VECTOR('',#6410,1.);
#4111=VECTOR('',#6411,1.);
#4112=VECTOR('',#6418,1.);
#4113=VECTOR('',#6419,1.);
#4114=VECTOR('',#6426,1.);
#4115=VECTOR('',#6427,1.);
#4116=VECTOR('',#6434,1.);
#4117=VECTOR('',#6435,1.);
#4118=VECTOR('',#6442,1.);
#4119=VECTOR('',#6443,1.);
#4120=VECTOR('',#6450,1.);
#4121=VECTOR('',#6451,1.);
#4122=VECTOR('',#6458,1.);
#4123=VECTOR('',#6459,1.);
#4124=VECTOR('',#6466,1.);
#4125=VECTOR('',#6467,1.);
#4126=VECTOR('',#6474,1.);
#4127=VECTOR('',#6475,1.);
#4128=VECTOR('',#6482,1.);
#4129=VECTOR('',#6483,1.);
#4130=VECTOR('',#6490,1.);
#4131=VECTOR('',#6493,1.);
#4132=VECTOR('',#6498,1.);
#4133=VECTOR('',#6499,1.);
#4134=VECTOR('',#6500,1.);
#4135=VECTOR('',#6501,1.);
#4136=VECTOR('',#6504,1.);
#4137=VECTOR('',#6505,1.);
#4138=VECTOR('',#6512,1.);
#4139=VECTOR('',#6513,1.);
#4140=VECTOR('',#6514,1.);
#4141=VECTOR('',#6517,1.);
#4142=VECTOR('',#6518,1.);
#4143=VECTOR('',#6519,1.);
#4144=VECTOR('',#6526,1.);
#4145=VECTOR('',#6527,1.);
#4146=VECTOR('',#6528,1.);
#4147=VECTOR('',#6531,1.);
#4148=VECTOR('',#6532,1.);
#4149=VECTOR('',#6539,1.);
#4150=VECTOR('',#6540,1.);
#4151=VECTOR('',#6541,1.);
#4152=VECTOR('',#6544,1.);
#4153=VECTOR('',#6545,1.);
#4154=VECTOR('',#6552,1.);
#4155=VECTOR('',#6553,1.);
#4156=VECTOR('',#6554,1.);
#4157=VECTOR('',#6557,1.);
#4158=VECTOR('',#6558,1.);
#4159=VECTOR('',#6565,1.);
#4160=VECTOR('',#6566,1.);
#4161=VECTOR('',#6567,1.);
#4162=VECTOR('',#6570,1.);
#4163=VECTOR('',#6571,1.);
#4164=VECTOR('',#6578,1.);
#4165=VECTOR('',#6579,1.);
#4166=VECTOR('',#6580,1.);
#4167=VECTOR('',#6583,1.);
#4168=VECTOR('',#6584,1.);
#4169=VECTOR('',#6591,1.);
#4170=VECTOR('',#6592,1.);
#4171=VECTOR('',#6593,1.);
#4172=VECTOR('',#6596,1.);
#4173=VECTOR('',#6597,1.);
#4174=VECTOR('',#6604,1.);
#4175=VECTOR('',#6605,1.);
#4176=VECTOR('',#6606,1.);
#4177=VECTOR('',#6609,1.);
#4178=VECTOR('',#6612,1.);
#4179=EDGE_LOOP('',(#487,#488,#489,#490));
#4180=EDGE_LOOP('',(#491,#492,#493,#494));
#4181=EDGE_LOOP('',(#495,#496,#497,#498));
#4182=EDGE_LOOP('',(#499,#500,#501,#502));
#4183=EDGE_LOOP('',(#503,#504,#505,#506));
#4184=EDGE_LOOP('',(#507,#508,#509,#510));
#4185=EDGE_LOOP('',(#511,#512,#513,#514));
#4186=EDGE_LOOP('',(#515,#516,#517,#518));
#4187=EDGE_LOOP('',(#519,#520,#521,#522));
#4188=EDGE_LOOP('',(#523,#524,#525,#526));
#4189=EDGE_LOOP('',(#527,#528,#529,#530));
#4190=EDGE_LOOP('',(#531,#532,#533,#534));
#4191=EDGE_LOOP('',(#535,#536,#537,#538));
#4192=EDGE_LOOP('',(#539,#540,#541,#542));
#4193=EDGE_LOOP('',(#543,#544,#545,#546));
#4194=EDGE_LOOP('',(#547,#548,#549,#550,#551,#552));
#4195=EDGE_LOOP('',(#553,#554,#555,#556));
#4196=EDGE_LOOP('',(#557,#558,#559,#560,#561));
#4197=EDGE_LOOP('',(#562,#563,#564,#565));
#4198=EDGE_LOOP('',(#566,#567,#568,#569));
#4199=EDGE_LOOP('',(#570,#571,#572,#573));
#4200=EDGE_LOOP('',(#574,#575,#576,#577));
#4201=EDGE_LOOP('',(#578,#579,#580,#581));
#4202=EDGE_LOOP('',(#582,#583,#584,#585));
#4203=EDGE_LOOP('',(#586,#587,#588,#589,#590,#591,#592,#593,#594,#595,#596,
#597,#598,#599,#600,#601,#602,#603));
#4204=EDGE_LOOP('',(#604,#605));
#4205=EDGE_LOOP('',(#606,#607,#608,#609,#610,#611,#612,#613,#614));
#4206=EDGE_LOOP('',(#615,#616,#617));
#4207=EDGE_LOOP('',(#618,#619,#620,#621,#622,#623,#624,#625));
#4208=EDGE_LOOP('',(#626,#627,#628,#629,#630,#631,#632,#633));
#4209=EDGE_LOOP('',(#634,#635,#636,#637,#638,#639,#640,#641));
#4210=EDGE_LOOP('',(#642,#643,#644,#645,#646,#647,#648,#649));
#4211=EDGE_LOOP('',(#650,#651,#652,#653,#654,#655,#656,#657));
#4212=EDGE_LOOP('',(#658,#659,#660,#661,#662,#663,#664,#665));
#4213=EDGE_LOOP('',(#666,#667,#668,#669,#670,#671,#672,#673));
#4214=EDGE_LOOP('',(#674,#675,#676,#677,#678,#679,#680,#681));
#4215=EDGE_LOOP('',(#682,#683,#684,#685,#686,#687,#688,#689));
#4216=EDGE_LOOP('',(#690,#691,#692,#693,#694,#695,#696,#697));
#4217=EDGE_LOOP('',(#698,#699,#700,#701,#702,#703,#704,#705));
#4218=EDGE_LOOP('',(#706,#707,#708,#709,#710,#711,#712,#713));
#4219=EDGE_LOOP('',(#714,#715,#716));
#4220=EDGE_LOOP('',(#717,#718,#719,#720,#721,#722,#723,#724));
#4221=EDGE_LOOP('',(#725,#726));
#4222=EDGE_LOOP('',(#727,#728));
#4223=EDGE_LOOP('',(#729,#730));
#4224=EDGE_LOOP('',(#731,#732));
#4225=EDGE_LOOP('',(#733,#734,#735,#736,#737,#738,#739,#740));
#4226=EDGE_LOOP('',(#741,#742,#743,#744,#745,#746,#747,#748,#749));
#4227=EDGE_LOOP('',(#750,#751));
#4228=EDGE_LOOP('',(#752,#753,#754));
#4229=EDGE_LOOP('',(#755,#756,#757,#758,#759,#760,#761,#762));
#4230=EDGE_LOOP('',(#763,#764,#765,#766,#767,#768,#769,#770));
#4231=EDGE_LOOP('',(#771,#772,#773,#774,#775,#776,#777,#778));
#4232=EDGE_LOOP('',(#779,#780,#781,#782,#783,#784,#785,#786));
#4233=EDGE_LOOP('',(#787,#788,#789,#790,#791,#792,#793,#794));
#4234=EDGE_LOOP('',(#795,#796,#797,#798,#799,#800,#801,#802));
#4235=EDGE_LOOP('',(#803,#804,#805,#806,#807,#808,#809,#810));
#4236=EDGE_LOOP('',(#811,#812,#813,#814,#815,#816,#817,#818));
#4237=EDGE_LOOP('',(#819,#820,#821,#822,#823,#824,#825,#826));
#4238=EDGE_LOOP('',(#827,#828,#829,#830,#831,#832,#833,#834));
#4239=EDGE_LOOP('',(#835,#836,#837,#838,#839,#840,#841,#842));
#4240=EDGE_LOOP('',(#843,#844,#845,#846,#847,#848,#849,#850));
#4241=EDGE_LOOP('',(#851,#852,#853,#854,#855,#856,#857,#858,#859,#860,#861,
#862,#863,#864,#865,#866));
#4242=EDGE_LOOP('',(#867,#868,#869));
#4243=EDGE_LOOP('',(#870,#871,#872,#873,#874,#875,#876,#877));
#4244=EDGE_LOOP('',(#878,#879));
#4245=EDGE_LOOP('',(#880,#881));
#4246=EDGE_LOOP('',(#882,#883));
#4247=EDGE_LOOP('',(#884,#885));
#4248=EDGE_LOOP('',(#886,#887,#888,#889,#890,#891,#892,#893));
#4249=EDGE_LOOP('',(#894,#895,#896,#897));
#4250=EDGE_LOOP('',(#898,#899,#900,#901));
#4251=EDGE_LOOP('',(#902,#903,#904,#905));
#4252=EDGE_LOOP('',(#906,#907,#908,#909));
#4253=EDGE_LOOP('',(#910,#911,#912,#913));
#4254=EDGE_LOOP('',(#914,#915,#916,#917));
#4255=EDGE_LOOP('',(#918,#919,#920,#921));
#4256=EDGE_LOOP('',(#922,#923,#924,#925));
#4257=EDGE_LOOP('',(#926,#927,#928,#929));
#4258=EDGE_LOOP('',(#930,#931,#932,#933));
#4259=EDGE_LOOP('',(#934,#935,#936,#937));
#4260=EDGE_LOOP('',(#938,#939,#940,#941));
#4261=EDGE_LOOP('',(#942,#943,#944,#945));
#4262=EDGE_LOOP('',(#946,#947,#948,#949));
#4263=EDGE_LOOP('',(#950,#951,#952,#953));
#4264=EDGE_LOOP('',(#954,#955,#956,#957));
#4265=EDGE_LOOP('',(#958,#959,#960,#961));
#4266=EDGE_LOOP('',(#962,#963,#964,#965));
#4267=EDGE_LOOP('',(#966,#967,#968,#969));
#4268=EDGE_LOOP('',(#970,#971,#972,#973));
#4269=EDGE_LOOP('',(#974,#975,#976,#977));
#4270=EDGE_LOOP('',(#978,#979,#980,#981));
#4271=EDGE_LOOP('',(#982,#983,#984,#985));
#4272=EDGE_LOOP('',(#986,#987,#988,#989));
#4273=EDGE_LOOP('',(#990,#991,#992,#993));
#4274=EDGE_LOOP('',(#994,#995,#996,#997));
#4275=EDGE_LOOP('',(#998,#999,#1000,#1001));
#4276=EDGE_LOOP('',(#1002,#1003,#1004,#1005));
#4277=EDGE_LOOP('',(#1006,#1007,#1008,#1009));
#4278=EDGE_LOOP('',(#1010,#1011,#1012,#1013,#1014));
#4279=EDGE_LOOP('',(#1015,#1016,#1017,#1018,#1019,#1020,#1021,#1022,#1023,
#1024,#1025,#1026,#1027,#1028,#1029,#1030,#1031,#1032));
#4280=EDGE_LOOP('',(#1033,#1034,#1035,#1036,#1037,#1038,#1039,#1040,#1041,
#1042,#1043,#1044,#1045,#1046,#1047,#1048,#1049,#1050,#1051));
#4281=EDGE_LOOP('',(#1052,#1053,#1054,#1055));
#4282=EDGE_LOOP('',(#1056,#1057,#1058,#1059));
#4283=EDGE_LOOP('',(#1060,#1061,#1062,#1063));
#4284=EDGE_LOOP('',(#1064,#1065,#1066,#1067));
#4285=EDGE_LOOP('',(#1068,#1069,#1070,#1071));
#4286=EDGE_LOOP('',(#1072,#1073,#1074,#1075));
#4287=EDGE_LOOP('',(#1076,#1077,#1078,#1079));
#4288=EDGE_LOOP('',(#1080,#1081,#1082,#1083));
#4289=EDGE_LOOP('',(#1084,#1085,#1086,#1087));
#4290=EDGE_LOOP('',(#1088,#1089,#1090,#1091));
#4291=EDGE_LOOP('',(#1092,#1093,#1094,#1095));
#4292=EDGE_LOOP('',(#1096,#1097,#1098,#1099));
#4293=EDGE_LOOP('',(#1100,#1101,#1102,#1103));
#4294=EDGE_LOOP('',(#1104,#1105,#1106,#1107));
#4295=EDGE_LOOP('',(#1108,#1109,#1110,#1111));
#4296=EDGE_LOOP('',(#1112,#1113,#1114,#1115));
#4297=EDGE_LOOP('',(#1116,#1117,#1118,#1119));
#4298=EDGE_LOOP('',(#1120,#1121,#1122,#1123));
#4299=EDGE_LOOP('',(#1124,#1125,#1126,#1127));
#4300=EDGE_LOOP('',(#1128,#1129,#1130,#1131));
#4301=EDGE_LOOP('',(#1132,#1133,#1134,#1135));
#4302=EDGE_LOOP('',(#1136,#1137,#1138,#1139));
#4303=EDGE_LOOP('',(#1140,#1141,#1142,#1143));
#4304=EDGE_LOOP('',(#1144,#1145,#1146,#1147));
#4305=EDGE_LOOP('',(#1148,#1149,#1150,#1151));
#4306=EDGE_LOOP('',(#1152,#1153,#1154,#1155));
#4307=EDGE_LOOP('',(#1156,#1157,#1158,#1159));
#4308=EDGE_LOOP('',(#1160,#1161,#1162,#1163));
#4309=EDGE_LOOP('',(#1164,#1165,#1166,#1167));
#4310=EDGE_LOOP('',(#1168,#1169,#1170,#1171));
#4311=EDGE_LOOP('',(#1172,#1173,#1174,#1175));
#4312=EDGE_LOOP('',(#1176,#1177,#1178,#1179));
#4313=EDGE_LOOP('',(#1180,#1181,#1182,#1183));
#4314=EDGE_LOOP('',(#1184,#1185,#1186,#1187));
#4315=EDGE_LOOP('',(#1188,#1189,#1190,#1191));
#4316=EDGE_LOOP('',(#1192,#1193,#1194,#1195));
#4317=EDGE_LOOP('',(#1196,#1197,#1198,#1199));
#4318=EDGE_LOOP('',(#1200,#1201,#1202,#1203));
#4319=EDGE_LOOP('',(#1204,#1205,#1206,#1207));
#4320=EDGE_LOOP('',(#1208,#1209,#1210,#1211));
#4321=EDGE_LOOP('',(#1212,#1213,#1214,#1215));
#4322=EDGE_LOOP('',(#1216,#1217,#1218,#1219));
#4323=EDGE_LOOP('',(#1220,#1221,#1222,#1223));
#4324=EDGE_LOOP('',(#1224,#1225,#1226,#1227));
#4325=EDGE_LOOP('',(#1228,#1229,#1230,#1231,#1232,#1233,#1234,#1235));
#4326=EDGE_LOOP('',(#1236,#1237,#1238,#1239));
#4327=EDGE_LOOP('',(#1240,#1241,#1242,#1243,#1244,#1245,#1246,#1247));
#4328=EDGE_LOOP('',(#1248,#1249,#1250,#1251));
#4329=EDGE_LOOP('',(#1252,#1253,#1254,#1255,#1256,#1257,#1258,#1259));
#4330=EDGE_LOOP('',(#1260,#1261,#1262,#1263));
#4331=EDGE_LOOP('',(#1264,#1265,#1266,#1267,#1268,#1269,#1270,#1271));
#4332=EDGE_LOOP('',(#1272,#1273,#1274,#1275));
#4333=EDGE_LOOP('',(#1276,#1277,#1278,#1279));
#4334=EDGE_LOOP('',(#1280,#1281,#1282,#1283,#1284));
#4335=EDGE_LOOP('',(#1285,#1286,#1287,#1288));
#4336=EDGE_LOOP('',(#1289,#1290,#1291,#1292));
#4337=EDGE_LOOP('',(#1293,#1294,#1295,#1296));
#4338=EDGE_LOOP('',(#1297,#1298,#1299,#1300,#1301,#1302));
#4339=EDGE_LOOP('',(#1303,#1304,#1305,#1306,#1307,#1308,#1309));
#4340=EDGE_LOOP('',(#1310,#1311,#1312,#1313,#1314,#1315));
#4341=EDGE_LOOP('',(#1316,#1317,#1318,#1319));
#4342=EDGE_LOOP('',(#1320,#1321,#1322,#1323));
#4343=EDGE_LOOP('',(#1324,#1325,#1326,#1327));
#4344=EDGE_LOOP('',(#1328,#1329,#1330,#1331));
#4345=EDGE_LOOP('',(#1332,#1333,#1334,#1335));
#4346=EDGE_LOOP('',(#1336,#1337,#1338,#1339));
#4347=EDGE_LOOP('',(#1340,#1341,#1342,#1343));
#4348=EDGE_LOOP('',(#1344,#1345,#1346,#1347));
#4349=EDGE_LOOP('',(#1348,#1349,#1350,#1351));
#4350=EDGE_LOOP('',(#1352,#1353,#1354,#1355,#1356));
#4351=EDGE_LOOP('',(#1357,#1358,#1359,#1360,#1361,#1362,#1363,#1364,#1365,
#1366,#1367,#1368));
#4352=EDGE_LOOP('',(#1369,#1370,#1371,#1372,#1373,#1374,#1375,#1376,#1377,
#1378,#1379));
#4353=EDGE_LOOP('',(#1380,#1381,#1382,#1383,#1384,#1385));
#4354=EDGE_LOOP('',(#1386,#1387,#1388,#1389,#1390,#1391));
#4355=EDGE_LOOP('',(#1392,#1393,#1394,#1395,#1396));
#4356=EDGE_LOOP('',(#1397,#1398,#1399,#1400,#1401,#1402,#1403,#1404,#1405,
#1406,#1407,#1408,#1409,#1410,#1411,#1412,#1413,#1414,#1415));
#4357=EDGE_LOOP('',(#1416,#1417,#1418,#1419,#1420,#1421,#1422));
#4358=EDGE_LOOP('',(#1423,#1424,#1425,#1426,#1427));
#4359=EDGE_LOOP('',(#1428,#1429,#1430,#1431));
#4360=EDGE_LOOP('',(#1432,#1433,#1434,#1435,#1436,#1437,#1438,#1439,#1440,
#1441));
#4361=EDGE_LOOP('',(#1442,#1443,#1444,#1445,#1446,#1447,#1448,#1449));
#4362=EDGE_LOOP('',(#1450,#1451,#1452,#1453,#1454,#1455,#1456,#1457,#1458,
#1459));
#4363=EDGE_LOOP('',(#1460,#1461,#1462,#1463));
#4364=EDGE_LOOP('',(#1464,#1465,#1466,#1467));
#4365=EDGE_LOOP('',(#1468,#1469,#1470,#1471,#1472,#1473,#1474,#1475));
#4366=EDGE_LOOP('',(#1476,#1477,#1478,#1479));
#4367=EDGE_LOOP('',(#1480,#1481,#1482,#1483,#1484,#1485,#1486,#1487));
#4368=EDGE_LOOP('',(#1488,#1489,#1490,#1491));
#4369=EDGE_LOOP('',(#1492,#1493,#1494,#1495));
#4370=EDGE_LOOP('',(#1496,#1497,#1498,#1499));
#4371=EDGE_LOOP('',(#1500,#1501,#1502,#1503));
#4372=EDGE_LOOP('',(#1504,#1505,#1506,#1507));
#4373=EDGE_LOOP('',(#1508,#1509,#1510,#1511));
#4374=EDGE_LOOP('',(#1512,#1513,#1514,#1515));
#4375=EDGE_LOOP('',(#1516,#1517,#1518,#1519));
#4376=EDGE_LOOP('',(#1520,#1521,#1522,#1523));
#4377=EDGE_LOOP('',(#1524,#1525,#1526,#1527));
#4378=EDGE_LOOP('',(#1528,#1529,#1530,#1531));
#4379=EDGE_LOOP('',(#1532,#1533,#1534,#1535,#1536));
#4380=EDGE_LOOP('',(#1537,#1538,#1539,#1540));
#4381=EDGE_LOOP('',(#1541,#1542,#1543,#1544));
#4382=EDGE_LOOP('',(#1545,#1546,#1547,#1548));
#4383=EDGE_LOOP('',(#1549,#1550,#1551,#1552));
#4384=EDGE_LOOP('',(#1553,#1554,#1555,#1556));
#4385=EDGE_LOOP('',(#1557,#1558,#1559,#1560,#1561));
#4386=EDGE_LOOP('',(#1562,#1563,#1564,#1565,#1566,#1567));
#4387=EDGE_LOOP('',(#1568,#1569,#1570,#1571));
#4388=EDGE_LOOP('',(#1572,#1573,#1574,#1575));
#4389=EDGE_LOOP('',(#1576,#1577,#1578,#1579));
#4390=EDGE_LOOP('',(#1580,#1581,#1582,#1583));
#4391=EDGE_LOOP('',(#1584,#1585,#1586,#1587));
#4392=EDGE_LOOP('',(#1588,#1589,#1590,#1591));
#4393=EDGE_LOOP('',(#1592,#1593,#1594,#1595));
#4394=EDGE_LOOP('',(#1596,#1597,#1598,#1599));
#4395=EDGE_LOOP('',(#1600,#1601,#1602,#1603));
#4396=EDGE_LOOP('',(#1604,#1605,#1606,#1607));
#4397=EDGE_LOOP('',(#1608,#1609,#1610,#1611));
#4398=EDGE_LOOP('',(#1612,#1613,#1614,#1615));
#4399=EDGE_LOOP('',(#1616,#1617,#1618,#1619));
#4400=EDGE_LOOP('',(#1620,#1621,#1622,#1623));
#4401=EDGE_LOOP('',(#1624,#1625,#1626,#1627));
#4402=EDGE_LOOP('',(#1628,#1629,#1630,#1631));
#4403=EDGE_LOOP('',(#1632,#1633,#1634,#1635));
#4404=EDGE_LOOP('',(#1636,#1637,#1638,#1639));
#4405=EDGE_LOOP('',(#1640,#1641,#1642,#1643));
#4406=EDGE_LOOP('',(#1644,#1645,#1646,#1647));
#4407=EDGE_LOOP('',(#1648,#1649,#1650,#1651));
#4408=EDGE_LOOP('',(#1652,#1653,#1654,#1655));
#4409=EDGE_LOOP('',(#1656,#1657,#1658,#1659));
#4410=EDGE_LOOP('',(#1660,#1661,#1662,#1663));
#4411=EDGE_LOOP('',(#1664,#1665,#1666,#1667));
#4412=EDGE_LOOP('',(#1668,#1669,#1670,#1671));
#4413=EDGE_LOOP('',(#1672,#1673,#1674,#1675));
#4414=EDGE_LOOP('',(#1676,#1677,#1678,#1679));
#4415=EDGE_LOOP('',(#1680,#1681,#1682,#1683));
#4416=EDGE_LOOP('',(#1684,#1685,#1686,#1687));
#4417=EDGE_LOOP('',(#1688,#1689,#1690,#1691));
#4418=EDGE_LOOP('',(#1692,#1693,#1694,#1695));
#4419=EDGE_LOOP('',(#1696,#1697,#1698,#1699));
#4420=EDGE_LOOP('',(#1700,#1701,#1702,#1703));
#4421=EDGE_LOOP('',(#1704,#1705,#1706,#1707));
#4422=EDGE_LOOP('',(#1708,#1709,#1710,#1711));
#4423=EDGE_LOOP('',(#1712,#1713,#1714,#1715));
#4424=EDGE_LOOP('',(#1716,#1717,#1718,#1719));
#4425=EDGE_LOOP('',(#1720,#1721,#1722,#1723));
#4426=EDGE_LOOP('',(#1724,#1725,#1726,#1727));
#4427=EDGE_LOOP('',(#1728,#1729,#1730,#1731));
#4428=EDGE_LOOP('',(#1732,#1733,#1734,#1735));
#4429=EDGE_LOOP('',(#1736,#1737,#1738,#1739));
#4430=EDGE_LOOP('',(#1740,#1741,#1742,#1743));
#4431=EDGE_LOOP('',(#1744,#1745,#1746,#1747));
#4432=EDGE_LOOP('',(#1748,#1749,#1750,#1751));
#4433=EDGE_LOOP('',(#1752,#1753,#1754,#1755));
#4434=EDGE_LOOP('',(#1756,#1757,#1758,#1759));
#4435=EDGE_LOOP('',(#1760,#1761,#1762,#1763));
#4436=EDGE_LOOP('',(#1764,#1765,#1766,#1767));
#4437=EDGE_LOOP('',(#1768,#1769,#1770,#1771,#1772));
#4438=EDGE_LOOP('',(#1773,#1774,#1775,#1776,#1777));
#4439=EDGE_LOOP('',(#1778,#1779,#1780,#1781));
#4440=EDGE_LOOP('',(#1782,#1783,#1784,#1785));
#4441=EDGE_LOOP('',(#1786,#1787,#1788,#1789));
#4442=EDGE_LOOP('',(#1790,#1791,#1792,#1793));
#4443=EDGE_LOOP('',(#1794,#1795,#1796,#1797,#1798,#1799,#1800));
#4444=EDGE_LOOP('',(#1801,#1802,#1803,#1804,#1805,#1806,#1807));
#4445=EDGE_LOOP('',(#1808,#1809,#1810,#1811));
#4446=EDGE_LOOP('',(#1812,#1813,#1814,#1815));
#4447=EDGE_LOOP('',(#1816,#1817,#1818));
#4448=EDGE_LOOP('',(#1819,#1820,#1821));
#4449=EDGE_LOOP('',(#1822,#1823,#1824,#1825));
#4450=EDGE_LOOP('',(#1826,#1827,#1828,#1829));
#4451=EDGE_LOOP('',(#1830,#1831,#1832));
#4452=EDGE_LOOP('',(#1833,#1834,#1835));
#4453=EDGE_LOOP('',(#1836,#1837,#1838,#1839));
#4454=EDGE_LOOP('',(#1840,#1841,#1842,#1843));
#4455=EDGE_LOOP('',(#1844,#1845,#1846));
#4456=EDGE_LOOP('',(#1847,#1848,#1849));
#4457=EDGE_LOOP('',(#1850,#1851,#1852,#1853));
#4458=EDGE_LOOP('',(#1854,#1855,#1856,#1857));
#4459=EDGE_LOOP('',(#1858,#1859,#1860));
#4460=EDGE_LOOP('',(#1861,#1862,#1863));
#4461=EDGE_LOOP('',(#1864,#1865,#1866,#1867));
#4462=EDGE_LOOP('',(#1868,#1869,#1870,#1871));
#4463=EDGE_LOOP('',(#1872,#1873,#1874));
#4464=EDGE_LOOP('',(#1875,#1876,#1877));
#4465=EDGE_LOOP('',(#1878,#1879,#1880,#1881));
#4466=EDGE_LOOP('',(#1882,#1883,#1884,#1885));
#4467=EDGE_LOOP('',(#1886,#1887,#1888));
#4468=EDGE_LOOP('',(#1889,#1890,#1891));
#4469=EDGE_LOOP('',(#1892,#1893,#1894,#1895));
#4470=EDGE_LOOP('',(#1896,#1897,#1898,#1899,#1900));
#4471=EDGE_LOOP('',(#1901,#1902,#1903,#1904,#1905,#1906,#1907,#1908,#1909,
#1910,#1911,#1912,#1913,#1914,#1915,#1916,#1917,#1918,#1919,#1920));
#4472=EDGE_LOOP('',(#1921,#1922,#1923,#1924,#1925,#1926,#1927,#1928,#1929,
#1930));
#4473=EDGE_LOOP('',(#1931,#1932,#1933,#1934));
#4474=EDGE_LOOP('',(#1935,#1936,#1937,#1938));
#4475=EDGE_LOOP('',(#1939,#1940,#1941,#1942,#1943,#1944,#1945,#1946,#1947,
#1948,#1949,#1950,#1951,#1952,#1953,#1954,#1955,#1956));
#4476=EDGE_LOOP('',(#1957,#1958,#1959,#1960,#1961,#1962,#1963,#1964,#1965,
#1966,#1967,#1968,#1969,#1970,#1971,#1972,#1973,#1974));
#4477=FACE_BOUND('',#4179,.T.);
#4478=FACE_BOUND('',#4180,.T.);
#4479=FACE_BOUND('',#4181,.T.);
#4480=FACE_BOUND('',#4182,.T.);
#4481=FACE_BOUND('',#4183,.T.);
#4482=FACE_BOUND('',#4184,.T.);
#4483=FACE_BOUND('',#4185,.T.);
#4484=FACE_BOUND('',#4186,.T.);
#4485=FACE_BOUND('',#4187,.T.);
#4486=FACE_BOUND('',#4188,.T.);
#4487=FACE_BOUND('',#4189,.T.);
#4488=FACE_BOUND('',#4190,.T.);
#4489=FACE_BOUND('',#4191,.T.);
#4490=FACE_BOUND('',#4192,.T.);
#4491=FACE_BOUND('',#4193,.T.);
#4492=FACE_BOUND('',#4194,.T.);
#4493=FACE_BOUND('',#4195,.T.);
#4494=FACE_BOUND('',#4196,.T.);
#4495=FACE_BOUND('',#4197,.T.);
#4496=FACE_BOUND('',#4198,.T.);
#4497=FACE_BOUND('',#4199,.T.);
#4498=FACE_BOUND('',#4200,.T.);
#4499=FACE_BOUND('',#4201,.T.);
#4500=FACE_BOUND('',#4202,.T.);
#4501=FACE_BOUND('',#4203,.T.);
#4502=FACE_BOUND('',#4204,.T.);
#4503=FACE_BOUND('',#4205,.T.);
#4504=FACE_BOUND('',#4206,.T.);
#4505=FACE_BOUND('',#4207,.T.);
#4506=FACE_BOUND('',#4208,.T.);
#4507=FACE_BOUND('',#4209,.T.);
#4508=FACE_BOUND('',#4210,.T.);
#4509=FACE_BOUND('',#4211,.T.);
#4510=FACE_BOUND('',#4212,.T.);
#4511=FACE_BOUND('',#4213,.T.);
#4512=FACE_BOUND('',#4214,.T.);
#4513=FACE_BOUND('',#4215,.T.);
#4514=FACE_BOUND('',#4216,.T.);
#4515=FACE_BOUND('',#4217,.T.);
#4516=FACE_BOUND('',#4218,.T.);
#4517=FACE_BOUND('',#4219,.T.);
#4518=FACE_BOUND('',#4220,.T.);
#4519=FACE_BOUND('',#4221,.T.);
#4520=FACE_BOUND('',#4222,.T.);
#4521=FACE_BOUND('',#4223,.T.);
#4522=FACE_BOUND('',#4224,.T.);
#4523=FACE_BOUND('',#4225,.T.);
#4524=FACE_BOUND('',#4226,.T.);
#4525=FACE_BOUND('',#4227,.T.);
#4526=FACE_BOUND('',#4228,.T.);
#4527=FACE_BOUND('',#4229,.T.);
#4528=FACE_BOUND('',#4230,.T.);
#4529=FACE_BOUND('',#4231,.T.);
#4530=FACE_BOUND('',#4232,.T.);
#4531=FACE_BOUND('',#4233,.T.);
#4532=FACE_BOUND('',#4234,.T.);
#4533=FACE_BOUND('',#4235,.T.);
#4534=FACE_BOUND('',#4236,.T.);
#4535=FACE_BOUND('',#4237,.T.);
#4536=FACE_BOUND('',#4238,.T.);
#4537=FACE_BOUND('',#4239,.T.);
#4538=FACE_BOUND('',#4240,.T.);
#4539=FACE_BOUND('',#4241,.T.);
#4540=FACE_BOUND('',#4242,.T.);
#4541=FACE_BOUND('',#4243,.T.);
#4542=FACE_BOUND('',#4244,.T.);
#4543=FACE_BOUND('',#4245,.T.);
#4544=FACE_BOUND('',#4246,.T.);
#4545=FACE_BOUND('',#4247,.T.);
#4546=FACE_BOUND('',#4248,.T.);
#4547=FACE_BOUND('',#4249,.T.);
#4548=FACE_BOUND('',#4250,.T.);
#4549=FACE_BOUND('',#4251,.T.);
#4550=FACE_BOUND('',#4252,.T.);
#4551=FACE_BOUND('',#4253,.T.);
#4552=FACE_BOUND('',#4254,.T.);
#4553=FACE_BOUND('',#4255,.T.);
#4554=FACE_BOUND('',#4256,.T.);
#4555=FACE_BOUND('',#4257,.T.);
#4556=FACE_BOUND('',#4258,.T.);
#4557=FACE_BOUND('',#4259,.T.);
#4558=FACE_BOUND('',#4260,.T.);
#4559=FACE_BOUND('',#4261,.T.);
#4560=FACE_BOUND('',#4262,.T.);
#4561=FACE_BOUND('',#4263,.T.);
#4562=FACE_BOUND('',#4264,.T.);
#4563=FACE_BOUND('',#4265,.T.);
#4564=FACE_BOUND('',#4266,.T.);
#4565=FACE_BOUND('',#4267,.T.);
#4566=FACE_BOUND('',#4268,.T.);
#4567=FACE_BOUND('',#4269,.T.);
#4568=FACE_BOUND('',#4270,.T.);
#4569=FACE_BOUND('',#4271,.T.);
#4570=FACE_BOUND('',#4272,.T.);
#4571=FACE_BOUND('',#4273,.T.);
#4572=FACE_BOUND('',#4274,.T.);
#4573=FACE_BOUND('',#4275,.T.);
#4574=FACE_BOUND('',#4276,.T.);
#4575=FACE_BOUND('',#4277,.T.);
#4576=FACE_BOUND('',#4278,.T.);
#4577=FACE_BOUND('',#4279,.T.);
#4578=FACE_BOUND('',#4280,.T.);
#4579=FACE_BOUND('',#4281,.T.);
#4580=FACE_BOUND('',#4282,.T.);
#4581=FACE_BOUND('',#4283,.T.);
#4582=FACE_BOUND('',#4284,.T.);
#4583=FACE_BOUND('',#4285,.T.);
#4584=FACE_BOUND('',#4286,.T.);
#4585=FACE_BOUND('',#4287,.T.);
#4586=FACE_BOUND('',#4288,.T.);
#4587=FACE_BOUND('',#4289,.T.);
#4588=FACE_BOUND('',#4290,.T.);
#4589=FACE_BOUND('',#4291,.T.);
#4590=FACE_BOUND('',#4292,.T.);
#4591=FACE_BOUND('',#4293,.T.);
#4592=FACE_BOUND('',#4294,.T.);
#4593=FACE_BOUND('',#4295,.T.);
#4594=FACE_BOUND('',#4296,.T.);
#4595=FACE_BOUND('',#4297,.T.);
#4596=FACE_BOUND('',#4298,.T.);
#4597=FACE_BOUND('',#4299,.T.);
#4598=FACE_BOUND('',#4300,.T.);
#4599=FACE_BOUND('',#4301,.T.);
#4600=FACE_BOUND('',#4302,.T.);
#4601=FACE_BOUND('',#4303,.T.);
#4602=FACE_BOUND('',#4304,.T.);
#4603=FACE_BOUND('',#4305,.T.);
#4604=FACE_BOUND('',#4306,.T.);
#4605=FACE_BOUND('',#4307,.T.);
#4606=FACE_BOUND('',#4308,.T.);
#4607=FACE_BOUND('',#4309,.T.);
#4608=FACE_BOUND('',#4310,.T.);
#4609=FACE_BOUND('',#4311,.T.);
#4610=FACE_BOUND('',#4312,.T.);
#4611=FACE_BOUND('',#4313,.T.);
#4612=FACE_BOUND('',#4314,.T.);
#4613=FACE_BOUND('',#4315,.T.);
#4614=FACE_BOUND('',#4316,.T.);
#4615=FACE_BOUND('',#4317,.T.);
#4616=FACE_BOUND('',#4318,.T.);
#4617=FACE_BOUND('',#4319,.T.);
#4618=FACE_BOUND('',#4320,.T.);
#4619=FACE_BOUND('',#4321,.T.);
#4620=FACE_BOUND('',#4322,.T.);
#4621=FACE_BOUND('',#4323,.T.);
#4622=FACE_BOUND('',#4324,.T.);
#4623=FACE_BOUND('',#4325,.T.);
#4624=FACE_BOUND('',#4326,.T.);
#4625=FACE_BOUND('',#4327,.T.);
#4626=FACE_BOUND('',#4328,.T.);
#4627=FACE_BOUND('',#4329,.T.);
#4628=FACE_BOUND('',#4330,.T.);
#4629=FACE_BOUND('',#4331,.T.);
#4630=FACE_BOUND('',#4332,.T.);
#4631=FACE_BOUND('',#4333,.T.);
#4632=FACE_BOUND('',#4334,.T.);
#4633=FACE_BOUND('',#4335,.T.);
#4634=FACE_BOUND('',#4336,.T.);
#4635=FACE_BOUND('',#4337,.T.);
#4636=FACE_BOUND('',#4338,.T.);
#4637=FACE_BOUND('',#4339,.T.);
#4638=FACE_BOUND('',#4340,.T.);
#4639=FACE_BOUND('',#4341,.T.);
#4640=FACE_BOUND('',#4342,.T.);
#4641=FACE_BOUND('',#4343,.T.);
#4642=FACE_BOUND('',#4344,.T.);
#4643=FACE_BOUND('',#4345,.T.);
#4644=FACE_BOUND('',#4346,.T.);
#4645=FACE_BOUND('',#4347,.T.);
#4646=FACE_BOUND('',#4348,.T.);
#4647=FACE_BOUND('',#4349,.T.);
#4648=FACE_BOUND('',#4350,.T.);
#4649=FACE_BOUND('',#4351,.T.);
#4650=FACE_BOUND('',#4352,.T.);
#4651=FACE_BOUND('',#4353,.T.);
#4652=FACE_BOUND('',#4354,.T.);
#4653=FACE_BOUND('',#4355,.T.);
#4654=FACE_BOUND('',#4356,.T.);
#4655=FACE_BOUND('',#4357,.T.);
#4656=FACE_BOUND('',#4358,.T.);
#4657=FACE_BOUND('',#4359,.T.);
#4658=FACE_BOUND('',#4360,.T.);
#4659=FACE_BOUND('',#4361,.T.);
#4660=FACE_BOUND('',#4362,.T.);
#4661=FACE_BOUND('',#4363,.T.);
#4662=FACE_BOUND('',#4364,.T.);
#4663=FACE_BOUND('',#4365,.T.);
#4664=FACE_BOUND('',#4366,.T.);
#4665=FACE_BOUND('',#4367,.T.);
#4666=FACE_BOUND('',#4368,.T.);
#4667=FACE_BOUND('',#4369,.T.);
#4668=FACE_BOUND('',#4370,.T.);
#4669=FACE_BOUND('',#4371,.T.);
#4670=FACE_BOUND('',#4372,.T.);
#4671=FACE_BOUND('',#4373,.T.);
#4672=FACE_BOUND('',#4374,.T.);
#4673=FACE_BOUND('',#4375,.T.);
#4674=FACE_BOUND('',#4376,.T.);
#4675=FACE_BOUND('',#4377,.T.);
#4676=FACE_BOUND('',#4378,.T.);
#4677=FACE_BOUND('',#4379,.T.);
#4678=FACE_BOUND('',#4380,.T.);
#4679=FACE_BOUND('',#4381,.T.);
#4680=FACE_BOUND('',#4382,.T.);
#4681=FACE_BOUND('',#4383,.T.);
#4682=FACE_BOUND('',#4384,.T.);
#4683=FACE_BOUND('',#4385,.T.);
#4684=FACE_BOUND('',#4386,.T.);
#4685=FACE_BOUND('',#4387,.T.);
#4686=FACE_BOUND('',#4388,.T.);
#4687=FACE_BOUND('',#4389,.T.);
#4688=FACE_BOUND('',#4390,.T.);
#4689=FACE_BOUND('',#4391,.T.);
#4690=FACE_BOUND('',#4392,.T.);
#4691=FACE_BOUND('',#4393,.T.);
#4692=FACE_BOUND('',#4394,.T.);
#4693=FACE_BOUND('',#4395,.T.);
#4694=FACE_BOUND('',#4396,.T.);
#4695=FACE_BOUND('',#4397,.T.);
#4696=FACE_BOUND('',#4398,.T.);
#4697=FACE_BOUND('',#4399,.T.);
#4698=FACE_BOUND('',#4400,.T.);
#4699=FACE_BOUND('',#4401,.T.);
#4700=FACE_BOUND('',#4402,.T.);
#4701=FACE_BOUND('',#4403,.T.);
#4702=FACE_BOUND('',#4404,.T.);
#4703=FACE_BOUND('',#4405,.T.);
#4704=FACE_BOUND('',#4406,.T.);
#4705=FACE_BOUND('',#4407,.T.);
#4706=FACE_BOUND('',#4408,.T.);
#4707=FACE_BOUND('',#4409,.T.);
#4708=FACE_BOUND('',#4410,.T.);
#4709=FACE_BOUND('',#4411,.T.);
#4710=FACE_BOUND('',#4412,.T.);
#4711=FACE_BOUND('',#4413,.T.);
#4712=FACE_BOUND('',#4414,.T.);
#4713=FACE_BOUND('',#4415,.T.);
#4714=FACE_BOUND('',#4416,.T.);
#4715=FACE_BOUND('',#4417,.T.);
#4716=FACE_BOUND('',#4418,.T.);
#4717=FACE_BOUND('',#4419,.T.);
#4718=FACE_BOUND('',#4420,.T.);
#4719=FACE_BOUND('',#4421,.T.);
#4720=FACE_BOUND('',#4422,.T.);
#4721=FACE_BOUND('',#4423,.T.);
#4722=FACE_BOUND('',#4424,.T.);
#4723=FACE_BOUND('',#4425,.T.);
#4724=FACE_BOUND('',#4426,.T.);
#4725=FACE_BOUND('',#4427,.T.);
#4726=FACE_BOUND('',#4428,.T.);
#4727=FACE_BOUND('',#4429,.T.);
#4728=FACE_BOUND('',#4430,.T.);
#4729=FACE_BOUND('',#4431,.T.);
#4730=FACE_BOUND('',#4432,.T.);
#4731=FACE_BOUND('',#4433,.T.);
#4732=FACE_BOUND('',#4434,.T.);
#4733=FACE_BOUND('',#4435,.T.);
#4734=FACE_BOUND('',#4436,.T.);
#4735=FACE_BOUND('',#4437,.T.);
#4736=FACE_BOUND('',#4438,.T.);
#4737=FACE_BOUND('',#4439,.T.);
#4738=FACE_BOUND('',#4440,.T.);
#4739=FACE_BOUND('',#4441,.T.);
#4740=FACE_BOUND('',#4442,.T.);
#4741=FACE_BOUND('',#4443,.T.);
#4742=FACE_BOUND('',#4444,.T.);
#4743=FACE_BOUND('',#4445,.T.);
#4744=FACE_BOUND('',#4446,.T.);
#4745=FACE_BOUND('',#4447,.T.);
#4746=FACE_BOUND('',#4448,.T.);
#4747=FACE_BOUND('',#4449,.T.);
#4748=FACE_BOUND('',#4450,.T.);
#4749=FACE_BOUND('',#4451,.T.);
#4750=FACE_BOUND('',#4452,.T.);
#4751=FACE_BOUND('',#4453,.T.);
#4752=FACE_BOUND('',#4454,.T.);
#4753=FACE_BOUND('',#4455,.T.);
#4754=FACE_BOUND('',#4456,.T.);
#4755=FACE_BOUND('',#4457,.T.);
#4756=FACE_BOUND('',#4458,.T.);
#4757=FACE_BOUND('',#4459,.T.);
#4758=FACE_BOUND('',#4460,.T.);
#4759=FACE_BOUND('',#4461,.T.);
#4760=FACE_BOUND('',#4462,.T.);
#4761=FACE_BOUND('',#4463,.T.);
#4762=FACE_BOUND('',#4464,.T.);
#4763=FACE_BOUND('',#4465,.T.);
#4764=FACE_BOUND('',#4466,.T.);
#4765=FACE_BOUND('',#4467,.T.);
#4766=FACE_BOUND('',#4468,.T.);
#4767=FACE_BOUND('',#4469,.T.);
#4768=FACE_BOUND('',#4470,.T.);
#4769=FACE_BOUND('',#4471,.T.);
#4770=FACE_BOUND('',#4472,.T.);
#4771=FACE_BOUND('',#4473,.T.);
#4772=FACE_BOUND('',#4474,.T.);
#4773=FACE_BOUND('',#4475,.T.);
#4774=FACE_BOUND('',#4476,.T.);
#4775=B_SPLINE_SURFACE_WITH_KNOTS('',3,1,((#6618,#6619),(#6620,#6621),(#6622,
#6623),(#6624,#6625),(#6626,#6627),(#6628,#6629),(#6630,#6631),(#6632,#6633),
(#6634,#6635),(#6636,#6637),(#6638,#6639),(#6640,#6641),(#6642,#6643),(#6644,
#6645),(#6646,#6647),(#6648,#6649),(#6650,#6651),(#6652,#6653),(#6654,#6655),
(#6656,#6657)),.SURF_OF_LINEAR_EXTRUSION.,.F.,.F.,.F.,(4,1,1,1,1,1,1,1,
1,1,1,1,1,1,1,1,1,4),(2,2),(0.,0.0617355877142383,0.123471175428477,0.185206763142715,
0.246942350856953,0.308677938571192,0.37041352628543,0.493884701713907,
0.555620289428145,0.617355877142383,0.679091464856622,0.74082705257086,
0.771694846427979,0.802562640285098,0.833430434142217,0.864298227999336,
0.926033815713575,0.987769403427813),(0.,1.),.UNSPECIFIED.);
#4776=B_SPLINE_SURFACE_WITH_KNOTS('',3,1,((#6793,#6794),(#6795,#6796),(#6797,
#6798),(#6799,#6800),(#6801,#6802),(#6803,#6804),(#6805,#6806),(#6807,#6808),
(#6809,#6810),(#6811,#6812),(#6813,#6814),(#6815,#6816),(#6817,#6818),(#6819,
#6820),(#6821,#6822),(#6823,#6824),(#6825,#6826),(#6827,#6828),(#6829,#6830),
(#6831,#6832)),.SURF_OF_LINEAR_EXTRUSION.,.F.,.F.,.F.,(4,1,1,1,1,1,1,1,
1,1,1,1,1,1,1,1,1,4),(2,2),(0.,0.0616245591223625,0.123249118244725,0.184873677367087,
0.24649823648945,0.308122795611812,0.369747354734175,0.4929964729789,0.554621032101262,
0.616245591223625,0.677870150345987,0.73949470946835,0.770306989029531,
0.801119268590712,0.831931548151894,0.862743827713075,0.924368386835438,
0.9859929459578),(0.,1.),.UNSPECIFIED.);
#4777=B_SPLINE_SURFACE_WITH_KNOTS('',3,1,((#6867,#6868),(#6869,#6870),(#6871,
#6872),(#6873,#6874),(#6875,#6876),(#6877,#6878),(#6879,#6880),(#6881,#6882)),
 .SURF_OF_LINEAR_EXTRUSION.,.F.,.F.,.F.,(4,1,1,1,1,4),(2,2),(0.00313608124186196,
0.0561208796528131,0.109105678063764,0.13559807726924,0.162090476474715,
0.215075274885667),(0.,1.),.UNSPECIFIED.);
#4778=B_SPLINE_SURFACE_WITH_KNOTS('',3,1,((#6901,#6902),(#6903,#6904),(#6905,
#6906),(#6907,#6908),(#6909,#6910)),.SURF_OF_LINEAR_EXTRUSION.,.F.,.F.,
 .F.,(4,1,4),(2,2),(0.217032014046153,0.298538973143422,0.380045932240692),
(0.,1.),.UNSPECIFIED.);
#4779=B_SPLINE_SURFACE_WITH_KNOTS('',3,1,((#6927,#6928),(#6929,#6930),(#6931,
#6932),(#6933,#6934),(#6935,#6936),(#6937,#6938),(#6939,#6940),(#6941,#6942),
(#6943,#6944),(#6945,#6946),(#6947,#6948),(#6949,#6950),(#6951,#6952),(#6953,
#6954),(#6955,#6956),(#6957,#6958),(#6959,#6960)),
 .SURF_OF_LINEAR_EXTRUSION.,.F.,.F.,.F.,(4,1,1,1,1,1,1,1,1,1,1,1,1,1,4),
(2,2),(0.382055120133887,0.426265634295176,0.470476148456465,0.514686662617754,
0.536791919698398,0.558897176779042,0.581002433859687,0.603107690940331,
0.625212948020976,0.636265576561298,0.64731820510162,0.669423462182265,
0.691528719262909,0.713633976343554,0.735739233424198),(0.,1.),
 .UNSPECIFIED.);
#4780=B_SPLINE_SURFACE_WITH_KNOTS('',3,1,((#6985,#6986),(#6987,#6988),(#6989,
#6990),(#6991,#6992),(#6993,#6994),(#6995,#6996),(#6997,#6998),(#6999,#7000),
(#7001,#7002)),.SURF_OF_LINEAR_EXTRUSION.,.F.,.F.,.F.,(4,1,1,1,1,1,4),(2,
2),(0.738063345677985,0.770805427468237,0.803547509258489,0.836289591048741,
0.869031672838993,0.934515836419496,1.),(0.,1.),.UNSPECIFIED.);
#4781=B_SPLINE_SURFACE_WITH_KNOTS('',3,1,((#8510,#8511),(#8512,#8513),(#8514,
#8515),(#8516,#8517)),.SURF_OF_LINEAR_EXTRUSION.,.F.,.F.,.F.,(4,4),(2,2),
(0.995211277365385,0.998028848897822),(0.,1.),.PIECEWISE_BEZIER_KNOTS.);
#4782=B_SPLINE_SURFACE_WITH_KNOTS('',3,1,((#8520,#8521),(#8522,#8523),(#8524,
#8525),(#8526,#8527),(#8528,#8529),(#8530,#8531),(#8532,#8533),(#8534,#8535),
(#8536,#8537),(#8538,#8539),(#8540,#8541),(#8542,#8543),(#8544,#8545),(#8546,
#8547),(#8548,#8549),(#8550,#8551),(#8552,#8553),(#8554,#8555),(#8556,#8557),
(#8558,#8559),(#8560,#8561),(#8562,#8563),(#8564,#8565),(#8566,#8567),(#8568,
#8569),(#8570,#8571),(#8572,#8573),(#8574,#8575),(#8576,#8577),(#8578,#8579),
(#8580,#8581),(#8582,#8583),(#8584,#8585),(#8586,#8587),(#8588,#8589),(#8590,
#8591),(#8592,#8593),(#8594,#8595),(#8596,#8597),(#8598,#8599),(#8600,#8601),
(#8602,#8603),(#8604,#8605),(#8606,#8607),(#8608,#8609),(#8610,#8611),(#8612,
#8613),(#8614,#8615),(#8616,#8617),(#8618,#8619),(#8620,#8621),(#8622,#8623),
(#8624,#8625),(#8626,#8627),(#8628,#8629),(#8630,#8631),(#8632,#8633),(#8634,
#8635),(#8636,#8637),(#8638,#8639),(#8640,#8641),(#8642,#8643),(#8644,#8645),
(#8646,#8647),(#8648,#8649),(#8650,#8651),(#8652,#8653),(#8654,#8655),(#8656,
#8657),(#8658,#8659),(#8660,#8661),(#8662,#8663),(#8664,#8665),(#8666,#8667),
(#8668,#8669),(#8670,#8671),(#8672,#8673),(#8674,#8675),(#8676,#8677),(#8678,
#8679),(#8680,#8681),(#8682,#8683),(#8684,#8685),(#8686,#8687),(#8688,#8689),
(#8690,#8691),(#8692,#8693),(#8694,#8695),(#8696,#8697),(#8698,#8699),(#8700,
#8701),(#8702,#8703),(#8704,#8705),(#8706,#8707),(#8708,#8709),(#8710,#8711),
(#8712,#8713),(#8714,#8715),(#8716,#8717),(#8718,#8719),(#8720,#8721),(#8722,
#8723),(#8724,#8725),(#8726,#8727),(#8728,#8729),(#8730,#8731),(#8732,#8733),
(#8734,#8735),(#8736,#8737),(#8738,#8739),(#8740,#8741),(#8742,#8743),(#8744,
#8745),(#8746,#8747),(#8748,#8749),(#8750,#8751),(#8752,#8753),(#8754,#8755),
(#8756,#8757),(#8758,#8759)),.SURF_OF_LINEAR_EXTRUSION.,.F.,.F.,.F.,(4,
1,1,1,1,1,1,1,1,1,1,1,1,1,1,1,1,1,1,1,1,1,1,1,1,1,1,1,1,1,1,1,1,1,1,1,1,
1,1,1,1,1,1,1,1,1,1,1,1,1,1,1,1,1,1,1,1,1,1,1,1,1,1,1,1,1,1,1,1,1,1,1,1,
1,1,1,1,1,1,1,1,1,1,1,1,1,1,1,1,1,1,1,1,1,1,1,1,1,1,1,1,1,1,1,1,1,1,1,1,
1,1,1,1,1,1,1,1,4),(2,2),(0.00105525845061234,0.00598475688508944,0.0109142553195666,
0.0158437537540437,0.0207732521885208,0.0257027506229979,0.0281674998402364,
0.030632249057475,0.0355617474919521,0.0404912459264292,0.0454207443609063,
0.0503502427953834,0.0552797412298605,0.0602092396643376,0.0651387380988147,
0.0700682365332918,0.0749977349677689,0.079927233402246,0.0823919826194846,
0.0848567318367232,0.0897862302712003,0.0922509794884388,0.0947157287056774,
0.0996452271401545,0.104574725574632,0.109504224009109,0.114433722443586,
0.119363220878063,0.129222217747017,0.139081214615971,0.148940211484926,
0.15879920835388,0.163728706788357,0.168658205222834,0.173587703657311,
0.178517202091788,0.183446700526265,0.188376198960742,0.19330569739522,
0.198235195829697,0.203164694264174,0.208094192698651,0.213023691133128,
0.217953189567605,0.227812186436559,0.237671183305513,0.242600681739991,
0.247530180174468,0.252459678608945,0.254924427826183,0.257389177043422,
0.25985392626066,0.262318675477899,0.264783424695138,0.267248173912376,
0.269712923129615,0.272177672346853,0.27710717078133,0.286966167650284,
0.296825164519239,0.301754662953716,0.306684161388193,0.31161365982267,
0.314078409039909,0.316543158257147,0.321472656691624,0.326402155126101,
0.331331653560578,0.336261151995056,0.34612014886401,0.355979145732964,
0.365838142601918,0.375697139470872,0.385556136339827,0.395415133208781,
0.400344631643258,0.405274130077735,0.410203628512212,0.415133126946689,
0.420062625381166,0.424992123815644,0.427456873032882,0.429921622250121,
0.434851120684598,0.439780619119075,0.444710117553552,0.449639615988029,
0.454569114422506,0.46442811129146,0.474287108160415,0.479216606594892,
0.484146105029369,0.489075603463846,0.494005101898323,0.4989346003328,0.503864098767277,
0.508793597201754,0.513723095636231,0.518652594070709,0.523582092505186,
0.528511590939663,0.53344108937414,0.538370587808617,0.543300086243094,
0.548229584677571,0.553159083112048,0.558088581546525,0.563018079981003,
0.56794757841548,0.572877076849957,0.577806575284434,0.582736073718911,
0.587665572153388,0.592595070587865,0.597524569022342,0.602454067456819,
0.612313064325773,0.632031058063682),(0.,1.),.UNSPECIFIED.);
#4783=B_SPLINE_SURFACE_WITH_KNOTS('',3,1,((#9197,#9198),(#9199,#9200),(#9201,
#9202),(#9203,#9204),(#9205,#9206),(#9207,#9208),(#9209,#9210),(#9211,#9212)),
 .SURF_OF_LINEAR_EXTRUSION.,.F.,.F.,.F.,(4,1,1,1,1,4),(2,2),(0.00313608124186196,
0.0561208796528131,0.109105678063764,0.13559807726924,0.162090476474715,
0.215075274885667),(0.,1.),.UNSPECIFIED.);
#4784=B_SPLINE_SURFACE_WITH_KNOTS('',3,1,((#9226,#9227),(#9228,#9229),(#9230,
#9231),(#9232,#9233),(#9234,#9235)),.SURF_OF_LINEAR_EXTRUSION.,.F.,.F.,
 .F.,(4,1,4),(2,2),(0.217032014046153,0.298538973143422,0.380045932240692),
(0.,1.),.UNSPECIFIED.);
#4785=B_SPLINE_SURFACE_WITH_KNOTS('',3,1,((#9248,#9249),(#9250,#9251),(#9252,
#9253),(#9254,#9255),(#9256,#9257),(#9258,#9259),(#9260,#9261),(#9262,#9263),
(#9264,#9265),(#9266,#9267),(#9268,#9269),(#9270,#9271),(#9272,#9273),(#9274,
#9275),(#9276,#9277),(#9278,#9279),(#9280,#9281)),
 .SURF_OF_LINEAR_EXTRUSION.,.F.,.F.,.F.,(4,1,1,1,1,1,1,1,1,1,1,1,1,1,4),
(2,2),(0.382055120133887,0.426265634295176,0.470476148456465,0.514686662617754,
0.536791919698398,0.558897176779042,0.581002433859687,0.603107690940331,
0.625212948020976,0.636265576561298,0.64731820510162,0.669423462182265,
0.691528719262909,0.713633976343554,0.735739233424198),(0.,1.),
 .UNSPECIFIED.);
#4786=B_SPLINE_SURFACE_WITH_KNOTS('',3,1,((#9298,#9299),(#9300,#9301),(#9302,
#9303),(#9304,#9305),(#9306,#9307),(#9308,#9309),(#9310,#9311),(#9312,#9313),
(#9314,#9315)),.SURF_OF_LINEAR_EXTRUSION.,.F.,.F.,.F.,(4,1,1,1,1,1,4),(2,
2),(0.738063345677985,0.770805427468237,0.803547509258489,0.836289591048741,
0.869031672838993,0.934515836419496,1.),(0.,1.),.UNSPECIFIED.);
#4787=B_SPLINE_SURFACE_WITH_KNOTS('',3,1,((#9325,#9326),(#9327,#9328),(#9329,
#9330),(#9331,#9332),(#9333,#9334),(#9335,#9336),(#9337,#9338),(#9339,#9340),
(#9341,#9342),(#9343,#9344),(#9345,#9346),(#9347,#9348),(#9349,#9350),(#9351,
#9352),(#9353,#9354),(#9355,#9356)),.SURF_OF_LINEAR_EXTRUSION.,.F.,.F.,
 .F.,(4,1,1,1,1,1,1,1,1,1,1,1,1,4),(2,2),(0.000392830782449787,0.0621032964725518,
0.0929585293176028,0.123813762162654,0.154668995007705,0.185524227852756,
0.216379460697807,0.247234693542858,0.278089926387909,0.30894515923296,
0.339800392078011,0.370655624923062,0.432366090613164,0.494076556303266),
(0.,1.),.UNSPECIFIED.);
#4788=B_SPLINE_SURFACE_WITH_KNOTS('',3,1,((#9399,#9400),(#9401,#9402),(#9403,
#9404),(#9405,#9406),(#9407,#9408),(#9409,#9410),(#9411,#9412),(#9413,#9414),
(#9415,#9416),(#9417,#9418),(#9419,#9420),(#9421,#9422),(#9423,#9424),(#9425,
#9426),(#9427,#9428),(#9429,#9430),(#9431,#9432),(#9433,#9434)),
 .SURF_OF_LINEAR_EXTRUSION.,.F.,.F.,.F.,(4,1,1,1,1,1,1,1,1,1,1,1,1,1,1,
4),(2,2),(-4.86890261347031E-5,0.0343660944099738,0.0687808778460823,0.103195661282191,
0.137610444718299,0.172025228154408,0.189232619872462,0.206440011590516,
0.240854795026625,0.275269578462733,0.309684361898842,0.34409914533495,
0.378513928771059,0.412928712207167,0.481758279079384,0.550587845951601),
(0.,1.),.UNSPECIFIED.);
#4789=B_SPLINE_SURFACE_WITH_KNOTS('',3,1,((#9436,#9437),(#9438,#9439),(#9440,
#9441),(#9442,#9443),(#9444,#9445),(#9446,#9447),(#9448,#9449),(#9450,#9451),
(#9452,#9453),(#9454,#9455)),.SURF_OF_LINEAR_EXTRUSION.,.F.,.F.,.F.,(4,
1,1,1,1,1,1,4),(2,2),(0.71349128425071,0.749304873719371,0.785118463188032,
0.820932052656693,0.856745642125355,0.892559231594016,0.928372821062677,
1.),(0.,1.),.UNSPECIFIED.);
#4790=B_SPLINE_SURFACE_WITH_KNOTS('',3,1,((#9457,#9458),(#9459,#9460),(#9461,
#9462),(#9463,#9464),(#9465,#9466),(#9467,#9468),(#9469,#9470),(#9471,#9472),
(#9473,#9474),(#9475,#9476),(#9477,#9478),(#9479,#9480)),
 .SURF_OF_LINEAR_EXTRUSION.,.F.,.F.,.F.,(4,1,1,1,1,1,1,1,1,4),(2,2),(0.550587845951599,
0.606764365207649,0.662940884463699,0.719117403719749,0.7752939229758,0.803382182603825,
0.83147044223185,0.8876469614879,0.94382348074395,1.),(0.,1.),
 .UNSPECIFIED.);
#4791=B_SPLINE_SURFACE_WITH_KNOTS('',3,1,((#9530,#9531),(#9532,#9533),(#9534,
#9535),(#9536,#9537),(#9538,#9539),(#9540,#9541),(#9542,#9543),(#9544,#9545),
(#9546,#9547),(#9548,#9549),(#9550,#9551),(#9552,#9553),(#9554,#9555),(#9556,
#9557),(#9558,#9559),(#9560,#9561)),.SURF_OF_LINEAR_EXTRUSION.,.F.,.F.,
 .F.,(4,1,1,1,1,1,1,1,1,1,1,1,1,4),(2,2),(0.000392830782449787,0.0621032964725518,
0.0929585293176028,0.123813762162654,0.154668995007705,0.185524227852756,
0.216379460697807,0.247234693542858,0.278089926387909,0.30894515923296,
0.339800392078011,0.370655624923062,0.432366090613164,0.494076556303266),
(0.,1.),.UNSPECIFIED.);
#4792=B_SPLINE_SURFACE_WITH_KNOTS('',3,1,((#9571,#9572),(#9573,#9574),(#9575,
#9576),(#9577,#9578),(#9579,#9580),(#9581,#9582),(#9583,#9584),(#9585,#9586),
(#9587,#9588),(#9589,#9590),(#9591,#9592),(#9593,#9594),(#9595,#9596),(#9597,
#9598),(#9599,#9600),(#9601,#9602),(#9603,#9604),(#9605,#9606)),
 .SURF_OF_LINEAR_EXTRUSION.,.F.,.F.,.F.,(4,1,1,1,1,1,1,1,1,1,1,1,1,1,1,
4),(2,2),(-4.86890261347031E-5,0.0343660944099738,0.0687808778460823,0.103195661282191,
0.137610444718299,0.172025228154408,0.189232619872462,0.206440011590516,
0.240854795026625,0.275269578462733,0.309684361898842,0.34409914533495,
0.378513928771059,0.412928712207167,0.481758279079384,0.550587845951601),
(0.,1.),.UNSPECIFIED.);
#4793=B_SPLINE_SURFACE_WITH_KNOTS('',3,1,((#9647,#9648),(#9649,#9650),(#9651,
#9652),(#9653,#9654),(#9655,#9656),(#9657,#9658),(#9659,#9660),(#9661,#9662),
(#9663,#9664),(#9665,#9666)),.SURF_OF_LINEAR_EXTRUSION.,.F.,.F.,.F.,(4,
1,1,1,1,1,1,4),(2,2),(0.71520013292015,0.750800116305131,0.786400099690113,
0.822000083075094,0.857600066460075,0.893200049845056,0.928800033230038,
1.),(0.,1.),.UNSPECIFIED.);
#4794=B_SPLINE_SURFACE_WITH_KNOTS('',3,1,((#9770,#9771),(#9772,#9773),(#9774,
#9775),(#9776,#9777),(#9778,#9779),(#9780,#9781),(#9782,#9783),(#9784,#9785),
(#9786,#9787),(#9788,#9789),(#9790,#9791),(#9792,#9793)),
 .SURF_OF_LINEAR_EXTRUSION.,.F.,.F.,.F.,(4,1,1,1,1,1,1,1,1,4),(2,2),(0.550587845951599,
0.606764365207649,0.662940884463699,0.719117403719749,0.7752939229758,0.803382182603825,
0.83147044223185,0.8876469614879,0.94382348074395,1.),(0.,1.),
 .UNSPECIFIED.);
#4795=B_SPLINE_SURFACE_WITH_KNOTS('',3,1,((#9857,#9858),(#9859,#9860),(#9861,
#9862),(#9863,#9864),(#9865,#9866),(#9867,#9868),(#9869,#9870),(#9871,#9872),
(#9873,#9874),(#9875,#9876),(#9877,#9878),(#9879,#9880),(#9881,#9882),(#9883,
#9884),(#9885,#9886),(#9887,#9888),(#9889,#9890),(#9891,#9892),(#9893,#9894),
(#9895,#9896)),.SURF_OF_LINEAR_EXTRUSION.,.F.,.F.,.F.,(4,1,1,1,1,1,1,1,
1,1,1,1,1,1,1,1,1,4),(2,2),(0.,0.0617355877142383,0.123471175428477,0.185206763142715,
0.246942350856953,0.308677938571192,0.37041352628543,0.493884701713907,
0.555620289428145,0.617355877142383,0.679091464856622,0.74082705257086,
0.771694846427979,0.802562640285098,0.833430434142217,0.864298227999336,
0.926033815713575,0.987769403427813),(0.,1.),.UNSPECIFIED.);
#4796=B_SPLINE_SURFACE_WITH_KNOTS('',3,1,((#9971,#9972),(#9973,#9974),(#9975,
#9976),(#9977,#9978),(#9979,#9980)),.SURF_OF_LINEAR_EXTRUSION.,.F.,.F.,
 .F.,(4,1,4),(2,2),(0.550587845951599,0.634892864637659,0.719197883323719),
(0.,1.),.UNSPECIFIED.);
#4797=B_SPLINE_SURFACE_WITH_KNOTS('',3,1,((#10034,#10035),(#10036,#10037),
(#10038,#10039),(#10040,#10041),(#10042,#10043),(#10044,#10045),(#10046,
#10047),(#10048,#10049)),.SURF_OF_LINEAR_EXTRUSION.,.F.,.F.,.F.,(4,1,1,
1,1,4),(2,2),(0.00313608124186196,0.0561208796528131,0.109105678063764,
0.13559807726924,0.162090476474715,0.215075274885667),(0.,1.),
 .UNSPECIFIED.);
#4798=B_SPLINE_SURFACE_WITH_KNOTS('',3,1,((#10077,#10078),(#10079,#10080),
(#10081,#10082),(#10083,#10084),(#10085,#10086)),
 .SURF_OF_LINEAR_EXTRUSION.,.F.,.F.,.F.,(4,1,4),(2,2),(0.217032014046153,
0.298538973143422,0.380045932240692),(0.,1.),.UNSPECIFIED.);
#4799=B_SPLINE_SURFACE_WITH_KNOTS('',3,1,((#10110,#10111),(#10112,#10113),
(#10114,#10115),(#10116,#10117),(#10118,#10119),(#10120,#10121),(#10122,
#10123),(#10124,#10125),(#10126,#10127),(#10128,#10129),(#10130,#10131),
(#10132,#10133),(#10134,#10135),(#10136,#10137),(#10138,#10139),(#10140,
#10141),(#10142,#10143)),.SURF_OF_LINEAR_EXTRUSION.,.F.,.F.,.F.,(4,1,1,
1,1,1,1,1,1,1,1,1,1,1,4),(2,2),(0.382055120133887,0.426265634295176,0.470476148456465,
0.514686662617754,0.536791919698398,0.558897176779042,0.581002433859687,
0.603107690940331,0.625212948020976,0.636265576561298,0.64731820510162,
0.669423462182265,0.691528719262909,0.713633976343554,0.735739233424198),
(0.,1.),.UNSPECIFIED.);
#4800=B_SPLINE_SURFACE_WITH_KNOTS('',3,1,((#10192,#10193),(#10194,#10195),
(#10196,#10197),(#10198,#10199),(#10200,#10201),(#10202,#10203),(#10204,
#10205),(#10206,#10207),(#10208,#10209)),.SURF_OF_LINEAR_EXTRUSION.,.F.,
 .F.,.F.,(4,1,1,1,1,1,4),(2,2),(0.738063345677985,0.770805427468237,0.803547509258489,
0.836289591048741,0.869031672838993,0.934515836419496,1.),(0.,1.),
 .UNSPECIFIED.);
#4801=B_SPLINE_SURFACE_WITH_KNOTS('',3,1,((#10268,#10269),(#10270,#10271),
(#10272,#10273),(#10274,#10275),(#10276,#10277),(#10278,#10279),(#10280,
#10281),(#10282,#10283),(#10284,#10285),(#10286,#10287),(#10288,#10289),
(#10290,#10291),(#10292,#10293),(#10294,#10295),(#10296,#10297),(#10298,
#10299),(#10300,#10301),(#10302,#10303)),.SURF_OF_LINEAR_EXTRUSION.,.F.,
 .F.,.F.,(4,1,1,1,1,1,1,1,1,1,1,1,1,1,1,4),(2,2),(-4.86890261347031E-5,
0.0343660944099738,0.0687808778460823,0.103195661282191,0.137610444718299,
0.172025228154408,0.189232619872462,0.206440011590516,0.240854795026625,
0.275269578462733,0.309684361898842,0.34409914533495,0.378513928771059,
0.412928712207167,0.481758279079384,0.550587845951601),(0.,1.),
 .UNSPECIFIED.);
#4802=B_SPLINE_SURFACE_WITH_KNOTS('',3,1,((#10340,#10341),(#10342,#10343),
(#10344,#10345),(#10346,#10347),(#10348,#10349),(#10350,#10351),(#10352,
#10353),(#10354,#10355),(#10356,#10357),(#10358,#10359),(#10360,#10361),
(#10362,#10363),(#10364,#10365),(#10366,#10367),(#10368,#10369),(#10370,
#10371),(#10372,#10373),(#10374,#10375)),.SURF_OF_LINEAR_EXTRUSION.,.F.,
 .F.,.F.,(4,1,1,1,1,1,1,1,1,1,1,1,1,1,1,4),(2,2),(-4.86890261347031E-5,
0.0343660944099738,0.0687808778460823,0.103195661282191,0.137610444718299,
0.172025228154408,0.189232619872462,0.206440011590516,0.240854795026625,
0.275269578462733,0.309684361898842,0.34409914533495,0.378513928771059,
0.412928712207167,0.481758279079384,0.550587845951601),(0.,1.),
 .UNSPECIFIED.);
#4803=B_SPLINE_SURFACE_WITH_KNOTS('',3,1,((#10376,#10377),(#10378,#10379),
(#10380,#10381),(#10382,#10383),(#10384,#10385),(#10386,#10387),(#10388,
#10389),(#10390,#10391),(#10392,#10393),(#10394,#10395),(#10396,#10397),
(#10398,#10399),(#10400,#10401),(#10402,#10403),(#10404,#10405),(#10406,
#10407),(#10408,#10409),(#10410,#10411),(#10412,#10413),(#10414,#10415),
(#10416,#10417),(#10418,#10419),(#10420,#10421),(#10422,#10423),(#10424,
#10425),(#10426,#10427),(#10428,#10429),(#10430,#10431),(#10432,#10433),
(#10434,#10435),(#10436,#10437),(#10438,#10439),(#10440,#10441),(#10442,
#10443),(#10444,#10445),(#10446,#10447),(#10448,#10449),(#10450,#10451),
(#10452,#10453),(#10454,#10455),(#10456,#10457),(#10458,#10459),(#10460,
#10461),(#10462,#10463),(#10464,#10465),(#10466,#10467),(#10468,#10469),
(#10470,#10471),(#10472,#10473),(#10474,#10475),(#10476,#10477),(#10478,
#10479),(#10480,#10481),(#10482,#10483),(#10484,#10485),(#10486,#10487),
(#10488,#10489),(#10490,#10491),(#10492,#10493),(#10494,#10495),(#10496,
#10497),(#10498,#10499),(#10500,#10501),(#10502,#10503),(#10504,#10505),
(#10506,#10507),(#10508,#10509),(#10510,#10511),(#10512,#10513),(#10514,
#10515),(#10516,#10517),(#10518,#10519),(#10520,#10521),(#10522,#10523),
(#10524,#10525),(#10526,#10527),(#10528,#10529),(#10530,#10531),(#10532,
#10533),(#10534,#10535),(#10536,#10537),(#10538,#10539),(#10540,#10541),
(#10542,#10543),(#10544,#10545),(#10546,#10547),(#10548,#10549),(#10550,
#10551),(#10552,#10553),(#10554,#10555),(#10556,#10557),(#10558,#10559),
(#10560,#10561),(#10562,#10563),(#10564,#10565),(#10566,#10567),(#10568,
#10569),(#10570,#10571),(#10572,#10573),(#10574,#10575),(#10576,#10577),
(#10578,#10579),(#10580,#10581),(#10582,#10583),(#10584,#10585),(#10586,
#10587),(#10588,#10589),(#10590,#10591),(#10592,#10593),(#10594,#10595),
(#10596,#10597),(#10598,#10599),(#10600,#10601),(#10602,#10603),(#10604,
#10605),(#10606,#10607),(#10608,#10609),(#10610,#10611),(#10612,#10613),
(#10614,#10615)),.SURF_OF_LINEAR_EXTRUSION.,.F.,.F.,.F.,(4,1,1,1,1,1,1,
1,1,1,1,1,1,1,1,1,1,1,1,1,1,1,1,1,1,1,1,1,1,1,1,1,1,1,1,1,1,1,1,1,1,1,1,
1,1,1,1,1,1,1,1,1,1,1,1,1,1,1,1,1,1,1,1,1,1,1,1,1,1,1,1,1,1,1,1,1,1,1,1,
1,1,1,1,1,1,1,1,1,1,1,1,1,1,1,1,1,1,1,1,1,1,1,1,1,1,1,1,1,1,1,1,1,1,1,1,
1,1,4),(2,2),(0.00105525845061227,0.00598475688508938,0.0109142553195665,
0.0158437537540436,0.0207732521885207,0.0257027506229978,0.0281674998402364,
0.0306322490574749,0.035561747491952,0.0404912459264291,0.0454207443609062,
0.0503502427953833,0.0552797412298605,0.0602092396643376,0.0651387380988147,
0.0700682365332918,0.0749977349677689,0.079927233402246,0.0823919826194845,
0.0848567318367231,0.0897862302712002,0.0922509794884387,0.0947157287056773,
0.0996452271401544,0.104574725574632,0.109504224009109,0.114433722443586,
0.119363220878063,0.129222217747017,0.139081214615971,0.148940211484925,
0.15879920835388,0.163728706788357,0.168658205222834,0.173587703657311,
0.178517202091788,0.183446700526265,0.188376198960742,0.193305697395219,
0.198235195829697,0.203164694264174,0.208094192698651,0.213023691133128,
0.217953189567605,0.227812186436559,0.237671183305513,0.24260068173999,
0.247530180174468,0.252459678608945,0.254924427826183,0.257389177043422,
0.25985392626066,0.262318675477899,0.264783424695138,0.267248173912376,
0.269712923129615,0.272177672346853,0.27710717078133,0.286966167650284,
0.296825164519239,0.301754662953716,0.306684161388193,0.31161365982267,
0.314078409039909,0.316543158257147,0.321472656691624,0.326402155126101,
0.331331653560578,0.336261151995056,0.34612014886401,0.355979145732964,
0.365838142601918,0.375697139470872,0.385556136339827,0.395415133208781,
0.400344631643258,0.405274130077735,0.410203628512212,0.415133126946689,
0.420062625381166,0.424992123815643,0.427456873032882,0.429921622250121,
0.434851120684598,0.439780619119075,0.444710117553552,0.449639615988029,
0.454569114422506,0.46442811129146,0.474287108160415,0.479216606594892,
0.484146105029369,0.489075603463846,0.494005101898323,0.4989346003328,0.503864098767277,
0.508793597201754,0.513723095636231,0.518652594070709,0.523582092505186,
0.528511590939663,0.53344108937414,0.538370587808617,0.543300086243094,
0.548229584677571,0.553159083112048,0.558088581546525,0.563018079981003,
0.56794757841548,0.572877076849957,0.577806575284434,0.582736073718911,
0.587665572153388,0.592595070587865,0.597524569022342,0.602454067456819,
0.612313064325773,0.632031058063682),(0.,1.),.UNSPECIFIED.);
#4804=B_SPLINE_SURFACE_WITH_KNOTS('',3,1,((#10616,#10617),(#10618,#10619),
(#10620,#10621),(#10622,#10623)),.SURF_OF_LINEAR_EXTRUSION.,.F.,.F.,.F.,
(4,4),(2,2),(0.995211277365385,0.998028848897827),(0.,1.),
 .PIECEWISE_BEZIER_KNOTS.);
#4805=B_SPLINE_SURFACE_WITH_KNOTS('',3,1,((#10624,#10625),(#10626,#10627),
(#10628,#10629),(#10630,#10631),(#10632,#10633),(#10634,#10635),(#10636,
#10637),(#10638,#10639),(#10640,#10641),(#10642,#10643),(#10644,#10645),
(#10646,#10647),(#10648,#10649),(#10650,#10651),(#10652,#10653),(#10654,
#10655),(#10656,#10657),(#10658,#10659),(#10660,#10661),(#10662,#10663)),
 .SURF_OF_LINEAR_EXTRUSION.,.F.,.F.,.F.,(4,1,1,1,1,1,1,1,1,1,1,1,1,1,1,
1,1,4),(2,2),(0.,0.0616245591223625,0.123249118244725,0.184873677367087,
0.24649823648945,0.308122795611812,0.369747354734175,0.4929964729789,0.554621032101262,
0.616245591223625,0.677870150345987,0.73949470946835,0.770306989029531,
0.801119268590712,0.831931548151894,0.862743827713075,0.924368386835438,
0.9859929459578),(0.,1.),.UNSPECIFIED.);
#4806=B_SPLINE_SURFACE_WITH_KNOTS('',3,1,((#10677,#10678),(#10679,#10680),
(#10681,#10682),(#10683,#10684),(#10685,#10686),(#10687,#10688),(#10689,
#10690),(#10691,#10692),(#10693,#10694),(#10695,#10696),(#10697,#10698),
(#10699,#10700),(#10701,#10702),(#10703,#10704),(#10705,#10706),(#10707,
#10708)),.SURF_OF_LINEAR_EXTRUSION.,.F.,.F.,.F.,(4,1,1,1,1,1,1,1,1,1,1,
1,1,4),(2,2),(0.000392830782449787,0.0618073830729187,0.0925146592181531,
0.123221935363388,0.153929211508622,0.184636487653856,0.215343763799091,
0.246051039944325,0.27675831608956,0.307465592234794,0.338172868380029,
0.368880144525263,0.430294696815732,0.491709249106201),(0.,1.),
 .UNSPECIFIED.);
#4807=B_SPLINE_SURFACE_WITH_KNOTS('',3,1,((#10709,#10710),(#10711,#10712),
(#10713,#10714),(#10715,#10716),(#10717,#10718),(#10719,#10720),(#10721,
#10722),(#10723,#10724),(#10725,#10726),(#10727,#10728),(#10729,#10730),
(#10731,#10732),(#10733,#10734),(#10735,#10736),(#10737,#10738),(#10739,
#10740)),.SURF_OF_LINEAR_EXTRUSION.,.F.,.F.,.F.,(4,1,1,1,1,1,1,1,1,1,1,
1,1,4),(2,2),(0.000392830782449787,0.0621032964725518,0.0929585293176028,
0.123813762162654,0.154668995007705,0.185524227852756,0.216379460697807,
0.247234693542858,0.278089926387909,0.30894515923296,0.339800392078011,
0.370655624923062,0.432366090613164,0.494076556303266),(0.,1.),
 .UNSPECIFIED.);
#4808=B_SPLINE_SURFACE_WITH_KNOTS('',3,1,((#10772,#10773),(#10774,#10775),
(#10776,#10777),(#10778,#10779),(#10780,#10781)),
 .SURF_OF_LINEAR_EXTRUSION.,.F.,.F.,.F.,(4,1,4),(2,2),(0.550587845951599,
0.634888944911973,0.719190043872347),(0.,1.),.UNSPECIFIED.);
#4809=B_SPLINE_SURFACE_WITH_KNOTS('',3,1,((#10863,#10864),(#10865,#10866),
(#10867,#10868),(#10869,#10870),(#10871,#10872),(#10873,#10874),(#10875,
#10876),(#10877,#10878),(#10879,#10880),(#10881,#10882),(#10883,#10884)),
 .SURF_OF_LINEAR_EXTRUSION.,.F.,.F.,.F.,(4,1,1,1,1,1,1,1,4),(2,2),(0.738063345677986,
0.769299758768143,0.8005361718583,0.831772584948457,0.863008998038614,0.894245411128771,
0.925481824218928,0.956718237309085,0.987954650399242),(0.,1.),
 .UNSPECIFIED.);
#4810=B_SPLINE_SURFACE_WITH_KNOTS('',3,1,((#10907,#10908),(#10909,#10910),
(#10911,#10912),(#10913,#10914),(#10915,#10916),(#10917,#10918),(#10919,
#10920)),.SURF_OF_LINEAR_EXTRUSION.,.F.,.F.,.F.,(4,1,1,1,4),(2,2),(0.391324897019934,
0.433363680525197,0.475402464030459,0.517441247535721,0.559480031040983),
(0.,1.),.UNSPECIFIED.);
#4811=B_SPLINE_SURFACE_WITH_KNOTS('',3,1,((#10951,#10952),(#10953,#10954),
(#10955,#10956),(#10957,#10958),(#10959,#10960),(#10961,#10962),(#10963,
#10964)),.SURF_OF_LINEAR_EXTRUSION.,.F.,.F.,.F.,(4,1,1,1,4),(2,2),(0.641612089326529,
0.665143875350946,0.688675661375363,0.71220744739978,0.735739233424197),
(0.,1.),.UNSPECIFIED.);
#4812=B_SPLINE_SURFACE_WITH_KNOTS('',3,1,((#11055,#11056),(#11057,#11058),
(#11059,#11060),(#11061,#11062),(#11063,#11064),(#11065,#11066),(#11067,
#11068),(#11069,#11070),(#11071,#11072),(#11073,#11074),(#11075,#11076),
(#11077,#11078),(#11079,#11080),(#11081,#11082),(#11083,#11084)),
 .SURF_OF_LINEAR_EXTRUSION.,.F.,.F.,.F.,(4,1,1,1,1,1,1,1,1,1,1,1,4),(2,
2),(0.,0.061760691942155,0.12352138388431,0.154401729855387,0.185282075826465,
0.216162421797542,0.24704276776862,0.277923113739697,0.308803459710775,
0.339683805681853,0.37056415165293,0.432324843595085,0.49408553553724),
(0.,1.),.UNSPECIFIED.);
#4813=B_SPLINE_SURFACE_WITH_KNOTS('',3,1,((#11112,#11113),(#11114,#11115),
(#11116,#11117),(#11118,#11119),(#11120,#11121),(#11122,#11123),(#11124,
#11125),(#11126,#11127),(#11128,#11129),(#11130,#11131),(#11132,#11133),
(#11134,#11135),(#11136,#11137),(#11138,#11139)),
 .SURF_OF_LINEAR_EXTRUSION.,.F.,.F.,.F.,(4,1,1,1,1,1,1,1,1,1,1,4),(2,2),
(0.,0.0614821210091564,0.122964242018313,0.153705302522891,0.184446363027469,
0.215187423532047,0.245928484036626,0.276669544541204,0.307410605045782,
0.368892726054938,0.430374847064095,0.491856968073251),(0.,1.),
 .UNSPECIFIED.);
#4814=ADVANCED_FACE('',(#4477),#4775,.T.);
#4815=ADVANCED_FACE('',(#4478),#226,.T.);
#4816=ADVANCED_FACE('',(#4479),#227,.T.);
#4817=ADVANCED_FACE('',(#4480),#228,.T.);
#4818=ADVANCED_FACE('',(#4481),#229,.T.);
#4819=ADVANCED_FACE('',(#4482),#230,.T.);
#4820=ADVANCED_FACE('',(#4483),#231,.T.);
#4821=ADVANCED_FACE('',(#4484),#232,.T.);
#4822=ADVANCED_FACE('',(#4485),#233,.F.);
#4823=ADVANCED_FACE('',(#4486),#234,.T.);
#4824=ADVANCED_FACE('',(#4487),#235,.T.);
#4825=ADVANCED_FACE('',(#4488),#236,.T.);
#4826=ADVANCED_FACE('',(#4489),#237,.T.);
#4827=ADVANCED_FACE('',(#4490),#238,.T.);
#4828=ADVANCED_FACE('',(#4491),#239,.T.);
#4829=ADVANCED_FACE('',(#4492),#240,.T.);
#4830=ADVANCED_FACE('',(#4493),#241,.T.);
#4831=ADVANCED_FACE('',(#4494),#4776,.F.);
#4832=ADVANCED_FACE('',(#4495),#4777,.T.);
#4833=ADVANCED_FACE('',(#4496),#4778,.T.);
#4834=ADVANCED_FACE('',(#4497),#4779,.T.);
#4835=ADVANCED_FACE('',(#4498),#4780,.T.);
#4836=ADVANCED_FACE('',(#4499),#152,.F.);
#4837=ADVANCED_FACE('',(#4500),#153,.F.);
#4838=ADVANCED_FACE('',(#4501,#4502,#4503,#4504,#4505,#4506,#4507,#4508,
#4509,#4510,#4511,#4512,#4513,#4514,#4515,#4516,#4517,#4518,#4519,#4520,
#4521,#4522,#4523),#242,.T.);
#4839=ADVANCED_FACE('',(#4524,#4525,#4526,#4527,#4528,#4529,#4530,#4531,
#4532,#4533,#4534,#4535,#4536,#4537,#4538,#4539,#4540,#4541,#4542,#4543,
#4544,#4545,#4546),#243,.F.);
#4840=ADVANCED_FACE('',(#4547),#154,.F.);
#4841=ADVANCED_FACE('',(#4548),#244,.T.);
#4842=ADVANCED_FACE('',(#4549),#245,.F.);
#4843=ADVANCED_FACE('',(#4550),#246,.T.);
#4844=ADVANCED_FACE('',(#4551),#247,.F.);
#4845=ADVANCED_FACE('',(#4552),#248,.T.);
#4846=ADVANCED_FACE('',(#4553),#249,.F.);
#4847=ADVANCED_FACE('',(#4554),#250,.T.);
#4848=ADVANCED_FACE('',(#4555),#251,.F.);
#4849=ADVANCED_FACE('',(#4556),#252,.T.);
#4850=ADVANCED_FACE('',(#4557),#253,.F.);
#4851=ADVANCED_FACE('',(#4558),#254,.T.);
#4852=ADVANCED_FACE('',(#4559),#255,.F.);
#4853=ADVANCED_FACE('',(#4560),#256,.T.);
#4854=ADVANCED_FACE('',(#4561),#257,.F.);
#4855=ADVANCED_FACE('',(#4562),#258,.T.);
#4856=ADVANCED_FACE('',(#4563),#259,.F.);
#4857=ADVANCED_FACE('',(#4564),#260,.T.);
#4858=ADVANCED_FACE('',(#4565),#261,.F.);
#4859=ADVANCED_FACE('',(#4566),#262,.T.);
#4860=ADVANCED_FACE('',(#4567),#263,.F.);
#4861=ADVANCED_FACE('',(#4568),#264,.T.);
#4862=ADVANCED_FACE('',(#4569),#265,.F.);
#4863=ADVANCED_FACE('',(#4570),#266,.T.);
#4864=ADVANCED_FACE('',(#4571),#267,.F.);
#4865=ADVANCED_FACE('',(#4572),#268,.T.);
#4866=ADVANCED_FACE('',(#4573),#4781,.F.);
#4867=ADVANCED_FACE('',(#4574),#4782,.F.);
#4868=ADVANCED_FACE('',(#4575),#155,.F.);
#4869=ADVANCED_FACE('',(#4576),#156,.F.);
#4870=ADVANCED_FACE('',(#4577,#4578),#269,.F.);
#4871=ADVANCED_FACE('',(#4579),#157,.F.);
#4872=ADVANCED_FACE('',(#4580),#158,.F.);
#4873=ADVANCED_FACE('',(#4581),#159,.F.);
#4874=ADVANCED_FACE('',(#4582),#160,.F.);
#4875=ADVANCED_FACE('',(#4583),#161,.F.);
#4876=ADVANCED_FACE('',(#4584),#162,.F.);
#4877=ADVANCED_FACE('',(#4585),#163,.F.);
#4878=ADVANCED_FACE('',(#4586),#164,.F.);
#4879=ADVANCED_FACE('',(#4587),#165,.F.);
#4880=ADVANCED_FACE('',(#4588),#166,.F.);
#4881=ADVANCED_FACE('',(#4589),#167,.F.);
#4882=ADVANCED_FACE('',(#4590),#168,.F.);
#4883=ADVANCED_FACE('',(#4591),#169,.F.);
#4884=ADVANCED_FACE('',(#4592),#170,.F.);
#4885=ADVANCED_FACE('',(#4593),#171,.F.);
#4886=ADVANCED_FACE('',(#4594),#172,.F.);
#4887=ADVANCED_FACE('',(#4595),#173,.F.);
#4888=ADVANCED_FACE('',(#4596),#174,.F.);
#4889=ADVANCED_FACE('',(#4597),#175,.F.);
#4890=ADVANCED_FACE('',(#4598),#176,.F.);
#4891=ADVANCED_FACE('',(#4599),#177,.F.);
#4892=ADVANCED_FACE('',(#4600),#178,.F.);
#4893=ADVANCED_FACE('',(#4601),#179,.F.);
#4894=ADVANCED_FACE('',(#4602),#180,.F.);
#4895=ADVANCED_FACE('',(#4603),#181,.F.);
#4896=ADVANCED_FACE('',(#4604),#270,.F.);
#4897=ADVANCED_FACE('',(#4605),#271,.T.);
#4898=ADVANCED_FACE('',(#4606),#182,.F.);
#4899=ADVANCED_FACE('',(#4607),#272,.T.);
#4900=ADVANCED_FACE('',(#4608),#273,.T.);
#4901=ADVANCED_FACE('',(#4609),#274,.T.);
#4902=ADVANCED_FACE('',(#4610),#275,.T.);
#4903=ADVANCED_FACE('',(#4611),#276,.T.);
#4904=ADVANCED_FACE('',(#4612),#277,.T.);
#4905=ADVANCED_FACE('',(#4613),#278,.T.);
#4906=ADVANCED_FACE('',(#4614),#279,.T.);
#4907=ADVANCED_FACE('',(#4615),#280,.T.);
#4908=ADVANCED_FACE('',(#4616),#281,.T.);
#4909=ADVANCED_FACE('',(#4617),#282,.T.);
#4910=ADVANCED_FACE('',(#4618),#283,.T.);
#4911=ADVANCED_FACE('',(#4619),#183,.F.);
#4912=ADVANCED_FACE('',(#4620),#184,.F.);
#4913=ADVANCED_FACE('',(#4621),#185,.F.);
#4914=ADVANCED_FACE('',(#4622),#186,.T.);
#4915=ADVANCED_FACE('',(#4623),#187,.F.);
#4916=ADVANCED_FACE('',(#4624),#4783,.T.);
#4917=ADVANCED_FACE('',(#4625),#284,.T.);
#4918=ADVANCED_FACE('',(#4626),#4784,.T.);
#4919=ADVANCED_FACE('',(#4627),#188,.F.);
#4920=ADVANCED_FACE('',(#4628),#4785,.T.);
#4921=ADVANCED_FACE('',(#4629),#285,.T.);
#4922=ADVANCED_FACE('',(#4630),#4786,.T.);
#4923=ADVANCED_FACE('',(#4631),#189,.T.);
#4924=ADVANCED_FACE('',(#4632),#4787,.T.);
#4925=ADVANCED_FACE('',(#4633),#286,.F.);
#4926=ADVANCED_FACE('',(#4634),#287,.F.);
#4927=ADVANCED_FACE('',(#4635),#4788,.F.);
#4928=ADVANCED_FACE('',(#4636),#4789,.F.);
#4929=ADVANCED_FACE('',(#4637),#4790,.T.);
#4930=ADVANCED_FACE('',(#4638),#288,.T.);
#4931=ADVANCED_FACE('',(#4639),#289,.T.);
#4932=ADVANCED_FACE('',(#4640),#290,.T.);
#4933=ADVANCED_FACE('',(#4641),#291,.T.);
#4934=ADVANCED_FACE('',(#4642),#292,.T.);
#4935=ADVANCED_FACE('',(#4643),#293,.T.);
#4936=ADVANCED_FACE('',(#4644),#294,.T.);
#4937=ADVANCED_FACE('',(#4645),#4791,.T.);
#4938=ADVANCED_FACE('',(#4646),#295,.F.);
#4939=ADVANCED_FACE('',(#4647),#296,.F.);
#4940=ADVANCED_FACE('',(#4648),#4792,.F.);
#4941=ADVANCED_FACE('',(#4649),#4793,.F.);
#4942=ADVANCED_FACE('',(#4650),#4794,.T.);
#4943=ADVANCED_FACE('',(#4651),#297,.F.);
#4944=ADVANCED_FACE('',(#4652),#298,.T.);
#4945=ADVANCED_FACE('',(#4653),#4795,.T.);
#4946=ADVANCED_FACE('',(#4654),#299,.T.);
#4947=ADVANCED_FACE('',(#4655),#4796,.F.);
#4948=ADVANCED_FACE('',(#4656),#190,.F.);
#4949=ADVANCED_FACE('',(#4657),#191,.F.);
#4950=ADVANCED_FACE('',(#4658),#4797,.F.);
#4951=ADVANCED_FACE('',(#4659),#300,.F.);
#4952=ADVANCED_FACE('',(#4660),#4798,.F.);
#4953=ADVANCED_FACE('',(#4661),#192,.F.);
#4954=ADVANCED_FACE('',(#4662,#4663),#4799,.F.);
#4955=ADVANCED_FACE('',(#4664),#301,.F.);
#4956=ADVANCED_FACE('',(#4665),#4800,.F.);
#4957=ADVANCED_FACE('',(#4666),#302,.F.);
#4958=ADVANCED_FACE('',(#4667),#303,.F.);
#4959=ADVANCED_FACE('',(#4668),#304,.F.);
#4960=ADVANCED_FACE('',(#4669),#305,.F.);
#4961=ADVANCED_FACE('',(#4670),#306,.T.);
#4962=ADVANCED_FACE('',(#4671),#307,.T.);
#4963=ADVANCED_FACE('',(#4672),#308,.T.);
#4964=ADVANCED_FACE('',(#4673),#309,.T.);
#4965=ADVANCED_FACE('',(#4674),#310,.T.);
#4966=ADVANCED_FACE('',(#4675),#311,.T.);
#4967=ADVANCED_FACE('',(#4676),#312,.T.);
#4968=ADVANCED_FACE('',(#4677),#4801,.T.);
#4969=ADVANCED_FACE('',(#4678),#4802,.T.);
#4970=ADVANCED_FACE('',(#4679),#4803,.T.);
#4971=ADVANCED_FACE('',(#4680),#4804,.T.);
#4972=ADVANCED_FACE('',(#4681),#4805,.F.);
#4973=ADVANCED_FACE('',(#4682),#4806,.F.);
#4974=ADVANCED_FACE('',(#4683),#4807,.F.);
#4975=ADVANCED_FACE('',(#4684),#4808,.F.);
#4976=ADVANCED_FACE('',(#4685),#193,.F.);
#4977=ADVANCED_FACE('',(#4686),#194,.T.);
#4978=ADVANCED_FACE('',(#4687),#195,.F.);
#4979=ADVANCED_FACE('',(#4688),#196,.F.);
#4980=ADVANCED_FACE('',(#4689),#197,.T.);
#4981=ADVANCED_FACE('',(#4690),#313,.T.);
#4982=ADVANCED_FACE('',(#4691),#314,.T.);
#4983=ADVANCED_FACE('',(#4692),#198,.F.);
#4984=ADVANCED_FACE('',(#4693),#199,.F.);
#4985=ADVANCED_FACE('',(#4694),#200,.F.);
#4986=ADVANCED_FACE('',(#4695),#201,.F.);
#4987=ADVANCED_FACE('',(#4696),#315,.T.);
#4988=ADVANCED_FACE('',(#4697),#202,.F.);
#4989=ADVANCED_FACE('',(#4698),#203,.F.);
#4990=ADVANCED_FACE('',(#4699),#316,.T.);
#4991=ADVANCED_FACE('',(#4700),#204,.F.);
#4992=ADVANCED_FACE('',(#4701),#205,.F.);
#4993=ADVANCED_FACE('',(#4702),#317,.T.);
#4994=ADVANCED_FACE('',(#4703),#206,.F.);
#4995=ADVANCED_FACE('',(#4704),#207,.F.);
#4996=ADVANCED_FACE('',(#4705),#318,.T.);
#4997=ADVANCED_FACE('',(#4706),#208,.F.);
#4998=ADVANCED_FACE('',(#4707),#209,.F.);
#4999=ADVANCED_FACE('',(#4708),#319,.T.);
#5000=ADVANCED_FACE('',(#4709),#210,.F.);
#5001=ADVANCED_FACE('',(#4710),#211,.F.);
#5002=ADVANCED_FACE('',(#4711),#320,.T.);
#5003=ADVANCED_FACE('',(#4712),#212,.F.);
#5004=ADVANCED_FACE('',(#4713),#213,.F.);
#5005=ADVANCED_FACE('',(#4714),#321,.T.);
#5006=ADVANCED_FACE('',(#4715),#214,.F.);
#5007=ADVANCED_FACE('',(#4716),#215,.F.);
#5008=ADVANCED_FACE('',(#4717),#322,.T.);
#5009=ADVANCED_FACE('',(#4718),#216,.F.);
#5010=ADVANCED_FACE('',(#4719),#217,.F.);
#5011=ADVANCED_FACE('',(#4720),#323,.T.);
#5012=ADVANCED_FACE('',(#4721),#218,.F.);
#5013=ADVANCED_FACE('',(#4722),#219,.F.);
#5014=ADVANCED_FACE('',(#4723),#324,.T.);
#5015=ADVANCED_FACE('',(#4724),#220,.F.);
#5016=ADVANCED_FACE('',(#4725),#221,.F.);
#5017=ADVANCED_FACE('',(#4726),#325,.T.);
#5018=ADVANCED_FACE('',(#4727),#222,.F.);
#5019=ADVANCED_FACE('',(#4728),#223,.F.);
#5020=ADVANCED_FACE('',(#4729),#224,.F.);
#5021=ADVANCED_FACE('',(#4730),#225,.F.);
#5022=ADVANCED_FACE('',(#4731),#326,.T.);
#5023=ADVANCED_FACE('',(#4732),#327,.T.);
#5024=ADVANCED_FACE('',(#4733),#4809,.T.);
#5025=ADVANCED_FACE('',(#4734),#328,.F.);
#5026=ADVANCED_FACE('',(#4735),#329,.T.);
#5027=ADVANCED_FACE('',(#4736),#330,.F.);
#5028=ADVANCED_FACE('',(#4737),#4810,.T.);
#5029=ADVANCED_FACE('',(#4738),#331,.T.);
#5030=ADVANCED_FACE('',(#4739),#332,.F.);
#5031=ADVANCED_FACE('',(#4740),#4811,.T.);
#5032=ADVANCED_FACE('',(#4741),#333,.T.);
#5033=ADVANCED_FACE('',(#4742),#334,.F.);
#5034=ADVANCED_FACE('',(#4743),#335,.F.);
#5035=ADVANCED_FACE('',(#4744),#336,.F.);
#5036=ADVANCED_FACE('',(#4745),#337,.T.);
#5037=ADVANCED_FACE('',(#4746),#338,.F.);
#5038=ADVANCED_FACE('',(#4747),#339,.F.);
#5039=ADVANCED_FACE('',(#4748),#340,.F.);
#5040=ADVANCED_FACE('',(#4749),#341,.T.);
#5041=ADVANCED_FACE('',(#4750),#342,.F.);
#5042=ADVANCED_FACE('',(#4751),#343,.F.);
#5043=ADVANCED_FACE('',(#4752),#344,.F.);
#5044=ADVANCED_FACE('',(#4753),#345,.T.);
#5045=ADVANCED_FACE('',(#4754),#346,.F.);
#5046=ADVANCED_FACE('',(#4755),#347,.T.);
#5047=ADVANCED_FACE('',(#4756),#348,.F.);
#5048=ADVANCED_FACE('',(#4757),#349,.T.);
#5049=ADVANCED_FACE('',(#4758),#350,.F.);
#5050=ADVANCED_FACE('',(#4759),#351,.T.);
#5051=ADVANCED_FACE('',(#4760),#352,.T.);
#5052=ADVANCED_FACE('',(#4761),#353,.T.);
#5053=ADVANCED_FACE('',(#4762),#354,.F.);
#5054=ADVANCED_FACE('',(#4763),#355,.T.);
#5055=ADVANCED_FACE('',(#4764),#356,.F.);
#5056=ADVANCED_FACE('',(#4765),#357,.T.);
#5057=ADVANCED_FACE('',(#4766),#358,.F.);
#5058=ADVANCED_FACE('',(#4767),#359,.T.);
#5059=ADVANCED_FACE('',(#4768),#4812,.F.);
#5060=ADVANCED_FACE('',(#4769,#4770),#360,.T.);
#5061=ADVANCED_FACE('',(#4771),#361,.F.);
#5062=ADVANCED_FACE('',(#4772),#4813,.T.);
#5063=ADVANCED_FACE('',(#4773),#362,.F.);
#5064=ADVANCED_FACE('',(#4774),#363,.T.);
#5065=CLOSED_SHELL('',(#4814,#4815,#4816,#4817,#4818,#4819,#4820,#4821,
#4822,#4823,#4824,#4825,#4826,#4827,#4828,#4829,#4830,#4831,#4832,#4833,
#4834,#4835,#4836,#4837,#4838,#4839,#4840,#4841,#4842,#4843,#4844,#4845,
#4846,#4847,#4848,#4849,#4850,#4851,#4852,#4853,#4854,#4855,#4856,#4857,
#4858,#4859,#4860,#4861,#4862,#4863,#4864,#4865,#4866,#4867,#4868,#4869,
#4870,#4871,#4872,#4873,#4874,#4875,#4876,#4877,#4878,#4879,#4880,#4881,
#4882,#4883,#4884,#4885,#4886,#4887,#4888,#4889,#4890,#4891,#4892,#4893,
#4894,#4895,#4896,#4897,#4898,#4899,#4900,#4901,#4902,#4903,#4904,#4905,
#4906,#4907,#4908,#4909,#4910,#4911,#4912,#4913,#4914,#4915,#4916,#4917,
#4918,#4919,#4920,#4921,#4922,#4923,#4924,#4925,#4926,#4927,#4928,#4929,
#4930,#4931,#4932,#4933,#4934,#4935,#4936,#4937,#4938,#4939,#4940,#4941,
#4942,#4943,#4944,#4945,#4946,#4947,#4948,#4949,#4950,#4951,#4952,#4953,
#4954,#4955,#4956,#4957,#4958,#4959,#4960,#4961,#4962,#4963,#4964,#4965,
#4966,#4967,#4968,#4969,#4970,#4971,#4972,#4973,#4974,#4975,#4976,#4977,
#4978,#4979,#4980,#4981,#4982,#4983,#4984,#4985,#4986,#4987,#4988,#4989,
#4990,#4991,#4992,#4993,#4994,#4995,#4996,#4997,#4998,#4999,#5000,#5001,
#5002,#5003,#5004,#5005,#5006,#5007,#5008,#5009,#5010,#5011,#5012,#5013,
#5014,#5015,#5016,#5017,#5018,#5019,#5020,#5021,#5022,#5023,#5024,#5025,
#5026,#5027,#5028,#5029,#5030,#5031,#5032,#5033,#5034,#5035,#5036,#5037,
#5038,#5039,#5040,#5041,#5042,#5043,#5044,#5045,#5046,#5047,#5048,#5049,
#5050,#5051,#5052,#5053,#5054,#5055,#5056,#5057,#5058,#5059,#5060,#5061,
#5062,#5063,#5064));
#5066=STYLED_ITEM('',(#5067),#5074);
#5067=PRESENTATION_STYLE_ASSIGNMENT((#5068));
#5068=SURFACE_STYLE_USAGE(.BOTH.,#5069);
#5069=SURFACE_SIDE_STYLE('',(#5070));
#5070=SURFACE_STYLE_FILL_AREA(#5071);
#5071=FILL_AREA_STYLE('',(#5072));
#5072=FILL_AREA_STYLE_COLOUR('',#5073);
#5073=COLOUR_RGB('',0.647058823529412,0.647058823529412,0.647058823529412);
#5074=MANIFOLD_SOLID_BREP('Part 2',#5065);
#5075=SHAPE_DEFINITION_REPRESENTATION(#11148,#5076);
#5076=SHAPE_REPRESENTATION('Part 2',(#5077),#11143);
#5077=AXIS2_PLACEMENT_3D('',#6617,#5430,#5431);
#5078=AXIS2_PLACEMENT_3D('',#6690,#5434,#5435);
#5079=AXIS2_PLACEMENT_3D('',#6696,#5439,#5440);
#5080=AXIS2_PLACEMENT_3D('',#6702,#5444,#5445);
#5081=AXIS2_PLACEMENT_3D('',#6708,#5449,#5450);
#5082=AXIS2_PLACEMENT_3D('',#6714,#5454,#5455);
#5083=AXIS2_PLACEMENT_3D('',#6720,#5459,#5460);
#5084=AXIS2_PLACEMENT_3D('',#6726,#5464,#5465);
#5085=AXIS2_PLACEMENT_3D('',#6732,#5469,#5470);
#5086=AXIS2_PLACEMENT_3D('',#6741,#5475,#5476);
#5087=AXIS2_PLACEMENT_3D('',#6744,#5479,#5480);
#5088=AXIS2_PLACEMENT_3D('',#6753,#5485,#5486);
#5089=AXIS2_PLACEMENT_3D('',#6759,#5490,#5491);
#5090=AXIS2_PLACEMENT_3D('',#6765,#5495,#5496);
#5091=AXIS2_PLACEMENT_3D('',#6771,#5500,#5501);
#5092=AXIS2_PLACEMENT_3D('',#6777,#5505,#5506);
#5093=AXIS2_PLACEMENT_3D('',#6790,#5513,#5514);
#5094=AXIS2_PLACEMENT_3D('',#7023,#5527,#5528);
#5095=AXIS2_PLACEMENT_3D('',#7030,#5529,#5530);
#5096=AXIS2_PLACEMENT_3D('',#7034,#5532,#5533);
#5097=AXIS2_PLACEMENT_3D('',#7035,#5534,#5535);
#5098=AXIS2_PLACEMENT_3D('',#7039,#5537,#5538);
#5099=AXIS2_PLACEMENT_3D('',#7046,#5539,#5540);
#5100=AXIS2_PLACEMENT_3D('',#7047,#5541,#5542);
#5101=AXIS2_PLACEMENT_3D('',#7471,#5550,#5551);
#5102=AXIS2_PLACEMENT_3D('',#7475,#5553,#5554);
#5103=AXIS2_PLACEMENT_3D('',#7478,#5556,#5557);
#5104=AXIS2_PLACEMENT_3D('',#7481,#5558,#5559);
#5105=AXIS2_PLACEMENT_3D('',#7483,#5560,#5561);
#5106=AXIS2_PLACEMENT_3D('',#7484,#5562,#5563);
#5107=AXIS2_PLACEMENT_3D('',#7489,#5565,#5566);
#5108=AXIS2_PLACEMENT_3D('',#7493,#5568,#5569);
#5109=AXIS2_PLACEMENT_3D('',#7497,#5571,#5572);
#5110=AXIS2_PLACEMENT_3D('',#7500,#5574,#5575);
#5111=AXIS2_PLACEMENT_3D('',#7505,#5577,#5578);
#5112=AXIS2_PLACEMENT_3D('',#7509,#5580,#5581);
#5113=AXIS2_PLACEMENT_3D('',#7513,#5583,#5584);
#5114=AXIS2_PLACEMENT_3D('',#7516,#5586,#5587);
#5115=AXIS2_PLACEMENT_3D('',#7521,#5589,#5590);
#5116=AXIS2_PLACEMENT_3D('',#7525,#5592,#5593);
#5117=AXIS2_PLACEMENT_3D('',#7529,#5595,#5596);
#5118=AXIS2_PLACEMENT_3D('',#7532,#5598,#5599);
#5119=AXIS2_PLACEMENT_3D('',#7537,#5601,#5602);
#5120=AXIS2_PLACEMENT_3D('',#7541,#5604,#5605);
#5121=AXIS2_PLACEMENT_3D('',#7545,#5607,#5608);
#5122=AXIS2_PLACEMENT_3D('',#7548,#5610,#5611);
#5123=AXIS2_PLACEMENT_3D('',#7553,#5613,#5614);
#5124=AXIS2_PLACEMENT_3D('',#7557,#5616,#5617);
#5125=AXIS2_PLACEMENT_3D('',#7561,#5619,#5620);
#5126=AXIS2_PLACEMENT_3D('',#7564,#5622,#5623);
#5127=AXIS2_PLACEMENT_3D('',#7569,#5625,#5626);
#5128=AXIS2_PLACEMENT_3D('',#7573,#5628,#5629);
#5129=AXIS2_PLACEMENT_3D('',#7577,#5631,#5632);
#5130=AXIS2_PLACEMENT_3D('',#7580,#5634,#5635);
#5131=AXIS2_PLACEMENT_3D('',#7585,#5637,#5638);
#5132=AXIS2_PLACEMENT_3D('',#7589,#5640,#5641);
#5133=AXIS2_PLACEMENT_3D('',#7593,#5643,#5644);
#5134=AXIS2_PLACEMENT_3D('',#7596,#5646,#5647);
#5135=AXIS2_PLACEMENT_3D('',#7601,#5649,#5650);
#5136=AXIS2_PLACEMENT_3D('',#7605,#5652,#5653);
#5137=AXIS2_PLACEMENT_3D('',#7609,#5655,#5656);
#5138=AXIS2_PLACEMENT_3D('',#7612,#5658,#5659);
#5139=AXIS2_PLACEMENT_3D('',#7617,#5661,#5662);
#5140=AXIS2_PLACEMENT_3D('',#7621,#5664,#5665);
#5141=AXIS2_PLACEMENT_3D('',#7625,#5667,#5668);
#5142=AXIS2_PLACEMENT_3D('',#7628,#5670,#5671);
#5143=AXIS2_PLACEMENT_3D('',#7633,#5673,#5674);
#5144=AXIS2_PLACEMENT_3D('',#7637,#5676,#5677);
#5145=AXIS2_PLACEMENT_3D('',#7641,#5679,#5680);
#5146=AXIS2_PLACEMENT_3D('',#7644,#5682,#5683);
#5147=AXIS2_PLACEMENT_3D('',#7649,#5685,#5686);
#5148=AXIS2_PLACEMENT_3D('',#7653,#5688,#5689);
#5149=AXIS2_PLACEMENT_3D('',#7657,#5691,#5692);
#5150=AXIS2_PLACEMENT_3D('',#7660,#5694,#5695);
#5151=AXIS2_PLACEMENT_3D('',#7665,#5697,#5698);
#5152=AXIS2_PLACEMENT_3D('',#7669,#5700,#5701);
#5153=AXIS2_PLACEMENT_3D('',#7673,#5703,#5704);
#5154=AXIS2_PLACEMENT_3D('',#7676,#5706,#5707);
#5155=AXIS2_PLACEMENT_3D('',#7679,#5708,#5709);
#5156=AXIS2_PLACEMENT_3D('',#7681,#5710,#5711);
#5157=AXIS2_PLACEMENT_3D('',#7691,#5712,#5713);
#5158=AXIS2_PLACEMENT_3D('',#7708,#5715,#5716);
#5159=AXIS2_PLACEMENT_3D('',#7721,#5718,#5719);
#5160=AXIS2_PLACEMENT_3D('',#7724,#5720,#5721);
#5161=AXIS2_PLACEMENT_3D('',#7725,#5722,#5723);
#5162=AXIS2_PLACEMENT_3D('',#7728,#5724,#5725);
#5163=AXIS2_PLACEMENT_3D('',#7729,#5726,#5727);
#5164=AXIS2_PLACEMENT_3D('',#7732,#5728,#5729);
#5165=AXIS2_PLACEMENT_3D('',#7733,#5730,#5731);
#5166=AXIS2_PLACEMENT_3D('',#7736,#5732,#5733);
#5167=AXIS2_PLACEMENT_3D('',#7758,#5735,#5736);
#5168=AXIS2_PLACEMENT_3D('',#7775,#5738,#5739);
#5169=AXIS2_PLACEMENT_3D('',#7776,#5740,#5741);
#5170=AXIS2_PLACEMENT_3D('',#7823,#5744,#5745);
#5171=AXIS2_PLACEMENT_3D('',#7827,#5747,#5748);
#5172=AXIS2_PLACEMENT_3D('',#7905,#5751,#5752);
#5173=AXIS2_PLACEMENT_3D('',#7908,#5753,#5754);
#5174=AXIS2_PLACEMENT_3D('',#7910,#5755,#5756);
#5175=AXIS2_PLACEMENT_3D('',#7914,#5758,#5759);
#5176=AXIS2_PLACEMENT_3D('',#7918,#5761,#5762);
#5177=AXIS2_PLACEMENT_3D('',#7922,#5764,#5765);
#5178=AXIS2_PLACEMENT_3D('',#7926,#5767,#5768);
#5179=AXIS2_PLACEMENT_3D('',#7930,#5770,#5771);
#5180=AXIS2_PLACEMENT_3D('',#7934,#5773,#5774);
#5181=AXIS2_PLACEMENT_3D('',#7938,#5776,#5777);
#5182=AXIS2_PLACEMENT_3D('',#7942,#5779,#5780);
#5183=AXIS2_PLACEMENT_3D('',#7946,#5782,#5783);
#5184=AXIS2_PLACEMENT_3D('',#7950,#5785,#5786);
#5185=AXIS2_PLACEMENT_3D('',#7954,#5788,#5789);
#5186=AXIS2_PLACEMENT_3D('',#7958,#5791,#5792);
#5187=AXIS2_PLACEMENT_3D('',#7962,#5794,#5795);
#5188=AXIS2_PLACEMENT_3D('',#7966,#5797,#5798);
#5189=AXIS2_PLACEMENT_3D('',#7970,#5800,#5801);
#5190=AXIS2_PLACEMENT_3D('',#7974,#5803,#5804);
#5191=AXIS2_PLACEMENT_3D('',#7978,#5806,#5807);
#5192=AXIS2_PLACEMENT_3D('',#7982,#5809,#5810);
#5193=AXIS2_PLACEMENT_3D('',#7986,#5812,#5813);
#5194=AXIS2_PLACEMENT_3D('',#7990,#5815,#5816);
#5195=AXIS2_PLACEMENT_3D('',#7994,#5818,#5819);
#5196=AXIS2_PLACEMENT_3D('',#7998,#5821,#5822);
#5197=AXIS2_PLACEMENT_3D('',#8002,#5824,#5825);
#5198=AXIS2_PLACEMENT_3D('',#8006,#5827,#5828);
#5199=AXIS2_PLACEMENT_3D('',#8010,#5830,#5831);
#5200=AXIS2_PLACEMENT_3D('',#8014,#5833,#5834);
#5201=AXIS2_PLACEMENT_3D('',#8018,#5836,#5837);
#5202=AXIS2_PLACEMENT_3D('',#8022,#5839,#5840);
#5203=AXIS2_PLACEMENT_3D('',#8026,#5842,#5843);
#5204=AXIS2_PLACEMENT_3D('',#8030,#5845,#5846);
#5205=AXIS2_PLACEMENT_3D('',#8034,#5848,#5849);
#5206=AXIS2_PLACEMENT_3D('',#8038,#5851,#5852);
#5207=AXIS2_PLACEMENT_3D('',#8042,#5854,#5855);
#5208=AXIS2_PLACEMENT_3D('',#8046,#5857,#5858);
#5209=AXIS2_PLACEMENT_3D('',#8050,#5860,#5861);
#5210=AXIS2_PLACEMENT_3D('',#8054,#5863,#5864);
#5211=AXIS2_PLACEMENT_3D('',#8058,#5866,#5867);
#5212=AXIS2_PLACEMENT_3D('',#8062,#5869,#5870);
#5213=AXIS2_PLACEMENT_3D('',#8066,#5872,#5873);
#5214=AXIS2_PLACEMENT_3D('',#8070,#5875,#5876);
#5215=AXIS2_PLACEMENT_3D('',#8074,#5878,#5879);
#5216=AXIS2_PLACEMENT_3D('',#8078,#5881,#5882);
#5217=AXIS2_PLACEMENT_3D('',#8082,#5884,#5885);
#5218=AXIS2_PLACEMENT_3D('',#8086,#5887,#5888);
#5219=AXIS2_PLACEMENT_3D('',#8090,#5890,#5891);
#5220=AXIS2_PLACEMENT_3D('',#8094,#5893,#5894);
#5221=AXIS2_PLACEMENT_3D('',#8098,#5896,#5897);
#5222=AXIS2_PLACEMENT_3D('',#8102,#5899,#5900);
#5223=AXIS2_PLACEMENT_3D('',#8373,#5905,#5906);
#5224=AXIS2_PLACEMENT_3D('',#8376,#5907,#5908);
#5225=AXIS2_PLACEMENT_3D('',#8378,#5909,#5910);
#5226=AXIS2_PLACEMENT_3D('',#8412,#5913,#5914);
#5227=AXIS2_PLACEMENT_3D('',#8415,#5915,#5916);
#5228=AXIS2_PLACEMENT_3D('',#8416,#5917,#5918);
#5229=AXIS2_PLACEMENT_3D('',#8419,#5919,#5920);
#5230=AXIS2_PLACEMENT_3D('',#8420,#5921,#5922);
#5231=AXIS2_PLACEMENT_3D('',#8423,#5923,#5924);
#5232=AXIS2_PLACEMENT_3D('',#8424,#5925,#5926);
#5233=AXIS2_PLACEMENT_3D('',#8427,#5927,#5928);
#5234=AXIS2_PLACEMENT_3D('',#8428,#5929,#5930);
#5235=AXIS2_PLACEMENT_3D('',#8430,#5932,#5933);
#5236=AXIS2_PLACEMENT_3D('',#8432,#5935,#5936);
#5237=AXIS2_PLACEMENT_3D('',#8435,#5939,#5940);
#5238=AXIS2_PLACEMENT_3D('',#8438,#5943,#5944);
#5239=AXIS2_PLACEMENT_3D('',#8441,#5947,#5948);
#5240=AXIS2_PLACEMENT_3D('',#8444,#5951,#5952);
#5241=AXIS2_PLACEMENT_3D('',#8447,#5955,#5956);
#5242=AXIS2_PLACEMENT_3D('',#8450,#5959,#5960);
#5243=AXIS2_PLACEMENT_3D('',#8453,#5963,#5964);
#5244=AXIS2_PLACEMENT_3D('',#8456,#5967,#5968);
#5245=AXIS2_PLACEMENT_3D('',#8459,#5971,#5972);
#5246=AXIS2_PLACEMENT_3D('',#8462,#5975,#5976);
#5247=AXIS2_PLACEMENT_3D('',#8465,#5979,#5980);
#5248=AXIS2_PLACEMENT_3D('',#8468,#5983,#5984);
#5249=AXIS2_PLACEMENT_3D('',#8471,#5987,#5988);
#5250=AXIS2_PLACEMENT_3D('',#8474,#5991,#5992);
#5251=AXIS2_PLACEMENT_3D('',#8477,#5995,#5996);
#5252=AXIS2_PLACEMENT_3D('',#8480,#5999,#6000);
#5253=AXIS2_PLACEMENT_3D('',#8483,#6003,#6004);
#5254=AXIS2_PLACEMENT_3D('',#8486,#6007,#6008);
#5255=AXIS2_PLACEMENT_3D('',#8489,#6011,#6012);
#5256=AXIS2_PLACEMENT_3D('',#8492,#6015,#6016);
#5257=AXIS2_PLACEMENT_3D('',#8495,#6019,#6020);
#5258=AXIS2_PLACEMENT_3D('',#8498,#6023,#6024);
#5259=AXIS2_PLACEMENT_3D('',#8501,#6027,#6028);
#5260=AXIS2_PLACEMENT_3D('',#8504,#6031,#6032);
#5261=AXIS2_PLACEMENT_3D('',#8507,#6035,#6036);
#5262=AXIS2_PLACEMENT_3D('',#8762,#6043,#6044);
#5263=AXIS2_PLACEMENT_3D('',#8777,#6047,#6048);
#5264=AXIS2_PLACEMENT_3D('',#8794,#6052,#6053);
#5265=AXIS2_PLACEMENT_3D('',#9109,#6059,#6060);
#5266=AXIS2_PLACEMENT_3D('',#9112,#6063,#6064);
#5267=AXIS2_PLACEMENT_3D('',#9114,#6066,#6067);
#5268=AXIS2_PLACEMENT_3D('',#9116,#6069,#6070);
#5269=AXIS2_PLACEMENT_3D('',#9118,#6072,#6073);
#5270=AXIS2_PLACEMENT_3D('',#9120,#6075,#6076);
#5271=AXIS2_PLACEMENT_3D('',#9122,#6078,#6079);
#5272=AXIS2_PLACEMENT_3D('',#9124,#6081,#6082);
#5273=AXIS2_PLACEMENT_3D('',#9126,#6084,#6085);
#5274=AXIS2_PLACEMENT_3D('',#9128,#6087,#6088);
#5275=AXIS2_PLACEMENT_3D('',#9130,#6090,#6091);
#5276=AXIS2_PLACEMENT_3D('',#9132,#6093,#6094);
#5277=AXIS2_PLACEMENT_3D('',#9134,#6096,#6097);
#5278=AXIS2_PLACEMENT_3D('',#9136,#6099,#6100);
#5279=AXIS2_PLACEMENT_3D('',#9138,#6102,#6103);
#5280=AXIS2_PLACEMENT_3D('',#9140,#6105,#6106);
#5281=AXIS2_PLACEMENT_3D('',#9142,#6108,#6109);
#5282=AXIS2_PLACEMENT_3D('',#9144,#6111,#6112);
#5283=AXIS2_PLACEMENT_3D('',#9146,#6114,#6115);
#5284=AXIS2_PLACEMENT_3D('',#9148,#6117,#6118);
#5285=AXIS2_PLACEMENT_3D('',#9150,#6120,#6121);
#5286=AXIS2_PLACEMENT_3D('',#9152,#6123,#6124);
#5287=AXIS2_PLACEMENT_3D('',#9154,#6126,#6127);
#5288=AXIS2_PLACEMENT_3D('',#9156,#6129,#6130);
#5289=AXIS2_PLACEMENT_3D('',#9158,#6132,#6133);
#5290=AXIS2_PLACEMENT_3D('',#9160,#6135,#6136);
#5291=AXIS2_PLACEMENT_3D('',#9163,#6139,#6140);
#5292=AXIS2_PLACEMENT_3D('',#9165,#6142,#6143);
#5293=AXIS2_PLACEMENT_3D('',#9168,#6146,#6147);
#5294=AXIS2_PLACEMENT_3D('',#9169,#6148,#6149);
#5295=AXIS2_PLACEMENT_3D('',#9170,#6150,#6151);
#5296=AXIS2_PLACEMENT_3D('',#9171,#6152,#6153);
#5297=AXIS2_PLACEMENT_3D('',#9172,#6154,#6155);
#5298=AXIS2_PLACEMENT_3D('',#9173,#6156,#6157);
#5299=AXIS2_PLACEMENT_3D('',#9174,#6158,#6159);
#5300=AXIS2_PLACEMENT_3D('',#9175,#6160,#6161);
#5301=AXIS2_PLACEMENT_3D('',#9176,#6162,#6163);
#5302=AXIS2_PLACEMENT_3D('',#9177,#6164,#6165);
#5303=AXIS2_PLACEMENT_3D('',#9178,#6166,#6167);
#5304=AXIS2_PLACEMENT_3D('',#9179,#6168,#6169);
#5305=AXIS2_PLACEMENT_3D('',#9180,#6170,#6171);
#5306=AXIS2_PLACEMENT_3D('',#9183,#6174,#6175);
#5307=AXIS2_PLACEMENT_3D('',#9186,#6178,#6179);
#5308=AXIS2_PLACEMENT_3D('',#9189,#6182,#6183);
#5309=AXIS2_PLACEMENT_3D('',#9190,#6184,#6185);
#5310=AXIS2_PLACEMENT_3D('',#9221,#6191,#6192);
#5311=AXIS2_PLACEMENT_3D('',#9243,#6197,#6198);
#5312=AXIS2_PLACEMENT_3D('',#9293,#6203,#6204);
#5313=AXIS2_PLACEMENT_3D('',#9323,#6208,#6209);
#5314=AXIS2_PLACEMENT_3D('',#9394,#6214,#6215);
#5315=AXIS2_PLACEMENT_3D('',#9397,#6218,#6219);
#5316=AXIS2_PLACEMENT_3D('',#9481,#6223,#6224);
#5317=AXIS2_PLACEMENT_3D('',#9494,#6231,#6232);
#5318=AXIS2_PLACEMENT_3D('',#9500,#6236,#6237);
#5319=AXIS2_PLACEMENT_3D('',#9506,#6241,#6242);
#5320=AXIS2_PLACEMENT_3D('',#9512,#6246,#6247);
#5321=AXIS2_PLACEMENT_3D('',#9518,#6251,#6252);
#5322=AXIS2_PLACEMENT_3D('',#9524,#6256,#6257);
#5323=AXIS2_PLACEMENT_3D('',#9563,#6262,#6263);
#5324=AXIS2_PLACEMENT_3D('',#9567,#6266,#6267);
#5325=AXIS2_PLACEMENT_3D('',#9841,#6276,#6277);
#5326=AXIS2_PLACEMENT_3D('',#9849,#6282,#6283);
#5327=AXIS2_PLACEMENT_3D('',#9923,#6288,#6289);
#5328=AXIS2_PLACEMENT_3D('',#10014,#6299,#6300);
#5329=AXIS2_PLACEMENT_3D('',#10025,#6301,#6302);
#5330=AXIS2_PLACEMENT_3D('',#10026,#6303,#6304);
#5331=AXIS2_PLACEMENT_3D('',#10070,#6310,#6311);
#5332=AXIS2_PLACEMENT_3D('',#10106,#6318,#6319);
#5333=AXIS2_PLACEMENT_3D('',#10107,#6320,#6321);
#5334=AXIS2_PLACEMENT_3D('',#10190,#6327,#6328);
#5335=AXIS2_PLACEMENT_3D('',#10227,#6331,#6332);
#5336=AXIS2_PLACEMENT_3D('',#10233,#6336,#6337);
#5337=AXIS2_PLACEMENT_3D('',#10237,#6340,#6341);
#5338=AXIS2_PLACEMENT_3D('',#10240,#6344,#6345);
#5339=AXIS2_PLACEMENT_3D('',#10242,#6347,#6348);
#5340=AXIS2_PLACEMENT_3D('',#10248,#6352,#6353);
#5341=AXIS2_PLACEMENT_3D('',#10252,#6356,#6357);
#5342=AXIS2_PLACEMENT_3D('',#10256,#6360,#6361);
#5343=AXIS2_PLACEMENT_3D('',#10260,#6364,#6365);
#5344=AXIS2_PLACEMENT_3D('',#10262,#6367,#6368);
#5345=AXIS2_PLACEMENT_3D('',#10266,#6371,#6372);
#5346=AXIS2_PLACEMENT_3D('',#10783,#6375,#6376);
#5347=AXIS2_PLACEMENT_3D('',#10784,#6377,#6378);
#5348=AXIS2_PLACEMENT_3D('',#10786,#6380,#6381);
#5349=AXIS2_PLACEMENT_3D('',#10787,#6382,#6383);
#5350=AXIS2_PLACEMENT_3D('',#10788,#6384,#6385);
#5351=AXIS2_PLACEMENT_3D('',#10790,#6387,#6388);
#5352=AXIS2_PLACEMENT_3D('',#10792,#6390,#6391);
#5353=AXIS2_PLACEMENT_3D('',#10793,#6392,#6393);
#5354=AXIS2_PLACEMENT_3D('',#10794,#6394,#6395);
#5355=AXIS2_PLACEMENT_3D('',#10795,#6396,#6397);
#5356=AXIS2_PLACEMENT_3D('',#10796,#6398,#6399);
#5357=AXIS2_PLACEMENT_3D('',#10797,#6400,#6401);
#5358=AXIS2_PLACEMENT_3D('',#10800,#6404,#6405);
#5359=AXIS2_PLACEMENT_3D('',#10801,#6406,#6407);
#5360=AXIS2_PLACEMENT_3D('',#10802,#6408,#6409);
#5361=AXIS2_PLACEMENT_3D('',#10805,#6412,#6413);
#5362=AXIS2_PLACEMENT_3D('',#10806,#6414,#6415);
#5363=AXIS2_PLACEMENT_3D('',#10807,#6416,#6417);
#5364=AXIS2_PLACEMENT_3D('',#10810,#6420,#6421);
#5365=AXIS2_PLACEMENT_3D('',#10811,#6422,#6423);
#5366=AXIS2_PLACEMENT_3D('',#10812,#6424,#6425);
#5367=AXIS2_PLACEMENT_3D('',#10815,#6428,#6429);
#5368=AXIS2_PLACEMENT_3D('',#10816,#6430,#6431);
#5369=AXIS2_PLACEMENT_3D('',#10817,#6432,#6433);
#5370=AXIS2_PLACEMENT_3D('',#10820,#6436,#6437);
#5371=AXIS2_PLACEMENT_3D('',#10821,#6438,#6439);
#5372=AXIS2_PLACEMENT_3D('',#10822,#6440,#6441);
#5373=AXIS2_PLACEMENT_3D('',#10825,#6444,#6445);
#5374=AXIS2_PLACEMENT_3D('',#10826,#6446,#6447);
#5375=AXIS2_PLACEMENT_3D('',#10827,#6448,#6449);
#5376=AXIS2_PLACEMENT_3D('',#10830,#6452,#6453);
#5377=AXIS2_PLACEMENT_3D('',#10831,#6454,#6455);
#5378=AXIS2_PLACEMENT_3D('',#10832,#6456,#6457);
#5379=AXIS2_PLACEMENT_3D('',#10835,#6460,#6461);
#5380=AXIS2_PLACEMENT_3D('',#10836,#6462,#6463);
#5381=AXIS2_PLACEMENT_3D('',#10837,#6464,#6465);
#5382=AXIS2_PLACEMENT_3D('',#10840,#6468,#6469);
#5383=AXIS2_PLACEMENT_3D('',#10841,#6470,#6471);
#5384=AXIS2_PLACEMENT_3D('',#10842,#6472,#6473);
#5385=AXIS2_PLACEMENT_3D('',#10845,#6476,#6477);
#5386=AXIS2_PLACEMENT_3D('',#10846,#6478,#6479);
#5387=AXIS2_PLACEMENT_3D('',#10847,#6480,#6481);
#5388=AXIS2_PLACEMENT_3D('',#10850,#6484,#6485);
#5389=AXIS2_PLACEMENT_3D('',#10851,#6486,#6487);
#5390=AXIS2_PLACEMENT_3D('',#10852,#6488,#6489);
#5391=AXIS2_PLACEMENT_3D('',#10854,#6491,#6492);
#5392=AXIS2_PLACEMENT_3D('',#10856,#6494,#6495);
#5393=AXIS2_PLACEMENT_3D('',#10857,#6496,#6497);
#5394=AXIS2_PLACEMENT_3D('',#10902,#6502,#6503);
#5395=AXIS2_PLACEMENT_3D('',#10905,#6506,#6507);
#5396=AXIS2_PLACEMENT_3D('',#10906,#6508,#6509);
#5397=AXIS2_PLACEMENT_3D('',#10939,#6510,#6511);
#5398=AXIS2_PLACEMENT_3D('',#10945,#6515,#6516);
#5399=AXIS2_PLACEMENT_3D('',#10983,#6520,#6521);
#5400=AXIS2_PLACEMENT_3D('',#10984,#6522,#6523);
#5401=AXIS2_PLACEMENT_3D('',#10985,#6524,#6525);
#5402=AXIS2_PLACEMENT_3D('',#10991,#6529,#6530);
#5403=AXIS2_PLACEMENT_3D('',#10994,#6533,#6534);
#5404=AXIS2_PLACEMENT_3D('',#10995,#6535,#6536);
#5405=AXIS2_PLACEMENT_3D('',#10996,#6537,#6538);
#5406=AXIS2_PLACEMENT_3D('',#11002,#6542,#6543);
#5407=AXIS2_PLACEMENT_3D('',#11005,#6546,#6547);
#5408=AXIS2_PLACEMENT_3D('',#11006,#6548,#6549);
#5409=AXIS2_PLACEMENT_3D('',#11007,#6550,#6551);
#5410=AXIS2_PLACEMENT_3D('',#11013,#6555,#6556);
#5411=AXIS2_PLACEMENT_3D('',#11016,#6559,#6560);
#5412=AXIS2_PLACEMENT_3D('',#11017,#6561,#6562);
#5413=AXIS2_PLACEMENT_3D('',#11018,#6563,#6564);
#5414=AXIS2_PLACEMENT_3D('',#11024,#6568,#6569);
#5415=AXIS2_PLACEMENT_3D('',#11027,#6572,#6573);
#5416=AXIS2_PLACEMENT_3D('',#11028,#6574,#6575);
#5417=AXIS2_PLACEMENT_3D('',#11029,#6576,#6577);
#5418=AXIS2_PLACEMENT_3D('',#11035,#6581,#6582);
#5419=AXIS2_PLACEMENT_3D('',#11038,#6585,#6586);
#5420=AXIS2_PLACEMENT_3D('',#11039,#6587,#6588);
#5421=AXIS2_PLACEMENT_3D('',#11040,#6589,#6590);
#5422=AXIS2_PLACEMENT_3D('',#11046,#6594,#6595);
#5423=AXIS2_PLACEMENT_3D('',#11049,#6598,#6599);
#5424=AXIS2_PLACEMENT_3D('',#11050,#6600,#6601);
#5425=AXIS2_PLACEMENT_3D('',#11051,#6602,#6603);
#5426=AXIS2_PLACEMENT_3D('',#11097,#6607,#6608);
#5427=AXIS2_PLACEMENT_3D('',#11110,#6610,#6611);
#5428=AXIS2_PLACEMENT_3D('',#11140,#6613,#6614);
#5429=AXIS2_PLACEMENT_3D('',#11141,#6615,#6616);
#5430=DIRECTION('',(0.,0.,1.));
#5431=DIRECTION('',(1.,0.,0.));
#5432=DIRECTION('',(0.,0.,-1.));
#5433=DIRECTION('',(0.,0.,-1.));
#5434=DIRECTION('',(1.,0.,0.));
#5435=DIRECTION('',(0.,0.,-1.));
#5436=DIRECTION('',(0.,0.,-1.));
#5437=DIRECTION('',(0.,-1.,0.));
#5438=DIRECTION('',(0.,-1.,0.));
#5439=DIRECTION('',(-0.832892716900963,-0.553434478627174,0.));
#5440=DIRECTION('',(0.553434478627174,-0.832892716900963,0.));
#5441=DIRECTION('',(0.,0.,-1.));
#5442=DIRECTION('',(-0.553434478627174,0.832892716900963,0.));
#5443=DIRECTION('',(-0.553434478627174,0.832892716900963,0.));
#5444=DIRECTION('',(0.874662592973263,-0.484732244082533,0.));
#5445=DIRECTION('',(0.484732244082533,0.874662592973263,0.));
#5446=DIRECTION('',(0.,0.,-1.));
#5447=DIRECTION('',(-0.484732244082533,-0.874662592973263,0.));
#5448=DIRECTION('',(-0.484732244082533,-0.874662592973263,0.));
#5449=DIRECTION('',(-0.721815214866472,-0.69208582963912,0.));
#5450=DIRECTION('',(0.69208582963912,-0.721815214866472,0.));
#5451=DIRECTION('',(0.,0.,-1.));
#5452=DIRECTION('',(-0.69208582963912,0.721815214866472,0.));
#5453=DIRECTION('',(-0.69208582963912,0.721815214866472,0.));
#5454=DIRECTION('',(0.69208582963912,-0.721815214866472,0.));
#5455=DIRECTION('',(0.721815214866472,0.69208582963912,0.));
#5456=DIRECTION('',(0.,0.,-1.));
#5457=DIRECTION('',(-0.721815214866472,-0.69208582963912,0.));
#5458=DIRECTION('',(-0.721815214866472,-0.69208582963912,0.));
#5459=DIRECTION('',(-0.721815214866472,-0.69208582963912,0.));
#5460=DIRECTION('',(0.69208582963912,-0.721815214866472,0.));
#5461=DIRECTION('',(0.,0.,-1.));
#5462=DIRECTION('',(-0.69208582963912,0.721815214866472,0.));
#5463=DIRECTION('',(-0.69208582963912,0.721815214866472,0.));
#5464=DIRECTION('',(0.69208582963912,-0.721815214866472,0.));
#5465=DIRECTION('',(0.721815214866472,0.69208582963912,0.));
#5466=DIRECTION('',(0.,0.,-1.));
#5467=DIRECTION('',(-0.721815214866472,-0.69208582963912,0.));
#5468=DIRECTION('',(-0.721815214866472,-0.69208582963912,0.));
#5469=DIRECTION('',(0.000719160420025215,-0.999999741404112,1.43399605122384E-27));
#5470=DIRECTION('',(-0.999999741404112,-0.000719160420025215,-6.28606810251006E-35));
#5471=DIRECTION('',(-0.999999741404112,-0.000719160420025215,0.));
#5472=DIRECTION('',(0.,0.,-1.));
#5473=DIRECTION('',(-0.999999741404112,-0.000719160420025215,-6.28606810251006E-35));
#5474=DIRECTION('',(-2.97120986049033E-25,-1.64767413043092E-27,-1.));
#5475=DIRECTION('',(0.000711523239269803,0.999999746867308,-1.85908219979938E-27));
#5476=DIRECTION('',(-0.999999746867308,0.000711523239269804,8.12592472038724E-35));
#5477=DIRECTION('',(-0.999999746867308,0.000711523239269804,8.12592472038724E-35));
#5478=DIRECTION('',(0.999999746867308,-0.000711523239269803,0.));
#5479=DIRECTION('',(0.721815214866472,-0.69208582963912,0.));
#5480=DIRECTION('',(-0.69208582963912,-0.721815214866472,0.));
#5481=DIRECTION('',(0.,0.,-1.));
#5482=DIRECTION('',(0.69208582963912,0.721815214866472,0.));
#5483=DIRECTION('',(0.,0.,-1.));
#5484=DIRECTION('',(0.69208582963912,0.721815214866472,0.));
#5485=DIRECTION('',(-0.69208582963912,-0.721815214866472,0.));
#5486=DIRECTION('',(-0.721815214866472,0.69208582963912,0.));
#5487=DIRECTION('',(0.,0.,-1.));
#5488=DIRECTION('',(0.721815214866472,-0.69208582963912,0.));
#5489=DIRECTION('',(0.721815214866472,-0.69208582963912,0.));
#5490=DIRECTION('',(0.721815214866472,-0.69208582963912,0.));
#5491=DIRECTION('',(-0.69208582963912,-0.721815214866472,0.));
#5492=DIRECTION('',(0.,0.,-1.));
#5493=DIRECTION('',(0.69208582963912,0.721815214866472,0.));
#5494=DIRECTION('',(0.69208582963912,0.721815214866472,0.));
#5495=DIRECTION('',(-0.874662592973263,-0.484732244082533,0.));
#5496=DIRECTION('',(-0.484732244082533,0.874662592973263,0.));
#5497=DIRECTION('',(0.,0.,-1.));
#5498=DIRECTION('',(0.484732244082533,-0.874662592973263,0.));
#5499=DIRECTION('',(0.484732244082533,-0.874662592973263,0.));
#5500=DIRECTION('',(0.832892716900963,-0.553434478627174,0.));
#5501=DIRECTION('',(-0.553434478627174,-0.832892716900963,0.));
#5502=DIRECTION('',(0.,0.,-1.));
#5503=DIRECTION('',(0.553434478627174,0.832892716900963,0.));
#5504=DIRECTION('',(0.553434478627174,0.832892716900963,0.));
#5505=DIRECTION('',(-1.,0.,0.));
#5506=DIRECTION('',(0.,0.,-1.));
#5507=DIRECTION('',(0.,0.,-1.));
#5508=DIRECTION('',(0.,-1.,0.));
#5509=DIRECTION('',(0.,0.,-1.));
#5510=DIRECTION('',(0.,-1.,0.));
#5511=DIRECTION('',(0.,0.,-1.));
#5512=DIRECTION('',(0.,1.,0.));
#5513=DIRECTION('',(-0.69208582963912,-0.721815214866472,0.));
#5514=DIRECTION('',(-0.721815214866472,0.69208582963912,0.));
#5515=DIRECTION('',(0.721815214866472,-0.69208582963912,0.));
#5516=DIRECTION('',(0.721815214866472,-0.69208582963912,0.));
#5517=DIRECTION('',(0.,0.,-1.));
#5518=DIRECTION('',(0.,0.,-1.));
#5519=DIRECTION('',(0.,0.,-1.));
#5520=DIRECTION('',(0.,0.,-1.));
#5521=DIRECTION('',(0.,0.,-1.));
#5522=DIRECTION('',(0.,0.,-1.));
#5523=DIRECTION('',(0.,0.,-1.));
#5524=DIRECTION('',(0.,0.,-1.));
#5525=DIRECTION('',(0.,0.,-1.));
#5526=DIRECTION('',(0.,0.,-1.));
#5527=DIRECTION('',(0.,0.,-1.));
#5528=DIRECTION('',(0.091904549284737,0.995767821241864,0.));
#5529=DIRECTION('',(1.07817704275552E-13,1.16825779838616E-12,1.));
#5530=DIRECTION('',(0.0797084164557781,0.996818222318449,-1.17319011359229E-12));
#5531=DIRECTION('',(0.,0.,-1.));
#5532=DIRECTION('',(4.41634033432663E-14,4.78532173409886E-13,-1.));
#5533=DIRECTION('',(0.0797084164557781,0.996818222318449,4.80344673804261E-13));
#5534=DIRECTION('',(0.,0.,-1.));
#5535=DIRECTION('',(0.0773130834867809,-0.997006864129714,0.));
#5536=DIRECTION('',(0.,0.,-1.));
#5537=DIRECTION('',(1.92405801603785E-14,-2.48105835674395E-13,1.));
#5538=DIRECTION('',(0.0858098690062016,-0.996311530788005,-2.48857061167419E-13));
#5539=DIRECTION('',(-1.01646922383861E-13,1.31072942767657E-12,-1.));
#5540=DIRECTION('',(0.0858098690062016,-0.996311530788005,-1.31475549258948E-12));
#5541=DIRECTION('',(0.,0.,1.));
#5542=DIRECTION('',(1.,0.,0.));
#5543=DIRECTION('',(0.,-1.,0.));
#5544=DIRECTION('',(-0.750928743734105,0.660383238607643,0.));
#5545=DIRECTION('',(0.750928743734105,0.660383238607643,0.));
#5546=DIRECTION('',(0.,-1.,0.));
#5547=DIRECTION('',(1.,0.,0.));
#5548=DIRECTION('',(-1.,0.,0.));
#5549=DIRECTION('',(0.,-1.,0.));
#5550=DIRECTION('',(0.,0.,-1.));
#5551=DIRECTION('',(-1.,0.,0.));
#5552=DIRECTION('',(1.,0.,0.));
#5553=DIRECTION('',(0.,0.,1.));
#5554=DIRECTION('',(1.,0.,0.));
#5555=DIRECTION('',(0.,-1.,0.));
#5556=DIRECTION('',(0.,0.,1.));
#5557=DIRECTION('',(1.,0.,0.));
#5558=DIRECTION('',(0.,0.,-1.));
#5559=DIRECTION('',(-1.,0.,0.));
#5560=DIRECTION('',(0.,0.,1.));
#5561=DIRECTION('',(1.,0.,0.));
#5562=DIRECTION('',(0.,0.,1.));
#5563=DIRECTION('',(1.,0.,0.));
#5564=DIRECTION('',(1.,0.,0.));
#5565=DIRECTION('',(0.,0.,-1.));
#5566=DIRECTION('',(-1.,0.,0.));
#5567=DIRECTION('',(0.,-1.,0.));
#5568=DIRECTION('',(0.,0.,-1.));
#5569=DIRECTION('',(-1.,0.,0.));
#5570=DIRECTION('',(1.,0.,0.));
#5571=DIRECTION('',(0.,0.,1.));
#5572=DIRECTION('',(1.,0.,0.));
#5573=DIRECTION('',(0.,-1.,0.));
#5574=DIRECTION('',(0.,0.,1.));
#5575=DIRECTION('',(1.,0.,0.));
#5576=DIRECTION('',(1.,0.,0.));
#5577=DIRECTION('',(0.,0.,-1.));
#5578=DIRECTION('',(-1.,0.,0.));
#5579=DIRECTION('',(0.,-1.,0.));
#5580=DIRECTION('',(0.,0.,-1.));
#5581=DIRECTION('',(-1.,0.,0.));
#5582=DIRECTION('',(1.,0.,0.));
#5583=DIRECTION('',(0.,0.,1.));
#5584=DIRECTION('',(1.,0.,0.));
#5585=DIRECTION('',(0.,-1.,0.));
#5586=DIRECTION('',(0.,0.,1.));
#5587=DIRECTION('',(1.,0.,0.));
#5588=DIRECTION('',(1.,0.,0.));
#5589=DIRECTION('',(0.,0.,-1.));
#5590=DIRECTION('',(-1.,0.,0.));
#5591=DIRECTION('',(0.,-1.,0.));
#5592=DIRECTION('',(0.,0.,-1.));
#5593=DIRECTION('',(-1.,0.,0.));
#5594=DIRECTION('',(1.,0.,0.));
#5595=DIRECTION('',(0.,0.,1.));
#5596=DIRECTION('',(1.,0.,0.));
#5597=DIRECTION('',(0.,-1.,0.));
#5598=DIRECTION('',(0.,0.,1.));
#5599=DIRECTION('',(1.,0.,0.));
#5600=DIRECTION('',(1.,0.,0.));
#5601=DIRECTION('',(0.,0.,-1.));
#5602=DIRECTION('',(-1.,0.,0.));
#5603=DIRECTION('',(0.,-1.,0.));
#5604=DIRECTION('',(0.,0.,-1.));
#5605=DIRECTION('',(-1.,0.,0.));
#5606=DIRECTION('',(1.,0.,0.));
#5607=DIRECTION('',(0.,0.,1.));
#5608=DIRECTION('',(1.,0.,0.));
#5609=DIRECTION('',(0.,-1.,0.));
#5610=DIRECTION('',(0.,0.,1.));
#5611=DIRECTION('',(1.,0.,0.));
#5612=DIRECTION('',(1.,0.,0.));
#5613=DIRECTION('',(0.,0.,-1.));
#5614=DIRECTION('',(-1.,0.,0.));
#5615=DIRECTION('',(0.,-1.,0.));
#5616=DIRECTION('',(0.,0.,-1.));
#5617=DIRECTION('',(-1.,0.,0.));
#5618=DIRECTION('',(1.,0.,0.));
#5619=DIRECTION('',(0.,0.,1.));
#5620=DIRECTION('',(1.,0.,0.));
#5621=DIRECTION('',(0.,-1.,0.));
#5622=DIRECTION('',(0.,0.,1.));
#5623=DIRECTION('',(1.,0.,0.));
#5624=DIRECTION('',(1.,0.,0.));
#5625=DIRECTION('',(0.,0.,-1.));
#5626=DIRECTION('',(-1.,0.,0.));
#5627=DIRECTION('',(0.,-1.,0.));
#5628=DIRECTION('',(0.,0.,-1.));
#5629=DIRECTION('',(-1.,0.,0.));
#5630=DIRECTION('',(1.,0.,0.));
#5631=DIRECTION('',(0.,0.,1.));
#5632=DIRECTION('',(1.,0.,0.));
#5633=DIRECTION('',(0.,-1.,0.));
#5634=DIRECTION('',(0.,0.,1.));
#5635=DIRECTION('',(1.,0.,0.));
#5636=DIRECTION('',(1.,0.,0.));
#5637=DIRECTION('',(0.,0.,-1.));
#5638=DIRECTION('',(-1.,0.,0.));
#5639=DIRECTION('',(0.,-1.,0.));
#5640=DIRECTION('',(0.,0.,-1.));
#5641=DIRECTION('',(-1.,0.,0.));
#5642=DIRECTION('',(1.,0.,0.));
#5643=DIRECTION('',(0.,0.,1.));
#5644=DIRECTION('',(1.,0.,0.));
#5645=DIRECTION('',(0.,-1.,0.));
#5646=DIRECTION('',(0.,0.,1.));
#5647=DIRECTION('',(1.,0.,0.));
#5648=DIRECTION('',(1.,0.,0.));
#5649=DIRECTION('',(0.,0.,-1.));
#5650=DIRECTION('',(-1.,0.,0.));
#5651=DIRECTION('',(0.,-1.,0.));
#5652=DIRECTION('',(0.,0.,-1.));
#5653=DIRECTION('',(-1.,0.,0.));
#5654=DIRECTION('',(1.,0.,0.));
#5655=DIRECTION('',(0.,0.,1.));
#5656=DIRECTION('',(1.,0.,0.));
#5657=DIRECTION('',(0.,-1.,0.));
#5658=DIRECTION('',(0.,0.,1.));
#5659=DIRECTION('',(1.,0.,0.));
#5660=DIRECTION('',(1.,0.,0.));
#5661=DIRECTION('',(0.,0.,-1.));
#5662=DIRECTION('',(-1.,0.,0.));
#5663=DIRECTION('',(0.,-1.,0.));
#5664=DIRECTION('',(0.,0.,-1.));
#5665=DIRECTION('',(-1.,0.,0.));
#5666=DIRECTION('',(1.,0.,0.));
#5667=DIRECTION('',(0.,0.,1.));
#5668=DIRECTION('',(1.,0.,0.));
#5669=DIRECTION('',(0.,-1.,0.));
#5670=DIRECTION('',(0.,0.,1.));
#5671=DIRECTION('',(1.,0.,0.));
#5672=DIRECTION('',(1.,0.,0.));
#5673=DIRECTION('',(0.,0.,-1.));
#5674=DIRECTION('',(-1.,0.,0.));
#5675=DIRECTION('',(0.,-1.,0.));
#5676=DIRECTION('',(0.,0.,-1.));
#5677=DIRECTION('',(-1.,0.,0.));
#5678=DIRECTION('',(1.,0.,0.));
#5679=DIRECTION('',(0.,0.,1.));
#5680=DIRECTION('',(1.,0.,0.));
#5681=DIRECTION('',(0.,-1.,0.));
#5682=DIRECTION('',(0.,0.,1.));
#5683=DIRECTION('',(1.,0.,0.));
#5684=DIRECTION('',(1.,0.,0.));
#5685=DIRECTION('',(0.,0.,-1.));
#5686=DIRECTION('',(-1.,0.,0.));
#5687=DIRECTION('',(0.,-1.,0.));
#5688=DIRECTION('',(0.,0.,-1.));
#5689=DIRECTION('',(-1.,0.,0.));
#5690=DIRECTION('',(1.,0.,0.));
#5691=DIRECTION('',(0.,0.,1.));
#5692=DIRECTION('',(1.,0.,0.));
#5693=DIRECTION('',(0.,-1.,0.));
#5694=DIRECTION('',(0.,0.,1.));
#5695=DIRECTION('',(1.,0.,0.));
#5696=DIRECTION('',(1.,0.,0.));
#5697=DIRECTION('',(0.,0.,-1.));
#5698=DIRECTION('',(-1.,0.,0.));
#5699=DIRECTION('',(0.,-1.,0.));
#5700=DIRECTION('',(0.,0.,-1.));
#5701=DIRECTION('',(-1.,0.,0.));
#5702=DIRECTION('',(1.,0.,0.));
#5703=DIRECTION('',(0.,0.,1.));
#5704=DIRECTION('',(1.,0.,0.));
#5705=DIRECTION('',(0.,-1.,0.));
#5706=DIRECTION('',(0.,0.,1.));
#5707=DIRECTION('',(1.,0.,0.));
#5708=DIRECTION('',(0.,0.,-1.));
#5709=DIRECTION('',(-1.,0.,0.));
#5710=DIRECTION('',(0.,0.,-1.));
#5711=DIRECTION('',(-1.,0.,0.));
#5712=DIRECTION('',(-9.41663400170951E-14,-1.02033855951243E-12,-1.));
#5713=DIRECTION('',(0.0797084164557781,0.996818222318449,-1.02448182407681E-12));
#5714=DIRECTION('',(0.0913620294918679,0.995817744151573,0.));
#5715=DIRECTION('',(-6.82812486296652E-15,8.8048157129067E-14,-1.));
#5716=DIRECTION('',(0.0858098690062016,-0.996311530788005,-8.84563013628266E-14));
#5717=DIRECTION('',(-0.410914948341358,-0.911673683523671,0.));
#5718=DIRECTION('',(0.,0.,1.));
#5719=DIRECTION('',(1.,0.,0.));
#5720=DIRECTION('',(0.,0.,-1.));
#5721=DIRECTION('',(-1.,0.,0.));
#5722=DIRECTION('',(0.,0.,1.));
#5723=DIRECTION('',(1.,0.,0.));
#5724=DIRECTION('',(0.,0.,-1.));
#5725=DIRECTION('',(-1.,0.,0.));
#5726=DIRECTION('',(0.,0.,1.));
#5727=DIRECTION('',(1.,0.,0.));
#5728=DIRECTION('',(0.,0.,-1.));
#5729=DIRECTION('',(-1.,0.,0.));
#5730=DIRECTION('',(0.,0.,1.));
#5731=DIRECTION('',(1.,0.,0.));
#5732=DIRECTION('',(0.,0.,-1.));
#5733=DIRECTION('',(-1.,0.,0.));
#5734=DIRECTION('',(0.41091494834135,-0.911673683523675,8.21914140520634E-15));
#5735=DIRECTION('',(-6.82812486296652E-15,-8.8048157129067E-14,1.));
#5736=DIRECTION('',(-0.0858098690061963,-0.996311530788006,-8.84563013627731E-14));
#5737=DIRECTION('',(0.0913620294918705,-0.995817744151572,1.33475802639281E-15));
#5738=DIRECTION('',(-9.41663400170951E-14,1.02033855951243E-12,1.));
#5739=DIRECTION('',(-0.0797084164557648,0.99681822231845,-1.02448182407792E-12));
#5740=DIRECTION('',(0.,0.,1.));
#5741=DIRECTION('',(1.,0.,0.));
#5742=DIRECTION('',(1.,0.,0.));
#5743=DIRECTION('',(0.,-1.,0.));
#5744=DIRECTION('',(0.,0.,1.));
#5745=DIRECTION('',(1.,0.,0.));
#5746=DIRECTION('',(1.,0.,0.));
#5747=DIRECTION('',(0.,0.,-1.));
#5748=DIRECTION('',(-1.,0.,0.));
#5749=DIRECTION('',(0.,-1.,0.));
#5750=DIRECTION('',(-1.,0.,0.));
#5751=DIRECTION('',(0.,0.,-1.));
#5752=DIRECTION('',(-1.,0.,0.));
#5753=DIRECTION('',(0.,0.,1.));
#5754=DIRECTION('',(1.,0.,0.));
#5755=DIRECTION('',(0.,0.,1.));
#5756=DIRECTION('',(1.,0.,0.));
#5757=DIRECTION('',(1.,0.,0.));
#5758=DIRECTION('',(0.,0.,1.));
#5759=DIRECTION('',(1.,0.,0.));
#5760=DIRECTION('',(0.,-1.,0.));
#5761=DIRECTION('',(0.,0.,1.));
#5762=DIRECTION('',(1.,0.,0.));
#5763=DIRECTION('',(1.,0.,0.));
#5764=DIRECTION('',(0.,0.,-1.));
#5765=DIRECTION('',(-1.,0.,0.));
#5766=DIRECTION('',(0.,-1.,0.));
#5767=DIRECTION('',(0.,0.,-1.));
#5768=DIRECTION('',(-1.,0.,0.));
#5769=DIRECTION('',(1.,0.,0.));
#5770=DIRECTION('',(0.,0.,1.));
#5771=DIRECTION('',(1.,0.,0.));
#5772=DIRECTION('',(0.,-1.,0.));
#5773=DIRECTION('',(0.,0.,1.));
#5774=DIRECTION('',(1.,0.,0.));
#5775=DIRECTION('',(1.,0.,0.));
#5776=DIRECTION('',(0.,0.,-1.));
#5777=DIRECTION('',(-1.,0.,0.));
#5778=DIRECTION('',(0.,-1.,0.));
#5779=DIRECTION('',(0.,0.,-1.));
#5780=DIRECTION('',(-1.,0.,0.));
#5781=DIRECTION('',(1.,0.,0.));
#5782=DIRECTION('',(0.,0.,1.));
#5783=DIRECTION('',(1.,0.,0.));
#5784=DIRECTION('',(0.,-1.,0.));
#5785=DIRECTION('',(0.,0.,1.));
#5786=DIRECTION('',(1.,0.,0.));
#5787=DIRECTION('',(1.,0.,0.));
#5788=DIRECTION('',(0.,0.,-1.));
#5789=DIRECTION('',(-1.,0.,0.));
#5790=DIRECTION('',(0.,-1.,0.));
#5791=DIRECTION('',(0.,0.,-1.));
#5792=DIRECTION('',(-1.,0.,0.));
#5793=DIRECTION('',(1.,0.,0.));
#5794=DIRECTION('',(0.,0.,1.));
#5795=DIRECTION('',(1.,0.,0.));
#5796=DIRECTION('',(0.,-1.,0.));
#5797=DIRECTION('',(0.,0.,1.));
#5798=DIRECTION('',(1.,0.,0.));
#5799=DIRECTION('',(1.,0.,0.));
#5800=DIRECTION('',(0.,0.,-1.));
#5801=DIRECTION('',(-1.,0.,0.));
#5802=DIRECTION('',(0.,-1.,0.));
#5803=DIRECTION('',(0.,0.,-1.));
#5804=DIRECTION('',(-1.,0.,0.));
#5805=DIRECTION('',(1.,0.,0.));
#5806=DIRECTION('',(0.,0.,1.));
#5807=DIRECTION('',(1.,0.,0.));
#5808=DIRECTION('',(0.,-1.,0.));
#5809=DIRECTION('',(0.,0.,1.));
#5810=DIRECTION('',(1.,0.,0.));
#5811=DIRECTION('',(1.,0.,0.));
#5812=DIRECTION('',(0.,0.,-1.));
#5813=DIRECTION('',(-1.,0.,0.));
#5814=DIRECTION('',(0.,-1.,0.));
#5815=DIRECTION('',(0.,0.,-1.));
#5816=DIRECTION('',(-1.,0.,0.));
#5817=DIRECTION('',(1.,0.,0.));
#5818=DIRECTION('',(0.,0.,1.));
#5819=DIRECTION('',(1.,0.,0.));
#5820=DIRECTION('',(0.,-1.,0.));
#5821=DIRECTION('',(0.,0.,1.));
#5822=DIRECTION('',(1.,0.,0.));
#5823=DIRECTION('',(1.,0.,0.));
#5824=DIRECTION('',(0.,0.,-1.));
#5825=DIRECTION('',(-1.,0.,0.));
#5826=DIRECTION('',(0.,-1.,0.));
#5827=DIRECTION('',(0.,0.,-1.));
#5828=DIRECTION('',(-1.,0.,0.));
#5829=DIRECTION('',(1.,0.,0.));
#5830=DIRECTION('',(0.,0.,1.));
#5831=DIRECTION('',(1.,0.,0.));
#5832=DIRECTION('',(0.,-1.,0.));
#5833=DIRECTION('',(0.,0.,1.));
#5834=DIRECTION('',(1.,0.,0.));
#5835=DIRECTION('',(1.,0.,0.));
#5836=DIRECTION('',(0.,0.,-1.));
#5837=DIRECTION('',(-1.,0.,0.));
#5838=DIRECTION('',(0.,-1.,0.));
#5839=DIRECTION('',(0.,0.,-1.));
#5840=DIRECTION('',(-1.,0.,0.));
#5841=DIRECTION('',(1.,0.,0.));
#5842=DIRECTION('',(0.,0.,1.));
#5843=DIRECTION('',(1.,0.,0.));
#5844=DIRECTION('',(0.,-1.,0.));
#5845=DIRECTION('',(0.,0.,1.));
#5846=DIRECTION('',(1.,0.,0.));
#5847=DIRECTION('',(1.,0.,0.));
#5848=DIRECTION('',(0.,0.,-1.));
#5849=DIRECTION('',(-1.,0.,0.));
#5850=DIRECTION('',(0.,-1.,0.));
#5851=DIRECTION('',(0.,0.,-1.));
#5852=DIRECTION('',(-1.,0.,0.));
#5853=DIRECTION('',(1.,0.,0.));
#5854=DIRECTION('',(0.,0.,1.));
#5855=DIRECTION('',(1.,0.,0.));
#5856=DIRECTION('',(0.,-1.,0.));
#5857=DIRECTION('',(0.,0.,1.));
#5858=DIRECTION('',(1.,0.,0.));
#5859=DIRECTION('',(1.,0.,0.));
#5860=DIRECTION('',(0.,0.,-1.));
#5861=DIRECTION('',(-1.,0.,0.));
#5862=DIRECTION('',(0.,-1.,0.));
#5863=DIRECTION('',(0.,0.,-1.));
#5864=DIRECTION('',(-1.,0.,0.));
#5865=DIRECTION('',(1.,0.,0.));
#5866=DIRECTION('',(0.,0.,1.));
#5867=DIRECTION('',(1.,0.,0.));
#5868=DIRECTION('',(0.,-1.,0.));
#5869=DIRECTION('',(0.,0.,1.));
#5870=DIRECTION('',(1.,0.,0.));
#5871=DIRECTION('',(1.,0.,0.));
#5872=DIRECTION('',(0.,0.,-1.));
#5873=DIRECTION('',(-1.,0.,0.));
#5874=DIRECTION('',(0.,-1.,0.));
#5875=DIRECTION('',(0.,0.,-1.));
#5876=DIRECTION('',(-1.,0.,0.));
#5877=DIRECTION('',(1.,0.,0.));
#5878=DIRECTION('',(0.,0.,1.));
#5879=DIRECTION('',(1.,0.,0.));
#5880=DIRECTION('',(0.,-1.,0.));
#5881=DIRECTION('',(0.,0.,1.));
#5882=DIRECTION('',(1.,0.,0.));
#5883=DIRECTION('',(1.,0.,0.));
#5884=DIRECTION('',(0.,0.,-1.));
#5885=DIRECTION('',(-1.,0.,0.));
#5886=DIRECTION('',(0.,-1.,0.));
#5887=DIRECTION('',(0.,0.,-1.));
#5888=DIRECTION('',(-1.,0.,0.));
#5889=DIRECTION('',(1.,0.,0.));
#5890=DIRECTION('',(0.,0.,1.));
#5891=DIRECTION('',(1.,0.,0.));
#5892=DIRECTION('',(0.,-1.,0.));
#5893=DIRECTION('',(0.,0.,1.));
#5894=DIRECTION('',(1.,0.,0.));
#5895=DIRECTION('',(1.,0.,0.));
#5896=DIRECTION('',(0.,0.,-1.));
#5897=DIRECTION('',(-1.,0.,0.));
#5898=DIRECTION('',(0.,-1.,0.));
#5899=DIRECTION('',(0.,0.,-1.));
#5900=DIRECTION('',(-1.,0.,0.));
#5901=DIRECTION('',(0.,-1.,0.));
#5902=DIRECTION('',(0.750928743734105,0.660383238607643,0.));
#5903=DIRECTION('',(-0.750928743734105,0.660383238607643,0.));
#5904=DIRECTION('',(0.,-1.,0.));
#5905=DIRECTION('',(0.,0.,-1.));
#5906=DIRECTION('',(-1.,0.,0.));
#5907=DIRECTION('',(0.,0.,1.));
#5908=DIRECTION('',(1.,0.,0.));
#5909=DIRECTION('',(0.,0.,-1.));
#5910=DIRECTION('',(-1.,0.,0.));
#5911=DIRECTION('',(-0.410914948341358,-0.911673683523671,8.21914140520443E-15));
#5912=DIRECTION('',(-0.0913620294918679,-0.995817744151573,1.3347580263928E-15));
#5913=DIRECTION('',(0.,0.,1.));
#5914=DIRECTION('',(1.,0.,0.));
#5915=DIRECTION('',(0.,0.,-1.));
#5916=DIRECTION('',(-1.,0.,0.));
#5917=DIRECTION('',(0.,0.,1.));
#5918=DIRECTION('',(1.,0.,0.));
#5919=DIRECTION('',(0.,0.,-1.));
#5920=DIRECTION('',(-1.,0.,0.));
#5921=DIRECTION('',(0.,0.,1.));
#5922=DIRECTION('',(1.,0.,0.));
#5923=DIRECTION('',(0.,0.,-1.));
#5924=DIRECTION('',(-1.,0.,0.));
#5925=DIRECTION('',(0.,0.,1.));
#5926=DIRECTION('',(1.,0.,0.));
#5927=DIRECTION('',(0.,0.,-1.));
#5928=DIRECTION('',(-1.,0.,0.));
#5929=DIRECTION('',(4.41634033432663E-14,-4.78532173409886E-13,1.));
#5930=DIRECTION('',(-0.0797084164557648,0.99681822231845,4.80344673804779E-13));
#5931=DIRECTION('',(0.0913620294918705,-0.995817744151572,0.));
#5932=DIRECTION('',(-1.01646922383861E-13,-1.31072942767657E-12,1.));
#5933=DIRECTION('',(-0.0858098690061963,-0.996311530788006,-1.31475549258868E-12));
#5934=DIRECTION('',(-0.41091494834135,0.911673683523675,0.));
#5935=DIRECTION('',(0.,0.,-1.));
#5936=DIRECTION('',(-1.,0.,0.));
#5937=DIRECTION('',(0.,0.,-1.));
#5938=DIRECTION('',(0.,0.,-1.));
#5939=DIRECTION('',(0.,1.,0.));
#5940=DIRECTION('',(0.,0.,1.));
#5941=DIRECTION('',(0.,0.,-1.));
#5942=DIRECTION('',(0.,0.,-1.));
#5943=DIRECTION('',(0.,1.,0.));
#5944=DIRECTION('',(0.,0.,1.));
#5945=DIRECTION('',(0.,0.,-1.));
#5946=DIRECTION('',(0.,0.,-1.));
#5947=DIRECTION('',(0.,1.,0.));
#5948=DIRECTION('',(0.,0.,1.));
#5949=DIRECTION('',(0.,0.,-1.));
#5950=DIRECTION('',(0.,0.,-1.));
#5951=DIRECTION('',(0.,1.,0.));
#5952=DIRECTION('',(0.,0.,1.));
#5953=DIRECTION('',(0.,0.,-1.));
#5954=DIRECTION('',(0.,0.,-1.));
#5955=DIRECTION('',(0.,1.,0.));
#5956=DIRECTION('',(0.,0.,1.));
#5957=DIRECTION('',(0.,0.,-1.));
#5958=DIRECTION('',(0.,0.,-1.));
#5959=DIRECTION('',(0.,1.,0.));
#5960=DIRECTION('',(0.,0.,1.));
#5961=DIRECTION('',(0.,0.,-1.));
#5962=DIRECTION('',(0.,0.,-1.));
#5963=DIRECTION('',(0.,1.,0.));
#5964=DIRECTION('',(0.,0.,1.));
#5965=DIRECTION('',(0.,0.,-1.));
#5966=DIRECTION('',(0.,0.,-1.));
#5967=DIRECTION('',(0.,1.,0.));
#5968=DIRECTION('',(0.,0.,1.));
#5969=DIRECTION('',(0.,0.,-1.));
#5970=DIRECTION('',(0.,0.,-1.));
#5971=DIRECTION('',(0.,1.,0.));
#5972=DIRECTION('',(0.,0.,1.));
#5973=DIRECTION('',(0.,0.,-1.));
#5974=DIRECTION('',(0.,0.,-1.));
#5975=DIRECTION('',(0.,1.,0.));
#5976=DIRECTION('',(0.,0.,1.));
#5977=DIRECTION('',(0.,0.,-1.));
#5978=DIRECTION('',(0.,0.,-1.));
#5979=DIRECTION('',(0.,1.,0.));
#5980=DIRECTION('',(0.,0.,1.));
#5981=DIRECTION('',(0.,0.,-1.));
#5982=DIRECTION('',(0.,0.,-1.));
#5983=DIRECTION('',(0.,1.,0.));
#5984=DIRECTION('',(0.,0.,1.));
#5985=DIRECTION('',(0.,0.,-1.));
#5986=DIRECTION('',(0.,0.,-1.));
#5987=DIRECTION('',(0.,1.,0.));
#5988=DIRECTION('',(0.,0.,1.));
#5989=DIRECTION('',(0.,0.,-1.));
#5990=DIRECTION('',(0.,0.,-1.));
#5991=DIRECTION('',(0.,1.,0.));
#5992=DIRECTION('',(0.,0.,1.));
#5993=DIRECTION('',(0.,0.,-1.));
#5994=DIRECTION('',(0.,0.,-1.));
#5995=DIRECTION('',(0.,1.,0.));
#5996=DIRECTION('',(0.,0.,1.));
#5997=DIRECTION('',(0.,0.,-1.));
#5998=DIRECTION('',(0.,0.,-1.));
#5999=DIRECTION('',(0.,1.,0.));
#6000=DIRECTION('',(0.,0.,1.));
#6001=DIRECTION('',(0.,0.,-1.));
#6002=DIRECTION('',(0.,0.,-1.));
#6003=DIRECTION('',(0.,1.,0.));
#6004=DIRECTION('',(0.,0.,1.));
#6005=DIRECTION('',(0.,0.,-1.));
#6006=DIRECTION('',(0.,0.,-1.));
#6007=DIRECTION('',(0.,1.,0.));
#6008=DIRECTION('',(0.,0.,1.));
#6009=DIRECTION('',(0.,0.,-1.));
#6010=DIRECTION('',(0.,0.,-1.));
#6011=DIRECTION('',(0.,1.,0.));
#6012=DIRECTION('',(0.,0.,1.));
#6013=DIRECTION('',(0.,0.,-1.));
#6014=DIRECTION('',(0.,0.,-1.));
#6015=DIRECTION('',(0.,1.,0.));
#6016=DIRECTION('',(0.,0.,1.));
#6017=DIRECTION('',(0.,0.,-1.));
#6018=DIRECTION('',(0.,0.,-1.));
#6019=DIRECTION('',(0.,1.,0.));
#6020=DIRECTION('',(0.,0.,1.));
#6021=DIRECTION('',(0.,0.,-1.));
#6022=DIRECTION('',(0.,0.,-1.));
#6023=DIRECTION('',(0.,1.,0.));
#6024=DIRECTION('',(0.,0.,1.));
#6025=DIRECTION('',(0.,0.,-1.));
#6026=DIRECTION('',(0.,0.,-1.));
#6027=DIRECTION('',(0.,1.,0.));
#6028=DIRECTION('',(0.,0.,1.));
#6029=DIRECTION('',(0.,0.,-1.));
#6030=DIRECTION('',(0.,0.,-1.));
#6031=DIRECTION('',(0.,1.,0.));
#6032=DIRECTION('',(0.,0.,1.));
#6033=DIRECTION('',(0.,0.,-1.));
#6034=DIRECTION('',(0.,0.,-1.));
#6035=DIRECTION('',(0.,1.,0.));
#6036=DIRECTION('',(0.,0.,1.));
#6037=DIRECTION('',(0.,0.,-1.));
#6038=DIRECTION('',(0.,0.,-1.));
#6039=DIRECTION('',(0.,0.,-1.));
#6040=DIRECTION('',(0.,0.,-1.));
#6041=DIRECTION('',(0.,0.,-1.));
#6042=DIRECTION('',(0.,0.,-1.));
#6043=DIRECTION('',(0.,0.,-1.));
#6044=DIRECTION('',(-1.,0.,0.));
#6045=DIRECTION('',(0.,0.,-1.));
#6046=DIRECTION('',(0.,0.,-1.));
#6047=DIRECTION('',(0.,0.,-1.));
#6048=DIRECTION('',(-1.,0.,0.));
#6049=DIRECTION('',(0.,0.,1.));
#6050=DIRECTION('',(0.,0.,-1.));
#6051=DIRECTION('',(0.,0.,-1.));
#6052=DIRECTION('',(0.,0.,1.));
#6053=DIRECTION('',(1.,0.,0.));
#6054=DIRECTION('',(0.,-1.,0.));
#6055=DIRECTION('',(0.750928743734105,0.660383238607643,0.));
#6056=DIRECTION('',(0.,-1.,0.));
#6057=DIRECTION('',(0.,-1.,0.));
#6058=DIRECTION('',(-0.750928743734105,0.660383238607643,0.));
#6059=DIRECTION('',(0.,0.,-1.));
#6060=DIRECTION('',(-1.,0.,0.));
#6061=DIRECTION('',(0.,0.,-1.));
#6062=DIRECTION('',(0.,0.,1.));
#6063=DIRECTION('',(0.,0.,-1.));
#6064=DIRECTION('',(-1.,0.,0.));
#6065=DIRECTION('',(0.,0.,-1.));
#6066=DIRECTION('',(0.,0.,-1.));
#6067=DIRECTION('',(-1.,0.,0.));
#6068=DIRECTION('',(0.,0.,-1.));
#6069=DIRECTION('',(0.,0.,-1.));
#6070=DIRECTION('',(-1.,0.,0.));
#6071=DIRECTION('',(0.,0.,-1.));
#6072=DIRECTION('',(0.,0.,-1.));
#6073=DIRECTION('',(-1.,0.,0.));
#6074=DIRECTION('',(0.,0.,-1.));
#6075=DIRECTION('',(0.,0.,-1.));
#6076=DIRECTION('',(-1.,0.,0.));
#6077=DIRECTION('',(0.,0.,-1.));
#6078=DIRECTION('',(0.,0.,-1.));
#6079=DIRECTION('',(-1.,0.,0.));
#6080=DIRECTION('',(0.,0.,-1.));
#6081=DIRECTION('',(0.,0.,-1.));
#6082=DIRECTION('',(-1.,0.,0.));
#6083=DIRECTION('',(0.,0.,-1.));
#6084=DIRECTION('',(0.,0.,-1.));
#6085=DIRECTION('',(-1.,0.,0.));
#6086=DIRECTION('',(0.,0.,-1.));
#6087=DIRECTION('',(0.,0.,-1.));
#6088=DIRECTION('',(-1.,0.,0.));
#6089=DIRECTION('',(0.,0.,-1.));
#6090=DIRECTION('',(0.,0.,-1.));
#6091=DIRECTION('',(-1.,0.,0.));
#6092=DIRECTION('',(0.,0.,-1.));
#6093=DIRECTION('',(0.,0.,-1.));
#6094=DIRECTION('',(-1.,0.,0.));
#6095=DIRECTION('',(0.,0.,-1.));
#6096=DIRECTION('',(0.,0.,-1.));
#6097=DIRECTION('',(-1.,0.,0.));
#6098=DIRECTION('',(0.,0.,-1.));
#6099=DIRECTION('',(0.,0.,-1.));
#6100=DIRECTION('',(-1.,0.,0.));
#6101=DIRECTION('',(0.,0.,-1.));
#6102=DIRECTION('',(0.,0.,-1.));
#6103=DIRECTION('',(-1.,0.,0.));
#6104=DIRECTION('',(0.,0.,-1.));
#6105=DIRECTION('',(0.,0.,-1.));
#6106=DIRECTION('',(-1.,0.,0.));
#6107=DIRECTION('',(0.,0.,-1.));
#6108=DIRECTION('',(0.,0.,-1.));
#6109=DIRECTION('',(-1.,0.,0.));
#6110=DIRECTION('',(0.,0.,-1.));
#6111=DIRECTION('',(0.,0.,-1.));
#6112=DIRECTION('',(-1.,0.,0.));
#6113=DIRECTION('',(0.,0.,-1.));
#6114=DIRECTION('',(0.,0.,-1.));
#6115=DIRECTION('',(-1.,0.,0.));
#6116=DIRECTION('',(0.,0.,-1.));
#6117=DIRECTION('',(0.,0.,-1.));
#6118=DIRECTION('',(-1.,0.,0.));
#6119=DIRECTION('',(0.,0.,-1.));
#6120=DIRECTION('',(0.,0.,-1.));
#6121=DIRECTION('',(-1.,0.,0.));
#6122=DIRECTION('',(0.,0.,-1.));
#6123=DIRECTION('',(0.,0.,-1.));
#6124=DIRECTION('',(-1.,0.,0.));
#6125=DIRECTION('',(0.,0.,-1.));
#6126=DIRECTION('',(0.,0.,-1.));
#6127=DIRECTION('',(-1.,0.,0.));
#6128=DIRECTION('',(0.,0.,-1.));
#6129=DIRECTION('',(0.,0.,-1.));
#6130=DIRECTION('',(-1.,0.,0.));
#6131=DIRECTION('',(0.,0.,-1.));
#6132=DIRECTION('',(0.,0.,-1.));
#6133=DIRECTION('',(-1.,0.,0.));
#6134=DIRECTION('',(0.,0.,-1.));
#6135=DIRECTION('',(0.,1.,0.));
#6136=DIRECTION('',(0.,0.,1.));
#6137=DIRECTION('',(0.,0.,-1.));
#6138=DIRECTION('',(0.,0.,-1.));
#6139=DIRECTION('',(1.,0.,0.));
#6140=DIRECTION('',(0.,0.,-1.));
#6141=DIRECTION('',(0.,0.,-1.));
#6142=DIRECTION('',(0.,0.,-1.));
#6143=DIRECTION('',(-1.,0.,0.));
#6144=DIRECTION('',(0.,0.,-1.));
#6145=DIRECTION('',(0.,0.,-1.));
#6146=DIRECTION('',(1.,0.,0.));
#6147=DIRECTION('',(0.,0.,-1.));
#6148=DIRECTION('',(1.,0.,0.));
#6149=DIRECTION('',(0.,0.,-1.));
#6150=DIRECTION('',(1.,0.,0.));
#6151=DIRECTION('',(0.,0.,-1.));
#6152=DIRECTION('',(1.,0.,0.));
#6153=DIRECTION('',(0.,0.,-1.));
#6154=DIRECTION('',(1.,0.,0.));
#6155=DIRECTION('',(0.,0.,-1.));
#6156=DIRECTION('',(1.,0.,0.));
#6157=DIRECTION('',(0.,0.,-1.));
#6158=DIRECTION('',(1.,0.,0.));
#6159=DIRECTION('',(0.,0.,-1.));
#6160=DIRECTION('',(1.,0.,0.));
#6161=DIRECTION('',(0.,0.,-1.));
#6162=DIRECTION('',(1.,0.,0.));
#6163=DIRECTION('',(0.,0.,-1.));
#6164=DIRECTION('',(1.,0.,0.));
#6165=DIRECTION('',(0.,0.,-1.));
#6166=DIRECTION('',(1.,0.,0.));
#6167=DIRECTION('',(0.,0.,-1.));
#6168=DIRECTION('',(1.,0.,0.));
#6169=DIRECTION('',(0.,0.,-1.));
#6170=DIRECTION('',(0.,0.,-1.));
#6171=DIRECTION('',(-1.,0.,0.));
#6172=DIRECTION('',(0.,0.,-1.));
#6173=DIRECTION('',(0.,0.,-1.));
#6174=DIRECTION('',(0.,0.,-1.));
#6175=DIRECTION('',(-1.,0.,0.));
#6176=DIRECTION('',(0.,0.,-1.));
#6177=DIRECTION('',(0.,0.,-1.));
#6178=DIRECTION('',(0.,0.,-1.));
#6179=DIRECTION('',(-1.,0.,0.));
#6180=DIRECTION('',(0.,0.,-1.));
#6181=DIRECTION('',(0.,0.,-1.));
#6182=DIRECTION('',(0.,0.,1.));
#6183=DIRECTION('',(1.,0.,0.));
#6184=DIRECTION('',(0.,0.,-1.));
#6185=DIRECTION('',(-0.0919045492847383,0.995767821241864,0.));
#6186=DIRECTION('',(0.,0.,-1.));
#6187=DIRECTION('',(0.,0.,-1.));
#6188=DIRECTION('',(0.,0.,-1.));
#6189=DIRECTION('',(0.,0.,-1.));
#6190=DIRECTION('',(0.,0.,-1.));
#6191=DIRECTION('',(0.995817744151572,0.0913620294918705,-3.67712050441866E-26));
#6192=DIRECTION('',(0.0913620294918705,-0.995817744151572,1.33475802639281E-15));
#6193=DIRECTION('',(-3.69256375076098E-26,0.,-1.));
#6194=DIRECTION('',(0.,0.,-1.));
#6195=DIRECTION('',(-3.69256375076098E-26,0.,-1.));
#6196=DIRECTION('',(0.,0.,-1.));
#6197=DIRECTION('',(0.,0.,-1.));
#6198=DIRECTION('',(-0.0773130834867845,-0.997006864129714,0.));
#6199=DIRECTION('',(0.,0.,-1.));
#6200=DIRECTION('',(0.,0.,-1.));
#6201=DIRECTION('',(0.,0.,-1.));
#6202=DIRECTION('',(0.,0.,-1.));
#6203=DIRECTION('',(-0.911673683523675,-0.41091494834135,4.46933919075212E-26));
#6204=DIRECTION('',(0.41091494834135,-0.911673683523675,8.21914140520634E-15));
#6205=DIRECTION('',(-4.90234529253696E-26,0.,-1.));
#6206=DIRECTION('',(0.,0.,-1.));
#6207=DIRECTION('',(-4.90234529253696E-26,0.,-1.));
#6208=DIRECTION('',(0.,0.,1.));
#6209=DIRECTION('',(1.,0.,0.));
#6210=DIRECTION('',(0.,0.,-1.));
#6211=DIRECTION('',(0.,0.,-1.));
#6212=DIRECTION('',(0.,0.,-1.));
#6213=DIRECTION('',(0.,0.,-1.));
#6214=DIRECTION('',(-0.660383238607643,-0.750928743734105,0.));
#6215=DIRECTION('',(0.750928743734105,-0.660383238607643,0.));
#6216=DIRECTION('',(0.,0.,-1.));
#6217=DIRECTION('',(0.,0.,-1.));
#6218=DIRECTION('',(1.,0.,0.));
#6219=DIRECTION('',(0.,0.,-1.));
#6220=DIRECTION('',(0.,0.,-1.));
#6221=DIRECTION('',(0.,0.,-1.));
#6222=DIRECTION('',(0.,0.,-1.));
#6223=DIRECTION('',(1.,0.,0.));
#6224=DIRECTION('',(0.,0.,-1.));
#6225=DIRECTION('',(0.,-1.,0.));
#6226=DIRECTION('',(0.,0.,-1.));
#6227=DIRECTION('',(0.,1.,0.));
#6228=DIRECTION('',(0.,0.,-1.));
#6229=DIRECTION('',(0.,-1.,0.));
#6230=DIRECTION('',(0.,0.,-1.));
#6231=DIRECTION('',(-0.832892716900963,-0.553434478627174,0.));
#6232=DIRECTION('',(0.553434478627174,-0.832892716900963,0.));
#6233=DIRECTION('',(-0.553434478627174,0.832892716900963,0.));
#6234=DIRECTION('',(0.,0.,-1.));
#6235=DIRECTION('',(-0.553434478627174,0.832892716900963,0.));
#6236=DIRECTION('',(0.874662592973263,-0.484732244082533,0.));
#6237=DIRECTION('',(0.484732244082533,0.874662592973263,0.));
#6238=DIRECTION('',(-0.484732244082533,-0.874662592973263,0.));
#6239=DIRECTION('',(0.,0.,-1.));
#6240=DIRECTION('',(-0.484732244082533,-0.874662592973263,0.));
#6241=DIRECTION('',(-0.721815214866472,-0.69208582963912,0.));
#6242=DIRECTION('',(0.69208582963912,-0.721815214866472,0.));
#6243=DIRECTION('',(-0.69208582963912,0.721815214866472,0.));
#6244=DIRECTION('',(0.,0.,-1.));
#6245=DIRECTION('',(-0.69208582963912,0.721815214866472,0.));
#6246=DIRECTION('',(0.69208582963912,-0.721815214866472,0.));
#6247=DIRECTION('',(0.721815214866472,0.69208582963912,0.));
#6248=DIRECTION('',(-0.721815214866472,-0.69208582963912,0.));
#6249=DIRECTION('',(0.,0.,-1.));
#6250=DIRECTION('',(-0.721815214866472,-0.69208582963912,0.));
#6251=DIRECTION('',(-0.721815214866472,-0.69208582963912,0.));
#6252=DIRECTION('',(0.69208582963912,-0.721815214866472,0.));
#6253=DIRECTION('',(-0.69208582963912,0.721815214866472,0.));
#6254=DIRECTION('',(0.,0.,-1.));
#6255=DIRECTION('',(-0.69208582963912,0.721815214866472,0.));
#6256=DIRECTION('',(0.69208582963912,-0.721815214866472,0.));
#6257=DIRECTION('',(0.721815214866472,0.69208582963912,0.));
#6258=DIRECTION('',(-0.721815214866472,-0.69208582963912,0.));
#6259=DIRECTION('',(0.,0.,-1.));
#6260=DIRECTION('',(-0.721815214866472,-0.69208582963912,0.));
#6261=DIRECTION('',(0.,0.,-1.));
#6262=DIRECTION('',(-0.660383238607643,-0.750928743734105,0.));
#6263=DIRECTION('',(0.750928743734105,-0.660383238607643,0.));
#6264=DIRECTION('',(0.,0.,-1.));
#6265=DIRECTION('',(-0.750928743734105,0.660383238607643,0.));
#6266=DIRECTION('',(1.,0.,0.));
#6267=DIRECTION('',(0.,0.,-1.));
#6268=DIRECTION('',(0.,0.,-1.));
#6269=DIRECTION('',(0.,-1.,0.));
#6270=DIRECTION('',(0.,0.,-1.));
#6271=DIRECTION('',(0.,0.,-1.));
#6272=DIRECTION('',(0.,0.,-1.));
#6273=DIRECTION('',(0.,0.,-1.));
#6274=DIRECTION('',(0.,0.,-1.));
#6275=DIRECTION('',(0.,0.,-1.));
#6276=DIRECTION('',(0.000719160420025215,-0.999999741404112,1.43399605122384E-27));
#6277=DIRECTION('',(-0.999999741404112,-0.000719160420025215,-6.28606810251006E-35));
#6278=DIRECTION('',(-0.999999741404112,-0.000719160420025215,-6.28606810251006E-35));
#6279=DIRECTION('',(-2.97120986049033E-25,-1.64767413043092E-27,-1.));
#6280=DIRECTION('',(-2.97120986049033E-25,-1.64767413043092E-27,-1.));
#6281=DIRECTION('',(-0.999999741404112,-0.000719160420025215,0.));
#6282=DIRECTION('',(0.000711523239269803,0.999999746867308,-1.85908219979938E-27));
#6283=DIRECTION('',(-0.999999746867308,0.000711523239269804,8.12592472038724E-35));
#6284=DIRECTION('',(0.999999746867308,-0.000711523239269803,0.));
#6285=DIRECTION('',(0.,0.,-1.));
#6286=DIRECTION('',(0.,0.,-1.));
#6287=DIRECTION('',(-0.999999746867308,0.000711523239269804,8.12592472038724E-35));
#6288=DIRECTION('',(0.,0.,1.));
#6289=DIRECTION('',(1.,0.,0.));
#6290=DIRECTION('',(0.750928743734137,-0.660383238607607,0.));
#6291=DIRECTION('',(0.721815214866472,-0.69208582963912,0.));
#6292=DIRECTION('',(0.69208582963912,0.721815214866472,0.));
#6293=DIRECTION('',(0.721815214866472,-0.69208582963912,0.));
#6294=DIRECTION('',(0.69208582963912,0.721815214866472,0.));
#6295=DIRECTION('',(0.484732244082533,-0.874662592973263,0.));
#6296=DIRECTION('',(0.553434478627174,0.832892716900963,0.));
#6297=DIRECTION('',(-0.750928743734137,-0.660383238607607,0.));
#6298=DIRECTION('',(0.,0.,-1.));
#6299=DIRECTION('',(0.,0.,1.));
#6300=DIRECTION('',(1.,0.,0.));
#6301=DIRECTION('',(0.,0.,-1.));
#6302=DIRECTION('',(0.091904549284737,0.995767821241864,0.));
#6303=DIRECTION('',(-3.05324447115033E-14,-3.30834039526996E-13,1.));
#6304=DIRECTION('',(0.0797084164557781,0.996818222318449,3.3205885102036E-13));
#6305=DIRECTION('',(0.,0.,-1.));
#6306=DIRECTION('',(0.,0.,-1.));
#6307=DIRECTION('',(0.,0.,-1.));
#6308=DIRECTION('',(0.,0.,-1.));
#6309=DIRECTION('',(0.,0.,-1.));
#6310=DIRECTION('',(0.995817744151573,-0.0913620294918679,1.42647593621936E-26));
#6311=DIRECTION('',(-0.0913620294918679,-0.995817744151573,1.3347580263928E-15));
#6312=DIRECTION('',(0.,0.,-1.));
#6313=DIRECTION('',(-1.43246687920259E-26,0.,1.));
#6314=DIRECTION('',(0.,0.,-1.));
#6315=DIRECTION('',(-1.43246687920259E-26,0.,1.));
#6316=DIRECTION('',(0.,0.,-1.));
#6317=DIRECTION('',(0.,0.,-1.));
#6318=DIRECTION('',(0.,0.,-1.));
#6319=DIRECTION('',(0.0773130834867809,-0.997006864129714,0.));
#6320=DIRECTION('',(-8.22820058078222E-15,1.0610202832633E-13,1.));
#6321=DIRECTION('',(0.0858098690062016,-0.996311530788005,1.06442415973268E-13));
#6322=DIRECTION('',(0.,0.,-1.));
#6323=DIRECTION('',(0.,0.,-1.));
#6324=DIRECTION('',(0.,0.,-1.));
#6325=DIRECTION('',(0.,0.,-1.));
#6326=DIRECTION('',(0.,0.,-1.));
#6327=DIRECTION('',(-0.911673683523672,0.410914948341358,-7.90345725744206E-26));
#6328=DIRECTION('',(-0.410914948341358,-0.911673683523671,8.21914140520443E-15));
#6329=DIRECTION('',(0.,0.,-1.));
#6330=DIRECTION('',(0.,0.,-1.));
#6331=DIRECTION('',(0.660383238607643,-0.750928743734105,0.));
#6332=DIRECTION('',(-0.750928743734105,-0.660383238607643,0.));
#6333=DIRECTION('',(0.,0.,-1.));
#6334=DIRECTION('',(0.750928743734105,0.660383238607643,0.));
#6335=DIRECTION('',(0.,0.,-1.));
#6336=DIRECTION('',(-1.,0.,0.));
#6337=DIRECTION('',(0.,0.,-1.));
#6338=DIRECTION('',(0.,-1.,0.));
#6339=DIRECTION('',(0.,0.,-1.));
#6340=DIRECTION('',(-1.,0.,0.));
#6341=DIRECTION('',(0.,0.,-1.));
#6342=DIRECTION('',(0.,0.,-1.));
#6343=DIRECTION('',(0.,0.,-1.));
#6344=DIRECTION('',(0.660383238607643,-0.750928743734105,0.));
#6345=DIRECTION('',(-0.750928743734105,-0.660383238607643,0.));
#6346=DIRECTION('',(0.,0.,-1.));
#6347=DIRECTION('',(0.721815214866472,-0.69208582963912,0.));
#6348=DIRECTION('',(-0.69208582963912,-0.721815214866472,0.));
#6349=DIRECTION('',(0.69208582963912,0.721815214866472,0.));
#6350=DIRECTION('',(0.,0.,-1.));
#6351=DIRECTION('',(0.,0.,-1.));
#6352=DIRECTION('',(-0.69208582963912,-0.721815214866472,0.));
#6353=DIRECTION('',(-0.721815214866472,0.69208582963912,0.));
#6354=DIRECTION('',(0.721815214866472,-0.69208582963912,0.));
#6355=DIRECTION('',(0.,0.,-1.));
#6356=DIRECTION('',(0.721815214866472,-0.69208582963912,0.));
#6357=DIRECTION('',(-0.69208582963912,-0.721815214866472,0.));
#6358=DIRECTION('',(0.69208582963912,0.721815214866472,0.));
#6359=DIRECTION('',(0.,0.,-1.));
#6360=DIRECTION('',(-0.874662592973263,-0.484732244082533,0.));
#6361=DIRECTION('',(-0.484732244082533,0.874662592973263,0.));
#6362=DIRECTION('',(0.484732244082533,-0.874662592973263,0.));
#6363=DIRECTION('',(0.,0.,-1.));
#6364=DIRECTION('',(0.832892716900963,-0.553434478627174,0.));
#6365=DIRECTION('',(-0.553434478627174,-0.832892716900963,0.));
#6366=DIRECTION('',(0.553434478627174,0.832892716900963,0.));
#6367=DIRECTION('',(-1.,0.,0.));
#6368=DIRECTION('',(0.,0.,-1.));
#6369=DIRECTION('',(0.,-1.,0.));
#6370=DIRECTION('',(0.,0.,-1.));
#6371=DIRECTION('',(-0.69208582963912,-0.721815214866472,0.));
#6372=DIRECTION('',(-0.721815214866472,0.69208582963912,0.));
#6373=DIRECTION('',(0.721815214866472,-0.69208582963912,0.));
#6374=DIRECTION('',(0.,0.,-1.));
#6375=DIRECTION('',(0.,0.,1.));
#6376=DIRECTION('',(1.,0.,0.));
#6377=DIRECTION('',(0.,0.,-1.));
#6378=DIRECTION('',(-1.,0.,0.));
#6379=DIRECTION('',(0.,0.,-1.));
#6380=DIRECTION('',(0.,0.,-1.));
#6381=DIRECTION('',(1.,0.,0.));
#6382=DIRECTION('',(0.,0.,-1.));
#6383=DIRECTION('',(1.,0.,0.));
#6384=DIRECTION('',(0.,0.,1.));
#6385=DIRECTION('',(-1.,0.,0.));
#6386=DIRECTION('',(0.,0.,-1.));
#6387=DIRECTION('',(-1.,0.,0.));
#6388=DIRECTION('',(0.,0.,-1.));
#6389=DIRECTION('',(0.,0.,-1.));
#6390=DIRECTION('',(0.,1.,0.));
#6391=DIRECTION('',(0.,0.,1.));
#6392=DIRECTION('',(0.,0.,-1.));
#6393=DIRECTION('',(1.,0.,0.));
#6394=DIRECTION('',(0.,0.,-1.));
#6395=DIRECTION('',(1.,0.,0.));
#6396=DIRECTION('',(0.,0.,-1.));
#6397=DIRECTION('',(1.,0.,0.));
#6398=DIRECTION('',(0.,0.,-1.));
#6399=DIRECTION('',(1.,0.,0.));
#6400=DIRECTION('',(-1.,0.,0.));
#6401=DIRECTION('',(0.,0.,-1.));
#6402=DIRECTION('',(0.,0.,-1.));
#6403=DIRECTION('',(0.,0.,-1.));
#6404=DIRECTION('',(0.,0.,-1.));
#6405=DIRECTION('',(1.,0.,0.));
#6406=DIRECTION('',(0.,0.,-1.));
#6407=DIRECTION('',(1.,0.,0.));
#6408=DIRECTION('',(-1.,0.,0.));
#6409=DIRECTION('',(0.,0.,-1.));
#6410=DIRECTION('',(0.,0.,-1.));
#6411=DIRECTION('',(0.,0.,-1.));
#6412=DIRECTION('',(0.,0.,-1.));
#6413=DIRECTION('',(1.,0.,0.));
#6414=DIRECTION('',(0.,0.,-1.));
#6415=DIRECTION('',(1.,0.,0.));
#6416=DIRECTION('',(-1.,0.,0.));
#6417=DIRECTION('',(0.,0.,-1.));
#6418=DIRECTION('',(0.,0.,-1.));
#6419=DIRECTION('',(0.,0.,-1.));
#6420=DIRECTION('',(0.,0.,-1.));
#6421=DIRECTION('',(1.,0.,0.));
#6422=DIRECTION('',(0.,0.,-1.));
#6423=DIRECTION('',(1.,0.,0.));
#6424=DIRECTION('',(-1.,0.,0.));
#6425=DIRECTION('',(0.,0.,-1.));
#6426=DIRECTION('',(0.,0.,-1.));
#6427=DIRECTION('',(0.,0.,-1.));
#6428=DIRECTION('',(0.,0.,-1.));
#6429=DIRECTION('',(1.,0.,0.));
#6430=DIRECTION('',(0.,0.,-1.));
#6431=DIRECTION('',(1.,0.,0.));
#6432=DIRECTION('',(-1.,0.,0.));
#6433=DIRECTION('',(0.,0.,-1.));
#6434=DIRECTION('',(0.,0.,-1.));
#6435=DIRECTION('',(0.,0.,-1.));
#6436=DIRECTION('',(0.,0.,-1.));
#6437=DIRECTION('',(1.,0.,0.));
#6438=DIRECTION('',(0.,0.,-1.));
#6439=DIRECTION('',(1.,0.,0.));
#6440=DIRECTION('',(-1.,0.,0.));
#6441=DIRECTION('',(0.,0.,-1.));
#6442=DIRECTION('',(0.,0.,-1.));
#6443=DIRECTION('',(0.,0.,-1.));
#6444=DIRECTION('',(0.,0.,-1.));
#6445=DIRECTION('',(1.,0.,0.));
#6446=DIRECTION('',(0.,0.,-1.));
#6447=DIRECTION('',(1.,0.,0.));
#6448=DIRECTION('',(-1.,0.,0.));
#6449=DIRECTION('',(0.,0.,-1.));
#6450=DIRECTION('',(0.,0.,-1.));
#6451=DIRECTION('',(0.,0.,-1.));
#6452=DIRECTION('',(0.,0.,-1.));
#6453=DIRECTION('',(1.,0.,0.));
#6454=DIRECTION('',(0.,0.,-1.));
#6455=DIRECTION('',(1.,0.,0.));
#6456=DIRECTION('',(-1.,0.,0.));
#6457=DIRECTION('',(0.,0.,-1.));
#6458=DIRECTION('',(0.,0.,-1.));
#6459=DIRECTION('',(0.,0.,-1.));
#6460=DIRECTION('',(0.,0.,-1.));
#6461=DIRECTION('',(1.,0.,0.));
#6462=DIRECTION('',(0.,0.,-1.));
#6463=DIRECTION('',(1.,0.,0.));
#6464=DIRECTION('',(-1.,0.,0.));
#6465=DIRECTION('',(0.,0.,-1.));
#6466=DIRECTION('',(0.,0.,-1.));
#6467=DIRECTION('',(0.,0.,-1.));
#6468=DIRECTION('',(0.,0.,-1.));
#6469=DIRECTION('',(1.,0.,0.));
#6470=DIRECTION('',(0.,0.,-1.));
#6471=DIRECTION('',(1.,0.,0.));
#6472=DIRECTION('',(-1.,0.,0.));
#6473=DIRECTION('',(0.,0.,-1.));
#6474=DIRECTION('',(0.,0.,-1.));
#6475=DIRECTION('',(0.,0.,-1.));
#6476=DIRECTION('',(0.,0.,-1.));
#6477=DIRECTION('',(1.,0.,0.));
#6478=DIRECTION('',(0.,0.,-1.));
#6479=DIRECTION('',(1.,0.,0.));
#6480=DIRECTION('',(-1.,0.,0.));
#6481=DIRECTION('',(0.,0.,-1.));
#6482=DIRECTION('',(0.,0.,-1.));
#6483=DIRECTION('',(0.,0.,-1.));
#6484=DIRECTION('',(0.,0.,-1.));
#6485=DIRECTION('',(1.,0.,0.));
#6486=DIRECTION('',(0.,0.,-1.));
#6487=DIRECTION('',(1.,0.,0.));
#6488=DIRECTION('',(0.,0.,-1.));
#6489=DIRECTION('',(1.,0.,0.));
#6490=DIRECTION('',(0.,0.,-1.));
#6491=DIRECTION('',(0.,0.,-1.));
#6492=DIRECTION('',(1.,0.,0.));
#6493=DIRECTION('',(0.,0.,-1.));
#6494=DIRECTION('',(-1.,0.,0.));
#6495=DIRECTION('',(0.,0.,-1.));
#6496=DIRECTION('',(0.999983294191562,0.00578025412868416,0.));
#6497=DIRECTION('',(-0.00578025412868416,0.999983294191562,0.));
#6498=DIRECTION('',(0.00578025412868416,-0.999983294191562,0.));
#6499=DIRECTION('',(0.00578025412868416,-0.999983294191562,0.));
#6500=DIRECTION('',(0.,0.,-1.));
#6501=DIRECTION('',(0.,0.,-1.));
#6502=DIRECTION('',(0.,1.,0.));
#6503=DIRECTION('',(0.,0.,1.));
#6504=DIRECTION('',(1.,0.,0.));
#6505=DIRECTION('',(1.,0.,0.));
#6506=DIRECTION('',(0.,0.,1.));
#6507=DIRECTION('',(1.,0.,0.));
#6508=DIRECTION('',(0.,0.,1.));
#6509=DIRECTION('',(1.,0.,0.));
#6510=DIRECTION('',(0.999983294191562,0.0057802541286842,0.));
#6511=DIRECTION('',(-0.0057802541286842,0.999983294191562,0.));
#6512=DIRECTION('',(0.0057802541286842,-0.999983294191562,0.));
#6513=DIRECTION('',(0.0057802541286842,-0.999983294191562,0.));
#6514=DIRECTION('',(0.,0.,-1.));
#6515=DIRECTION('',(0.,-1.,0.));
#6516=DIRECTION('',(0.,0.,-1.));
#6517=DIRECTION('',(-1.,0.,0.));
#6518=DIRECTION('',(0.,0.,-1.));
#6519=DIRECTION('',(-1.,0.,0.));
#6520=DIRECTION('',(0.,0.,1.));
#6521=DIRECTION('',(1.,0.,0.));
#6522=DIRECTION('',(0.,0.,1.));
#6523=DIRECTION('',(1.,0.,0.));
#6524=DIRECTION('',(0.,-1.,0.));
#6525=DIRECTION('',(0.,0.,-1.));
#6526=DIRECTION('',(-1.,0.,0.));
#6527=DIRECTION('',(0.,0.,-1.));
#6528=DIRECTION('',(-1.,0.,0.));
#6529=DIRECTION('',(0.999983294191562,0.00578025412868433,0.));
#6530=DIRECTION('',(-0.00578025412868433,0.999983294191562,0.));
#6531=DIRECTION('',(0.00578025412868433,-0.999983294191562,0.));
#6532=DIRECTION('',(0.00578025412868433,-0.999983294191562,0.));
#6533=DIRECTION('',(0.,0.,1.));
#6534=DIRECTION('',(1.,0.,0.));
#6535=DIRECTION('',(0.,0.,1.));
#6536=DIRECTION('',(1.,0.,0.));
#6537=DIRECTION('',(0.999983294191562,0.00578025412868444,0.));
#6538=DIRECTION('',(-0.00578025412868444,0.999983294191562,0.));
#6539=DIRECTION('',(0.00578025412868444,-0.999983294191562,0.));
#6540=DIRECTION('',(0.,0.,-1.));
#6541=DIRECTION('',(0.00578025412868444,-0.999983294191562,0.));
#6542=DIRECTION('',(0.,1.,0.));
#6543=DIRECTION('',(0.,0.,1.));
#6544=DIRECTION('',(1.,0.,0.));
#6545=DIRECTION('',(1.,0.,0.));
#6546=DIRECTION('',(0.,0.,1.));
#6547=DIRECTION('',(1.,0.,0.));
#6548=DIRECTION('',(0.,0.,1.));
#6549=DIRECTION('',(1.,0.,0.));
#6550=DIRECTION('',(0.999983294191562,-0.00578025412868415,0.));
#6551=DIRECTION('',(0.00578025412868415,0.999983294191562,0.));
#6552=DIRECTION('',(-0.00578025412868415,-0.999983294191562,0.));
#6553=DIRECTION('',(0.,0.,-1.));
#6554=DIRECTION('',(-0.00578025412868415,-0.999983294191562,0.));
#6555=DIRECTION('',(0.,1.,0.));
#6556=DIRECTION('',(0.,0.,1.));
#6557=DIRECTION('',(1.,0.,0.));
#6558=DIRECTION('',(1.,0.,0.));
#6559=DIRECTION('',(0.,0.,1.));
#6560=DIRECTION('',(1.,0.,0.));
#6561=DIRECTION('',(0.,0.,1.));
#6562=DIRECTION('',(1.,0.,0.));
#6563=DIRECTION('',(0.,1.,0.));
#6564=DIRECTION('',(0.,0.,1.));
#6565=DIRECTION('',(1.,0.,0.));
#6566=DIRECTION('',(0.,0.,-1.));
#6567=DIRECTION('',(1.,0.,0.));
#6568=DIRECTION('',(0.999983294191562,-0.0057802541286842,0.));
#6569=DIRECTION('',(0.0057802541286842,0.999983294191562,0.));
#6570=DIRECTION('',(-0.0057802541286842,-0.999983294191562,0.));
#6571=DIRECTION('',(-0.0057802541286842,-0.999983294191562,0.));
#6572=DIRECTION('',(0.,0.,1.));
#6573=DIRECTION('',(1.,0.,0.));
#6574=DIRECTION('',(0.,0.,1.));
#6575=DIRECTION('',(1.,0.,0.));
#6576=DIRECTION('',(0.,1.,0.));
#6577=DIRECTION('',(0.,0.,1.));
#6578=DIRECTION('',(1.,0.,0.));
#6579=DIRECTION('',(1.,0.,0.));
#6580=DIRECTION('',(0.,0.,-1.));
#6581=DIRECTION('',(0.999983294191562,-0.00578025412868433,0.));
#6582=DIRECTION('',(0.00578025412868433,0.999983294191562,0.));
#6583=DIRECTION('',(-0.00578025412868433,-0.999983294191562,0.));
#6584=DIRECTION('',(-0.00578025412868433,-0.999983294191562,0.));
#6585=DIRECTION('',(0.,0.,1.));
#6586=DIRECTION('',(1.,0.,0.));
#6587=DIRECTION('',(0.,0.,1.));
#6588=DIRECTION('',(1.,0.,0.));
#6589=DIRECTION('',(0.999983294191562,-0.00578025412868443,0.));
#6590=DIRECTION('',(0.00578025412868443,0.999983294191562,0.));
#6591=DIRECTION('',(-0.00578025412868443,-0.999983294191562,0.));
#6592=DIRECTION('',(-0.00578025412868443,-0.999983294191562,0.));
#6593=DIRECTION('',(0.,0.,-1.));
#6594=DIRECTION('',(0.,1.,0.));
#6595=DIRECTION('',(0.,0.,1.));
#6596=DIRECTION('',(1.,0.,0.));
#6597=DIRECTION('',(1.,0.,0.));
#6598=DIRECTION('',(0.,0.,1.));
#6599=DIRECTION('',(1.,0.,0.));
#6600=DIRECTION('',(0.,0.,1.));
#6601=DIRECTION('',(1.,0.,0.));
#6602=DIRECTION('',(-0.660383238607607,-0.750928743734137,0.));
#6603=DIRECTION('',(0.750928743734137,-0.660383238607607,0.));
#6604=DIRECTION('',(0.,0.,-1.));
#6605=DIRECTION('',(-0.750928743734137,0.660383238607607,0.));
#6606=DIRECTION('',(0.,0.,-1.));
#6607=DIRECTION('',(0.,0.,1.));
#6608=DIRECTION('',(1.,0.,0.));
#6609=DIRECTION('',(0.750928743734137,0.660383238607607,0.));
#6610=DIRECTION('',(-0.660383238607607,0.750928743734137,0.));
#6611=DIRECTION('',(-0.750928743734137,-0.660383238607607,0.));
#6612=DIRECTION('',(0.,0.,-1.));
#6613=DIRECTION('',(0.,0.,1.));
#6614=DIRECTION('',(1.,0.,0.));
#6615=DIRECTION('',(0.,0.,1.));
#6616=DIRECTION('',(1.,0.,0.));
#6617=CARTESIAN_POINT('',(0.,0.,0.));
#6618=CARTESIAN_POINT('',(-0.0354453978955746,0.0550350695848465,0.01905));
#6619=CARTESIAN_POINT('',(-0.0354453978955746,0.0550350695848465,0.0179));
#6620=CARTESIAN_POINT('',(-0.0354446641302469,0.0545948131638484,0.01905));
#6621=CARTESIAN_POINT('',(-0.0354446641302469,0.0545948131638484,0.0179));
#6622=CARTESIAN_POINT('',(-0.0354462996536383,0.0540236313011778,0.01905));
#6623=CARTESIAN_POINT('',(-0.0354462996536383,0.0540236313011778,0.0179));
#6624=CARTESIAN_POINT('',(-0.0354458164620119,0.0524579282648359,0.01905));
#6625=CARTESIAN_POINT('',(-0.0354458164620119,0.0524579282648359,0.0179));
#6626=CARTESIAN_POINT('',(-0.035440629603773,0.0515040919270837,0.01905));
#6627=CARTESIAN_POINT('',(-0.035440629603773,0.0515040919270837,0.0179));
#6628=CARTESIAN_POINT('',(-0.0355105974084365,0.0503120170635635,0.01905));
#6629=CARTESIAN_POINT('',(-0.0355105974084365,0.0503120170635635,0.0179));
#6630=CARTESIAN_POINT('',(-0.0348498486159576,0.0491330168133928,0.01905));
#6631=CARTESIAN_POINT('',(-0.0348498486159576,0.0491330168133928,0.0179));
#6632=CARTESIAN_POINT('',(-0.0331855998529151,0.0476352607506628,0.01905));
#6633=CARTESIAN_POINT('',(-0.0331855998529151,0.0476352607506628,0.0179));
#6634=CARTESIAN_POINT('',(-0.0303301958229029,0.0466666728289449,0.01905));
#6635=CARTESIAN_POINT('',(-0.0303301958229029,0.0466666728289449,0.0179));
#6636=CARTESIAN_POINT('',(-0.0270622413240341,0.0458231794822948,0.01905));
#6637=CARTESIAN_POINT('',(-0.0270622413240341,0.0458231794822948,0.0179));
#6638=CARTESIAN_POINT('',(-0.0240427545787948,0.0453623132860506,0.01905));
#6639=CARTESIAN_POINT('',(-0.0240427545787948,0.0453623132860506,0.0179));
#6640=CARTESIAN_POINT('',(-0.0200632645994909,0.0451781878074823,0.01905));
#6641=CARTESIAN_POINT('',(-0.0200632645994909,0.0451781878074823,0.0179));
#6642=CARTESIAN_POINT('',(-0.016502816064797,0.0451808232261182,0.01905));
#6643=CARTESIAN_POINT('',(-0.016502816064797,0.0451808232261182,0.0179));
#6644=CARTESIAN_POINT('',(-0.0139369559510652,0.0452143834326376,0.01905));
#6645=CARTESIAN_POINT('',(-0.0139369559510652,0.0452143834326376,0.0179));
#6646=CARTESIAN_POINT('',(-0.0122419931984395,0.045241876142973,0.01905));
#6647=CARTESIAN_POINT('',(-0.0122419931984395,0.045241876142973,0.0179));
#6648=CARTESIAN_POINT('',(-0.0109187895459496,0.0452548289544148,0.01905));
#6649=CARTESIAN_POINT('',(-0.0109187895459496,0.0452548289544148,0.0179));
#6650=CARTESIAN_POINT('',(-0.0094888181994032,0.0452492000226422,0.01905));
#6651=CARTESIAN_POINT('',(-0.0094888181994032,0.0452492000226422,0.0179));
#6652=CARTESIAN_POINT('',(-0.00756279445885387,0.0452172780671684,0.01905));
#6653=CARTESIAN_POINT('',(-0.00756279445885387,0.0452172780671684,0.0179));
#6654=CARTESIAN_POINT('',(-0.0044221156006917,0.0451940891109229,0.01905));
#6655=CARTESIAN_POINT('',(-0.0044221156006917,0.0451940891109229,0.0179));
#6656=CARTESIAN_POINT('',(-0.00208331874258395,0.0451905964886313,0.01905));
#6657=CARTESIAN_POINT('',(-0.00208331874258395,0.0451905964886313,0.0179));
#6658=CARTESIAN_POINT('',(-0.0354453978955745,0.0550350695848465,0.02105));
#6659=CARTESIAN_POINT('',(-0.0354453978955745,0.0550350695848465,0.01905));
#6660=CARTESIAN_POINT('',(-0.0354453978955745,0.0550350695848465,0.0179));
#6661=CARTESIAN_POINT('',(-0.0354453978955745,0.0550350695848465,0.01905));
#6662=CARTESIAN_POINT('',(-0.0354447375828414,0.0546388844426867,0.01905));
#6663=CARTESIAN_POINT('',(-0.0354437918858542,0.0540761157697518,0.01905));
#6664=CARTESIAN_POINT('',(-0.0354530323176388,0.0525757052131858,0.01905));
#6665=CARTESIAN_POINT('',(-0.0354221037002241,0.0516340701476338,0.01905));
#6666=CARTESIAN_POINT('',(-0.0355405634736338,0.0505435291147347,0.01905));
#6667=CARTESIAN_POINT('',(-0.034991331440483,0.0492574856560893,0.01905));
#6668=CARTESIAN_POINT('',(-0.0333221987232342,0.0477063937869682,0.01905));
#6669=CARTESIAN_POINT('',(-0.0295258354583034,0.0463978088833031,0.01905));
#6670=CARTESIAN_POINT('',(-0.0235389476915541,0.0449608690785114,0.01905));
#6671=CARTESIAN_POINT('',(-0.00976099945423913,0.0453523929512219,0.01905));
#6672=CARTESIAN_POINT('',(-0.00860205762373759,0.045200331191605,0.01905));
#6673=CARTESIAN_POINT('',(-0.00208331874258394,0.0451905964886313,0.01905));
#6674=CARTESIAN_POINT('',(-0.00208331874258394,0.0451905964886313,0.01905));
#6675=CARTESIAN_POINT('',(-0.00208331873174116,0.045190596499066,0.02105));
#6676=CARTESIAN_POINT('',(-0.00208331873174116,0.045190596499066,0.0179));
#6677=CARTESIAN_POINT('',(-0.0354453978955745,0.0550350695848465,0.0179));
#6678=CARTESIAN_POINT('',(-0.0354447375828414,0.0546388844426867,0.0179));
#6679=CARTESIAN_POINT('',(-0.0354437918858542,0.0540761157697518,0.0179));
#6680=CARTESIAN_POINT('',(-0.0354530323176388,0.0525757052131858,0.0179));
#6681=CARTESIAN_POINT('',(-0.0354221037002241,0.0516340701476338,0.0179));
#6682=CARTESIAN_POINT('',(-0.0355405634736338,0.0505435291147347,0.0179));
#6683=CARTESIAN_POINT('',(-0.034991331440483,0.0492574856560893,0.0179));
#6684=CARTESIAN_POINT('',(-0.0333221987232342,0.0477063937869682,0.0179));
#6685=CARTESIAN_POINT('',(-0.0295258354583034,0.0463978088833031,0.0179));
#6686=CARTESIAN_POINT('',(-0.0235389476915541,0.0449608690785114,0.0179));
#6687=CARTESIAN_POINT('',(-0.00976099945423913,0.0453523929512219,0.0179));
#6688=CARTESIAN_POINT('',(-0.00860205762373759,0.045200331191605,0.0179));
#6689=CARTESIAN_POINT('',(-0.00208331874258394,0.0451905964886313,0.0179));
#6690=CARTESIAN_POINT('',(-0.0354453978955745,0.0602940805256367,0.02105));
#6691=CARTESIAN_POINT('',(-0.0354453978955745,0.0655530914664269,0.02105));
#6692=CARTESIAN_POINT('',(-0.0354453978955745,0.0655530914664269,0.01905));
#6693=CARTESIAN_POINT('',(-0.0354453978955745,0.0655530914664269,0.0179));
#6694=CARTESIAN_POINT('',(-0.0354453978955745,0.0602940805256367,0.01905));
#6695=CARTESIAN_POINT('',(-0.0354453978955745,0.0602940805256367,0.0179));
#6696=CARTESIAN_POINT('',(-0.0318621686607599,0.0601605009287596,0.02105));
#6697=CARTESIAN_POINT('',(-0.0282789394259453,0.0547679103910923,0.02105));
#6698=CARTESIAN_POINT('',(-0.0282789394259453,0.0547679103910923,0.01905));
#6699=CARTESIAN_POINT('',(-0.0282789394259453,0.0547679103910923,0.0179));
#6700=CARTESIAN_POINT('',(-0.0318621686607599,0.0601605009287596,0.01905));
#6701=CARTESIAN_POINT('',(-0.0318621686607599,0.0601605009287596,0.0179));
#6702=CARTESIAN_POINT('',(-0.0260539201656577,0.0587827889954692,0.02105));
#6703=CARTESIAN_POINT('',(-0.0238289009053703,0.062797667599846,0.02105));
#6704=CARTESIAN_POINT('',(-0.0238289009053703,0.062797667599846,0.01905));
#6705=CARTESIAN_POINT('',(-0.0238289009053703,0.062797667599846,0.0179));
#6706=CARTESIAN_POINT('',(-0.0260539201656577,0.0587827889954692,0.01905));
#6707=CARTESIAN_POINT('',(-0.0260539201656577,0.0587827889954692,0.0179));
#6708=CARTESIAN_POINT('',(-0.0210500525437776,0.0598994504404942,0.02105));
#6709=CARTESIAN_POINT('',(-0.018271204182185,0.0570012332811424,0.02105));
#6710=CARTESIAN_POINT('',(-0.018271204182185,0.0570012332811424,0.01905));
#6711=CARTESIAN_POINT('',(-0.018271204182185,0.0570012332811424,0.0179));
#6712=CARTESIAN_POINT('',(-0.0210500525437776,0.0598994504404942,0.01905));
#6713=CARTESIAN_POINT('',(-0.0210500525437776,0.0598994504404942,0.0179));
#6714=CARTESIAN_POINT('',(-0.015248490593759,0.0598994504404942,0.02105));
#6715=CARTESIAN_POINT('',(-0.012225777005333,0.062797667599846,0.02105));
#6716=CARTESIAN_POINT('',(-0.012225777005333,0.062797667599846,0.01905));
#6717=CARTESIAN_POINT('',(-0.012225777005333,0.062797667599846,0.0179));
#6718=CARTESIAN_POINT('',(-0.015248490593759,0.0598994504404942,0.01905));
#6719=CARTESIAN_POINT('',(-0.015248490593759,0.0598994504404942,0.0179));
#6720=CARTESIAN_POINT('',(-0.00944692864374037,0.0598994504404942,0.02105));
#6721=CARTESIAN_POINT('',(-0.00666808028214773,0.0570012332811424,0.02105));
#6722=CARTESIAN_POINT('',(-0.00666808028214773,0.0570012332811424,0.01905));
#6723=CARTESIAN_POINT('',(-0.00666808028214773,0.0570012332811424,0.0179));
#6724=CARTESIAN_POINT('',(-0.00944692864374037,0.0598994504404942,0.01905));
#6725=CARTESIAN_POINT('',(-0.00944692864374037,0.0598994504404942,0.0179));
#6726=CARTESIAN_POINT('',(-0.00364536669372176,0.0598994504404942,0.02105));
#6727=CARTESIAN_POINT('',(-0.0007,0.0627235063897622,0.02105));
#6728=CARTESIAN_POINT('',(-0.0007,0.0627235063897622,0.01905));
#6729=CARTESIAN_POINT('',(-0.0007,0.0627235063897622,0.0179));
#6730=CARTESIAN_POINT('',(-0.00364536669372176,0.0598994504404942,0.01905));
#6731=CARTESIAN_POINT('',(-0.00364536669372176,0.0598994504404942,0.0179));
#6732=CARTESIAN_POINT('',(0.000156613709953763,0.045189899194268,0.0210500000053162));
#6733=CARTESIAN_POINT('',(0.000156613709953763,0.045189899194268,0.01905));
#6734=CARTESIAN_POINT('',(0.000883318465900672,0.0451907571841755,0.01905));
#6735=CARTESIAN_POINT('',(-0.000594548925167959,0.0451893589876921,0.01905));
#6736=CARTESIAN_POINT('',(0.000883318731741109,0.045190596499066,0.02105));
#6737=CARTESIAN_POINT('',(0.000883150950543304,0.0451909182132121,0.0179));
#6738=CARTESIAN_POINT('',(0.000156613709953763,0.045189899194268,0.0179));
#6739=CARTESIAN_POINT('',(-0.000594548925167959,0.0451893589876921,0.0179));
#6740=CARTESIAN_POINT('',(-0.000594548925167959,0.0451893589876921,0.0210500000053162));
#6741=CARTESIAN_POINT('',(-0.00134901944871964,0.0451898958111388,0.0210500000053162));
#6742=CARTESIAN_POINT('',(-0.00134901944871964,0.0451898958111388,0.01905));
#6743=CARTESIAN_POINT('',(-0.00134901944871964,0.0451898958111388,0.0179));
#6744=CARTESIAN_POINT('',(0.00804692864374037,0.0598994504404942,0.02105));
#6745=CARTESIAN_POINT('',(0.010825777005333,0.062797667599846,0.02105));
#6746=CARTESIAN_POINT('',(0.010825777005333,0.062797667599846,0.01905));
#6747=CARTESIAN_POINT('',(0.010825777005333,0.062797667599846,0.0179));
#6748=CARTESIAN_POINT('',(0.00804692864374037,0.0598994504404942,0.01905));
#6749=CARTESIAN_POINT('',(0.00526808028214773,0.0570012332811424,0.01905));
#6750=CARTESIAN_POINT('',(0.00526808028214773,0.0570012332811424,0.02105));
#6751=CARTESIAN_POINT('',(0.00526808028214773,0.0570012332811424,0.0179));
#6752=CARTESIAN_POINT('',(0.00804692864374037,0.0598994504404942,0.0179));
#6753=CARTESIAN_POINT('',(0.013848490593759,0.0598994504404942,0.02105));
#6754=CARTESIAN_POINT('',(0.0168712041821849,0.0570012332811424,0.02105));
#6755=CARTESIAN_POINT('',(0.0168712041821849,0.0570012332811424,0.01905));
#6756=CARTESIAN_POINT('',(0.0168712041821849,0.0570012332811424,0.0179));
#6757=CARTESIAN_POINT('',(0.013848490593759,0.0598994504404942,0.01905));
#6758=CARTESIAN_POINT('',(0.013848490593759,0.0598994504404942,0.0179));
#6759=CARTESIAN_POINT('',(0.0196500525437776,0.0598994504404942,0.02105));
#6760=CARTESIAN_POINT('',(0.0224289009053702,0.062797667599846,0.02105));
#6761=CARTESIAN_POINT('',(0.0224289009053702,0.062797667599846,0.01905));
#6762=CARTESIAN_POINT('',(0.0224289009053702,0.062797667599846,0.0179));
#6763=CARTESIAN_POINT('',(0.0196500525437776,0.0598994504404942,0.01905));
#6764=CARTESIAN_POINT('',(0.0196500525437776,0.0598994504404942,0.0179));
#6765=CARTESIAN_POINT('',(0.0246539201656578,0.0587827889954692,0.02105));
#6766=CARTESIAN_POINT('',(0.0268789394259453,0.0547679103910923,0.02105));
#6767=CARTESIAN_POINT('',(0.0268789394259453,0.0547679103910923,0.01905));
#6768=CARTESIAN_POINT('',(0.0268789394259453,0.0547679103910923,0.0179));
#6769=CARTESIAN_POINT('',(0.0246539201656578,0.0587827889954692,0.01905));
#6770=CARTESIAN_POINT('',(0.0246539201656578,0.0587827889954692,0.0179));
#6771=CARTESIAN_POINT('',(0.0304621686607599,0.0601605009287596,0.02105));
#6772=CARTESIAN_POINT('',(0.0340453978955746,0.0655530914664269,0.02105));
#6773=CARTESIAN_POINT('',(0.0340453978955746,0.0655530914664269,0.01905));
#6774=CARTESIAN_POINT('',(0.0340453978955746,0.0655530914664269,0.0179));
#6775=CARTESIAN_POINT('',(0.0304621686607599,0.0601605009287596,0.01905));
#6776=CARTESIAN_POINT('',(0.0304621686607599,0.0601605009287596,0.0179));
#6777=CARTESIAN_POINT('',(0.0340453978955746,0.0602940805256367,0.02105));
#6778=CARTESIAN_POINT('',(0.0340453978955746,0.0655530914664269,0.02105));
#6779=CARTESIAN_POINT('',(0.0340453978955746,0.0655530914664269,0.02105));
#6780=CARTESIAN_POINT('',(0.0340453978955746,0.0655530914664269,0.02005));
#6781=CARTESIAN_POINT('',(0.0340453978955746,0.0602940805256367,0.02005));
#6782=CARTESIAN_POINT('',(0.0340453978955746,0.0550350695848465,0.02005));
#6783=CARTESIAN_POINT('',(0.0340453978955746,0.0550350695848465,0.02105));
#6784=CARTESIAN_POINT('',(0.0340453978955746,0.0550350695848465,0.0212));
#6785=CARTESIAN_POINT('',(0.0340453978955746,0.0602940805256367,0.0212));
#6786=CARTESIAN_POINT('',(0.0340453978955746,0.0760711133480072,0.0212));
#6787=CARTESIAN_POINT('',(0.0340453978955746,0.0760711133480072,0.0212));
#6788=CARTESIAN_POINT('',(0.0340453978955746,0.0760711133480072,0.02105));
#6789=CARTESIAN_POINT('',(0.0340453978955746,0.0913582719821865,0.02105));
#6790=CARTESIAN_POINT('',(0.00224536669372175,0.0598994504404942,0.02105));
#6791=CARTESIAN_POINT('',(0.00224536669372175,0.0598994504404942,0.01905));
#6792=CARTESIAN_POINT('',(0.00224536669372175,0.0598994504404942,0.0179));
#6793=CARTESIAN_POINT('',(0.0340453978955746,0.0550350695848465,0.0212));
#6794=CARTESIAN_POINT('',(0.0340453978955746,0.0550350695848465,0.02005));
#6795=CARTESIAN_POINT('',(0.0340446654498898,0.0545956049446072,0.0212));
#6796=CARTESIAN_POINT('',(0.0340446654498898,0.0545956049446072,0.02005));
#6797=CARTESIAN_POINT('',(0.0340461836052382,0.0540257860722829,0.0212));
#6798=CARTESIAN_POINT('',(0.0340461836052382,0.0540257860722829,0.02005));
#6799=CARTESIAN_POINT('',(0.0340461719891087,0.0524626807277141,0.0212));
#6800=CARTESIAN_POINT('',(0.0340461719891087,0.0524626807277141,0.02005));
#6801=CARTESIAN_POINT('',(0.0340396324331284,0.0515096102738443,0.0212));
#6802=CARTESIAN_POINT('',(0.0340396324331284,0.0515096102738443,0.02005));
#6803=CARTESIAN_POINT('',(0.0341122457339675,0.0503206566836068,0.0212));
#6804=CARTESIAN_POINT('',(0.0341122457339675,0.0503206566836068,0.02005));
#6805=CARTESIAN_POINT('',(0.0334579923701035,0.0491437181417905,0.0212));
#6806=CARTESIAN_POINT('',(0.0334579923701035,0.0491437181417905,0.02005));
#6807=CARTESIAN_POINT('',(0.0318052025781959,0.0476461780641643,0.0212));
#6808=CARTESIAN_POINT('',(0.0318052025781959,0.0476461780641643,0.02005));
#6809=CARTESIAN_POINT('',(0.0289604883864929,0.0466762820395103,0.0212));
#6810=CARTESIAN_POINT('',(0.0289604883864929,0.0466762820395103,0.02005));
#6811=CARTESIAN_POINT('',(0.0257049535443849,0.0458325072533151,0.0212));
#6812=CARTESIAN_POINT('',(0.0257049535443849,0.0458325072533151,0.02005));
#6813=CARTESIAN_POINT('',(0.0227045301198802,0.0453684939070128,0.0212));
#6814=CARTESIAN_POINT('',(0.0227045301198802,0.0453684939070128,0.02005));
#6815=CARTESIAN_POINT('',(0.0187480804062783,0.0451796037551825,0.0212));
#6816=CARTESIAN_POINT('',(0.0187480804062783,0.0451796037551825,0.02005));
#6817=CARTESIAN_POINT('',(0.0151913733740511,0.0451801670995262,0.0212));
#6818=CARTESIAN_POINT('',(0.0151913733740511,0.0451801670995262,0.02005));
#6819=CARTESIAN_POINT('',(0.0126193189789195,0.0452130985069456,0.0212));
#6820=CARTESIAN_POINT('',(0.0126193189789195,0.0452130985069456,0.02005));
#6821=CARTESIAN_POINT('',(0.0109145357712937,0.0452407638841509,0.0212));
#6822=CARTESIAN_POINT('',(0.0109145357712937,0.0452407638841509,0.02005));
#6823=CARTESIAN_POINT('',(0.00957443118860246,0.0452546714128117,0.0212));
#6824=CARTESIAN_POINT('',(0.00957443118860246,0.0452546714128117,0.02005));
#6825=CARTESIAN_POINT('',(0.00814121575657773,0.0452498928072791,0.0212));
#6826=CARTESIAN_POINT('',(0.00814121575657773,0.0452498928072791,0.02005));
#6827=CARTESIAN_POINT('',(0.00624523102300506,0.0452184730966435,0.0212));
#6828=CARTESIAN_POINT('',(0.00624523102300506,0.0452184730966435,0.02005));
#6829=CARTESIAN_POINT('',(0.00317409290020195,0.045194862102497,0.0212));
#6830=CARTESIAN_POINT('',(0.00317409290020195,0.045194862102497,0.02005));
#6831=CARTESIAN_POINT('',(0.000883318189217522,0.0451909178797197,0.0212));
#6832=CARTESIAN_POINT('',(0.000883318189217522,0.0451909178797197,0.02005));
#6833=CARTESIAN_POINT('',(0.0340453978955746,0.0550350695848465,0.02005));
#6834=CARTESIAN_POINT('',(0.0340447375828414,0.0546388844426867,0.02005));
#6835=CARTESIAN_POINT('',(0.0340437918858542,0.0540761157697518,0.02005));
#6836=CARTESIAN_POINT('',(0.0340530323176388,0.0525757052131858,0.02005));
#6837=CARTESIAN_POINT('',(0.0340221037002241,0.0516340701476338,0.02005));
#6838=CARTESIAN_POINT('',(0.0341405634736337,0.0505435291147347,0.02005));
#6839=CARTESIAN_POINT('',(0.033591331440483,0.0492574856560893,0.02005));
#6840=CARTESIAN_POINT('',(0.0319221987232342,0.0477063937869682,0.02005));
#6841=CARTESIAN_POINT('',(0.0281258354583034,0.0463978088833031,0.02005));
#6842=CARTESIAN_POINT('',(0.0221389476915541,0.0449608690785114,0.02005));
#6843=CARTESIAN_POINT('',(0.00840961956275436,0.0453510113280042,0.02005));
#6844=CARTESIAN_POINT('',(0.00721366884994261,0.0452018164996382,0.02005));
#6845=CARTESIAN_POINT('',(0.000883197538452113,0.0451909176719933,0.02005));
#6846=CARTESIAN_POINT('',(0.000516668942592611,0.0451902866396741,0.02005));
#6847=CARTESIAN_POINT('',(0.00015014034673311,0.045189655607355,0.02005));
#6848=CARTESIAN_POINT('',(-0.000216388249126392,0.0451890245750358,0.02005));
#6849=CARTESIAN_POINT('',(0.000883318465900666,0.0451907571841755,0.02005));
#6850=CARTESIAN_POINT('',(0.000883318731741109,0.045190596499066,0.02105));
#6851=CARTESIAN_POINT('',(0.000883196520947931,0.0451908363850284,0.02105));
#6852=CARTESIAN_POINT('',(0.000883318731741109,0.045190596499066,0.0212));
#6853=CARTESIAN_POINT('',(0.000883197690005484,0.0451908296468601,0.0212));
#6854=CARTESIAN_POINT('',(0.0340453978955746,0.0550350695848465,0.0212));
#6855=CARTESIAN_POINT('',(0.0340447375828414,0.0546388844426867,0.0212));
#6856=CARTESIAN_POINT('',(0.0340437918858542,0.0540761157697518,0.0212));
#6857=CARTESIAN_POINT('',(0.0340530323176388,0.0525757052131858,0.0212));
#6858=CARTESIAN_POINT('',(0.0340221037002241,0.0516340701476338,0.0212));
#6859=CARTESIAN_POINT('',(0.0341405634736337,0.0505435291147347,0.0212));
#6860=CARTESIAN_POINT('',(0.033591331440483,0.0492574856560893,0.0212));
#6861=CARTESIAN_POINT('',(0.0319221987232342,0.0477063937869682,0.0212));
#6862=CARTESIAN_POINT('',(0.0281258354583034,0.0463978088833031,0.0212));
#6863=CARTESIAN_POINT('',(0.0221389476915541,0.0449608690785114,0.0212));
#6864=CARTESIAN_POINT('',(0.00836099945423913,0.0453523929512219,0.0212));
#6865=CARTESIAN_POINT('',(0.00720205762373759,0.045200331191605,0.0212));
#6866=CARTESIAN_POINT('',(0.000683318742583943,0.0451905964886313,0.0212));
#6867=CARTESIAN_POINT('',(-0.0268721828014734,0.101615885377197,0.019));
#6868=CARTESIAN_POINT('',(-0.0268721828014734,0.101615885377197,0.018));
#6869=CARTESIAN_POINT('',(-0.0279944735096377,0.101498355702669,0.019));
#6870=CARTESIAN_POINT('',(-0.0279944735096377,0.101498355702669,0.018));
#6871=CARTESIAN_POINT('',(-0.0300949753710884,0.100801415421759,0.019));
#6872=CARTESIAN_POINT('',(-0.0300949753710884,0.100801415421759,0.018));
#6873=CARTESIAN_POINT('',(-0.033810030604047,0.0982416139723688,0.019));
#6874=CARTESIAN_POINT('',(-0.033810030604047,0.0982416139723688,0.018));
#6875=CARTESIAN_POINT('',(-0.0361978811748984,0.0954285293298841,0.019));
#6876=CARTESIAN_POINT('',(-0.0361978811748984,0.0954285293298841,0.018));
#6877=CARTESIAN_POINT('',(-0.0377937342078918,0.0921874757895358,0.019));
#6878=CARTESIAN_POINT('',(-0.0377937342078918,0.0921874757895358,0.018));
#6879=CARTESIAN_POINT('',(-0.0381219497323249,0.0894504888449021,0.019));
#6880=CARTESIAN_POINT('',(-0.0381219497323249,0.0894504888449021,0.018));
#6881=CARTESIAN_POINT('',(-0.037970008523819,0.0876445194474171,0.019));
#6882=CARTESIAN_POINT('',(-0.037970008523819,0.0876445194474171,0.018));
#6883=CARTESIAN_POINT('',(-0.0268721828014734,0.101615885377197,0.021));
#6884=CARTESIAN_POINT('',(-0.0268721828014734,0.101615885377197,0.019));
#6885=CARTESIAN_POINT('',(-0.0268721828014734,0.101615885377197,0.018));
#6886=CARTESIAN_POINT('',(-0.0268721828014734,0.101615885377197,0.019));
#6887=CARTESIAN_POINT('',(-0.0279869388862202,0.101499144751203,0.019));
#6888=CARTESIAN_POINT('',(-0.0306012890587349,0.100635846406924,0.019));
#6889=CARTESIAN_POINT('',(-0.0369746845015404,0.0958848351915684,0.019));
#6890=CARTESIAN_POINT('',(-0.038199296915212,0.0903698355228005,0.019));
#6891=CARTESIAN_POINT('',(-0.037970008523819,0.0876445194474171,0.019));
#6892=CARTESIAN_POINT('',(-0.037970008523819,0.0876445194474171,0.019));
#6893=CARTESIAN_POINT('',(-0.037970008523819,0.0876445194474171,0.021));
#6894=CARTESIAN_POINT('',(-0.037970008523819,0.0876445194474171,0.018));
#6895=CARTESIAN_POINT('',(-0.0268721828014734,0.101615885377197,0.018));
#6896=CARTESIAN_POINT('',(-0.0279869388862202,0.101499144751203,0.018));
#6897=CARTESIAN_POINT('',(-0.0306012890587349,0.100635846406924,0.018));
#6898=CARTESIAN_POINT('',(-0.0369746845015404,0.0958848351915684,0.018));
#6899=CARTESIAN_POINT('',(-0.038199296915212,0.0903698355228005,0.018));
#6900=CARTESIAN_POINT('',(-0.037970008523819,0.0876445194474171,0.018));
#6901=CARTESIAN_POINT('',(-0.0379516594111797,0.087444519438594,0.019));
#6902=CARTESIAN_POINT('',(-0.0379516594111797,0.087444519438594,0.018));
#6903=CARTESIAN_POINT('',(-0.0376758543738958,0.0846688342291662,0.019));
#6904=CARTESIAN_POINT('',(-0.0376758543738958,0.0846688342291662,0.018));
#6905=CARTESIAN_POINT('',(-0.0353774751683352,0.0792306643707726,0.019));
#6906=CARTESIAN_POINT('',(-0.0353774751683352,0.0792306643707726,0.018));
#6907=CARTESIAN_POINT('',(-0.0297231297400813,0.0768653652629224,0.019));
#6908=CARTESIAN_POINT('',(-0.0297231297400813,0.0768653652629224,0.018));
#6909=CARTESIAN_POINT('',(-0.0270165966109392,0.0766323120590644,0.019));
#6910=CARTESIAN_POINT('',(-0.0270165966109392,0.0766323120590644,0.018));
#6911=CARTESIAN_POINT('',(-0.0379516594111797,0.087444519438594,0.021));
#6912=CARTESIAN_POINT('',(-0.0379516594111797,0.087444519438594,0.019));
#6913=CARTESIAN_POINT('',(-0.0379516594111797,0.087444519438594,0.018));
#6914=CARTESIAN_POINT('',(-0.0379516594111797,0.087444519438594,0.019));
#6915=CARTESIAN_POINT('',(-0.0376732049336723,0.0846421704230432,0.019));
#6916=CARTESIAN_POINT('',(-0.0353536437736056,0.0792076107803263,0.019));
#6917=CARTESIAN_POINT('',(-0.029697130223142,0.0768631265056516,0.019));
#6918=CARTESIAN_POINT('',(-0.0270165966109392,0.0766323120590644,0.019));
#6919=CARTESIAN_POINT('',(-0.0270165966109429,0.0766323120590658,0.019));
#6920=CARTESIAN_POINT('',(-0.0270165966109429,0.0766323120590658,0.021));
#6921=CARTESIAN_POINT('',(-0.0270165966109429,0.0766323120590658,0.018));
#6922=CARTESIAN_POINT('',(-0.0379516594111797,0.087444519438594,0.018));
#6923=CARTESIAN_POINT('',(-0.0376732049336723,0.0846421704230432,0.018));
#6924=CARTESIAN_POINT('',(-0.0353536437736056,0.0792076107803263,0.018));
#6925=CARTESIAN_POINT('',(-0.029697130223142,0.0768631265056516,0.018));
#6926=CARTESIAN_POINT('',(-0.0270165966109392,0.0766323120590644,0.018));
#6927=CARTESIAN_POINT('',(-0.0268166828900576,0.0766168087720871,0.019));
#6928=CARTESIAN_POINT('',(-0.0268166828900576,0.0766168087720871,0.018));
#6929=CARTESIAN_POINT('',(-0.025352226663891,0.0765158149347882,0.019));
#6930=CARTESIAN_POINT('',(-0.025352226663891,0.0765158149347882,0.018));
#6931=CARTESIAN_POINT('',(-0.0225114142130293,0.0768707646482406,0.019));
#6932=CARTESIAN_POINT('',(-0.0225114142130293,0.0768707646482406,0.018));
#6933=CARTESIAN_POINT('',(-0.0183660102959701,0.0784814857496535,0.019));
#6934=CARTESIAN_POINT('',(-0.0183660102959701,0.0784814857496535,0.018));
#6935=CARTESIAN_POINT('',(-0.0149390128588237,0.0801157554540002,0.019));
#6936=CARTESIAN_POINT('',(-0.0149390128588237,0.0801157554540002,0.018));
#6937=CARTESIAN_POINT('',(-0.0123336217083612,0.0809402186751387,0.019));
#6938=CARTESIAN_POINT('',(-0.0123336217083612,0.0809402186751387,0.018));
#6939=CARTESIAN_POINT('',(-0.0104614802529035,0.0811489416603347,0.019));
#6940=CARTESIAN_POINT('',(-0.0104614802529035,0.0811489416603347,0.018));
#6941=CARTESIAN_POINT('',(-0.00878383000127619,0.0809198602871542,0.019));
#6942=CARTESIAN_POINT('',(-0.00878383000127619,0.0809198602871542,0.018));
#6943=CARTESIAN_POINT('',(-0.00743787768658759,0.0802444173541865,0.019));
#6944=CARTESIAN_POINT('',(-0.00743787768658759,0.0802444173541865,0.018));
#6945=CARTESIAN_POINT('',(-0.0067021733583708,0.0793556959933889,0.019));
#6946=CARTESIAN_POINT('',(-0.0067021733583708,0.0793556959933889,0.018));
#6947=CARTESIAN_POINT('',(-0.00641034160912216,0.0791428444249987,0.019));
#6948=CARTESIAN_POINT('',(-0.00641034160912216,0.0791428444249987,0.018));
#6949=CARTESIAN_POINT('',(-0.00634103875974781,0.0794966377089711,0.019));
#6950=CARTESIAN_POINT('',(-0.00634103875974781,0.0794966377089711,0.018));
#6951=CARTESIAN_POINT('',(-0.00660946692469197,0.0808244701411715,0.019));
#6952=CARTESIAN_POINT('',(-0.00660946692469197,0.0808244701411715,0.018));
#6953=CARTESIAN_POINT('',(-0.00728886487464636,0.0831607839689713,0.019));
#6954=CARTESIAN_POINT('',(-0.00728886487464636,0.0831607839689713,0.018));
#6955=CARTESIAN_POINT('',(-0.00808711644866009,0.0854874684979956,0.019));
#6956=CARTESIAN_POINT('',(-0.00808711644866009,0.0854874684979956,0.018));
#6957=CARTESIAN_POINT('',(-0.00862849515061637,0.0868074731112098,0.019));
#6958=CARTESIAN_POINT('',(-0.00862849515061637,0.0868074731112098,0.018));
#6959=CARTESIAN_POINT('',(-0.0089130128950291,0.0874445194312232,0.019));
#6960=CARTESIAN_POINT('',(-0.0089130128950291,0.0874445194312232,0.018));
#6961=CARTESIAN_POINT('',(-0.0268166828900576,0.0766168087720871,0.021));
#6962=CARTESIAN_POINT('',(-0.0268166828900576,0.0766168087720871,0.019));
#6963=CARTESIAN_POINT('',(-0.0268166828900576,0.0766168087720871,0.018));
#6964=CARTESIAN_POINT('',(-0.0268166828900576,0.0766168087720871,0.019));
#6965=CARTESIAN_POINT('',(-0.0241640582345073,0.076433874835182,0.019));
#6966=CARTESIAN_POINT('',(-0.0191569941919167,0.0779028554218179,0.019));
#6967=CARTESIAN_POINT('',(-0.0123239249757825,0.0815668852948681,0.019));
#6968=CARTESIAN_POINT('',(-0.0076756550780284,0.0808667850924771,0.019));
#6969=CARTESIAN_POINT('',(-0.00577926989100115,0.0779180063049179,0.019));
#6970=CARTESIAN_POINT('',(-0.00730885247545034,0.0834922310128002,0.019));
#6971=CARTESIAN_POINT('',(-0.00849881169917841,0.0865171068084834,0.019));
#6972=CARTESIAN_POINT('',(-0.0089130128950291,0.0874445194312232,0.019));
#6973=CARTESIAN_POINT('',(-0.0089130128950291,0.0874445194312232,0.019));
#6974=CARTESIAN_POINT('',(-0.0089130128950291,0.0874445194312232,0.021));
#6975=CARTESIAN_POINT('',(-0.0089130128950291,0.0874445194312232,0.018));
#6976=CARTESIAN_POINT('',(-0.0268166828900576,0.0766168087720871,0.018));
#6977=CARTESIAN_POINT('',(-0.0241640582345073,0.076433874835182,0.018));
#6978=CARTESIAN_POINT('',(-0.0191569941919167,0.0779028554218179,0.018));
#6979=CARTESIAN_POINT('',(-0.0123239249757825,0.0815668852948681,0.018));
#6980=CARTESIAN_POINT('',(-0.0076756550780284,0.0808667850924771,0.018));
#6981=CARTESIAN_POINT('',(-0.00577926989100115,0.0779180063049179,0.018));
#6982=CARTESIAN_POINT('',(-0.00730885247545034,0.0834922310128002,0.018));
#6983=CARTESIAN_POINT('',(-0.00849881169917841,0.0865171068084834,0.018));
#6984=CARTESIAN_POINT('',(-0.0089130128950291,0.0874445194312232,0.018));
#6985=CARTESIAN_POINT('',(-0.00900315807635652,0.0876445194278298,0.019));
#6986=CARTESIAN_POINT('',(-0.00900315807635652,0.0876445194278298,0.018));
#6987=CARTESIAN_POINT('',(-0.00942840903305229,0.0885794269351364,0.019));
#6988=CARTESIAN_POINT('',(-0.00942840903305229,0.0885794269351364,0.018));
#6989=CARTESIAN_POINT('',(-0.0103329581208315,0.0903223801149131,0.019));
#6990=CARTESIAN_POINT('',(-0.0103329581208315,0.0903223801149131,0.018));
#6991=CARTESIAN_POINT('',(-0.011979101269094,0.0929720143360205,0.019));
#6992=CARTESIAN_POINT('',(-0.011979101269094,0.0929720143360205,0.018));
#6993=CARTESIAN_POINT('',(-0.0139766559482607,0.0955979962770225,0.019));
#6994=CARTESIAN_POINT('',(-0.0139766559482607,0.0955979962770225,0.018));
#6995=CARTESIAN_POINT('',(-0.0171772247037043,0.0986820537627018,0.019));
#6996=CARTESIAN_POINT('',(-0.0171772247037043,0.0986820537627018,0.018));
#6997=CARTESIAN_POINT('',(-0.0221674169445887,0.101276039643169,0.019));
#6998=CARTESIAN_POINT('',(-0.0221674169445887,0.101276039643169,0.018));
#6999=CARTESIAN_POINT('',(-0.0252730424347274,0.101746339343401,0.019));
#7000=CARTESIAN_POINT('',(-0.0252730424347274,0.101746339343401,0.018));
#7001=CARTESIAN_POINT('',(-0.0266720727086068,0.101634353399277,0.019));
#7002=CARTESIAN_POINT('',(-0.0266720727086068,0.101634353399277,0.018));
#7003=CARTESIAN_POINT('',(-0.00900315807635652,0.0876445194278298,0.021));
#7004=CARTESIAN_POINT('',(-0.00900315807635652,0.0876445194278298,0.019));
#7005=CARTESIAN_POINT('',(-0.00900315807635652,0.0876445194278298,0.018));
#7006=CARTESIAN_POINT('',(-0.00900315807635652,0.0876445194278298,0.019));
#7007=CARTESIAN_POINT('',(-0.00957338233354881,0.0888981484450099,0.019));
#7008=CARTESIAN_POINT('',(-0.0113376612015908,0.0921633572740008,0.019));
#7009=CARTESIAN_POINT('',(-0.0154728053564529,0.0978598300975616,0.019));
#7010=CARTESIAN_POINT('',(-0.0222268830635692,0.101325032450044,0.019));
#7011=CARTESIAN_POINT('',(-0.0254138888914661,0.101735065231805,0.019));
#7012=CARTESIAN_POINT('',(-0.0266720727086068,0.101634353399277,0.019));
#7013=CARTESIAN_POINT('',(-0.0266720727086067,0.101634353399277,0.019));
#7014=CARTESIAN_POINT('',(-0.0266720727086067,0.101634353399277,0.021));
#7015=CARTESIAN_POINT('',(-0.0266720727086067,0.101634353399277,0.018));
#7016=CARTESIAN_POINT('',(-0.00900315807635652,0.0876445194278298,0.018));
#7017=CARTESIAN_POINT('',(-0.00957338233354881,0.0888981484450099,0.018));
#7018=CARTESIAN_POINT('',(-0.0113376612015908,0.0921633572740008,0.018));
#7019=CARTESIAN_POINT('',(-0.0154728053564529,0.0978598300975616,0.018));
#7020=CARTESIAN_POINT('',(-0.0222268830635692,0.101325032450044,0.018));
#7021=CARTESIAN_POINT('',(-0.0254138888914661,0.101735065231805,0.018));
#7022=CARTESIAN_POINT('',(-0.0266720727086068,0.101634353399277,0.018));
#7023=CARTESIAN_POINT('',(0.0246176154469397,0.0934483913112812,0.021));
#7024=CARTESIAN_POINT('',(0.0254721829420106,0.101615886720376,0.018));
#7025=CARTESIAN_POINT('',(0.0254721829420106,0.101615886720376,0.0183333333333333));
#7026=CARTESIAN_POINT('',(0.0254721829420106,0.101615886720376,0.0186666666666667));
#7027=CARTESIAN_POINT('',(0.0254721829420106,0.101615886720376,0.019));
#7028=CARTESIAN_POINT('',(0.0254721794603626,0.101615885357884,0.019));
#7029=CARTESIAN_POINT('',(0.0254721828014734,0.101615885377197,0.018));
#7030=CARTESIAN_POINT('',(0.0246174788628746,0.0934481278705677,0.0190000000000096));
#7031=CARTESIAN_POINT('',(0.0252720727086067,0.101634353399277,0.019));
#7032=CARTESIAN_POINT('',(0.0252720727086067,0.101634353399277,0.021));
#7033=CARTESIAN_POINT('',(0.0252720727086067,0.101634353399277,0.018));
#7034=CARTESIAN_POINT('',(0.0246174788628746,0.0934481278705677,0.0179999999999961));
#7035=CARTESIAN_POINT('',(0.0246068580802728,0.0883556126903385,0.021));
#7036=CARTESIAN_POINT('',(0.0254166828900576,0.0766168087720871,0.021));
#7037=CARTESIAN_POINT('',(0.0254166828900576,0.0766168087720871,0.019));
#7038=CARTESIAN_POINT('',(0.0254166828900576,0.0766168087720871,0.018));
#7039=CARTESIAN_POINT('',(0.0246069021610849,0.0883555582849422,0.0190000000000029));
#7040=CARTESIAN_POINT('',(0.0256165932788255,0.0766323115048545,0.019));
#7041=CARTESIAN_POINT('',(0.0256165965820138,0.0766323123948952,0.019));
#7042=CARTESIAN_POINT('',(0.0256165965820138,0.0766323123948952,0.0186666666666667));
#7043=CARTESIAN_POINT('',(0.0256165965820138,0.0766323123948952,0.0183333333333333));
#7044=CARTESIAN_POINT('',(0.0256165965820138,0.0766323123948952,0.018));
#7045=CARTESIAN_POINT('',(0.0256165966109429,0.0766323120590658,0.018));
#7046=CARTESIAN_POINT('',(0.0246069021610849,0.0883555582849422,0.0180000000000155));
#7047=CARTESIAN_POINT('',(-0.0006,-0.002,0.021));
#7048=CARTESIAN_POINT('',(0.0260425496995096,0.0446726545966963,0.021));
#7049=CARTESIAN_POINT('',(0.0258612676032653,0.0446351552805835,0.021));
#7050=CARTESIAN_POINT('',(0.0251914809942646,0.0445031150742773,0.021));
#7051=CARTESIAN_POINT('',(0.0239488959875372,0.0443023203854666,0.021));
#7052=CARTESIAN_POINT('',(0.0221844905430208,0.0441115558968622,0.021));
#7053=CARTESIAN_POINT('',(0.0201912461461717,0.0439968188670082,0.021));
#7054=CARTESIAN_POINT('',(0.017368034823662,0.0439236083895156,0.021));
#7055=CARTESIAN_POINT('',(0.0144859678811356,0.0439363619805149,0.021));
#7056=CARTESIAN_POINT('',(0.0119618477873735,0.0439735066578773,0.021));
#7057=CARTESIAN_POINT('',(0.0103504556944524,0.0439985971977261,0.021));
#7058=CARTESIAN_POINT('',(0.0091518581048037,0.0440048255831441,0.021));
#7059=CARTESIAN_POINT('',(0.00773665689337448,0.0439940360747388,0.021));
#7060=CARTESIAN_POINT('',(0.00555895651843948,0.0439591570740537,0.021));
#7061=CARTESIAN_POINT('',(0.00189344496199058,0.0439395296573638,0.021));
#7062=CARTESIAN_POINT('',(-0.0008,0.0439395296573638,0.021));
#7063=CARTESIAN_POINT('',(0.00934795000743072,0.0440024127008717,0.021));
#7064=CARTESIAN_POINT('',(0.00957398259736613,0.0440023797545756,0.021));
#7065=CARTESIAN_POINT('',(0.0262425496995098,0.0446726545966963,0.021));
#7066=CARTESIAN_POINT('',(0.0260612676032653,0.0446351552805835,0.021));
#7067=CARTESIAN_POINT('',(0.0253914809942646,0.0445031150742773,0.021));
#7068=CARTESIAN_POINT('',(0.0241488959875372,0.0443023203854667,0.021));
#7069=CARTESIAN_POINT('',(0.0223844905430207,0.0441115558968622,0.021));
#7070=CARTESIAN_POINT('',(0.0203912461461717,0.0439968188670082,0.021));
#7071=CARTESIAN_POINT('',(0.0175680348236621,0.0439236083895156,0.021));
#7072=CARTESIAN_POINT('',(0.0146859678811356,0.0439363619805149,0.021));
#7073=CARTESIAN_POINT('',(0.0121618477873735,0.0439735066578774,0.021));
#7074=CARTESIAN_POINT('',(0.0105504556944524,0.0439985971977261,0.021));
#7075=CARTESIAN_POINT('',(0.00935185810480369,0.0440048255831441,0.021));
#7076=CARTESIAN_POINT('',(0.0079366568933745,0.0439940360747388,0.021));
#7077=CARTESIAN_POINT('',(0.00575895651843949,0.0439591570740537,0.021));
#7078=CARTESIAN_POINT('',(0.0020934449619906,0.0439395296573638,0.021));
#7079=CARTESIAN_POINT('',(-0.00059999999999999,0.0439395296573638,0.021));
#7080=CARTESIAN_POINT('',(-0.00059999999999999,0.0439395296573638,0.021));
#7081=CARTESIAN_POINT('',(-0.0274425496995097,0.0446726545966963,0.021));
#7082=CARTESIAN_POINT('',(-0.0272612676032652,0.0446351552805835,0.021));
#7083=CARTESIAN_POINT('',(-0.0265914809942645,0.0445031150742773,0.021));
#7084=CARTESIAN_POINT('',(-0.0253488959875372,0.0443023203854666,0.021));
#7085=CARTESIAN_POINT('',(-0.0235844905430207,0.0441115558968622,0.021));
#7086=CARTESIAN_POINT('',(-0.0215912461461717,0.0439968188670082,0.021));
#7087=CARTESIAN_POINT('',(-0.018768034823662,0.0439236083895156,0.021));
#7088=CARTESIAN_POINT('',(-0.0158859678811357,0.0439363619805149,0.021));
#7089=CARTESIAN_POINT('',(-0.0133618477873735,0.0439735066578773,0.021));
#7090=CARTESIAN_POINT('',(-0.0117504556944524,0.0439985971977261,0.021));
#7091=CARTESIAN_POINT('',(-0.0105518581048037,0.0440048255831441,0.021));
#7092=CARTESIAN_POINT('',(-0.00913665689337448,0.0439940360747388,0.021));
#7093=CARTESIAN_POINT('',(-0.00695895651843948,0.0439591570740537,0.021));
#7094=CARTESIAN_POINT('',(-0.00329344496199058,0.0439395296573638,0.021));
#7095=CARTESIAN_POINT('',(-0.000599999999999993,0.0439395296573638,0.021));
#7096=CARTESIAN_POINT('',(-0.0175795450005378,0.0439345528182552,0.021));
#7097=CARTESIAN_POINT('',(-0.0278477276472578,0.0447150969166019,0.021));
#7098=CARTESIAN_POINT('',(-0.0277793349980084,0.0447009494766334,0.021));
#7099=CARTESIAN_POINT('',(-0.0277109423487591,0.0446868020366648,0.021));
#7100=CARTESIAN_POINT('',(-0.0276425496995098,0.0446726545966963,0.021));
#7101=CARTESIAN_POINT('',(-0.0274612676032653,0.0446351552805835,0.021));
#7102=CARTESIAN_POINT('',(-0.0267914809942646,0.0445031150742773,0.021));
#7103=CARTESIAN_POINT('',(-0.0255488959875372,0.0443023203854667,0.021));
#7104=CARTESIAN_POINT('',(-0.0237844905430208,0.0441115558968622,0.021));
#7105=CARTESIAN_POINT('',(-0.0217912461461717,0.0439968188670082,0.021));
#7106=CARTESIAN_POINT('',(-0.018968034823662,0.0439236083895156,0.021));
#7107=CARTESIAN_POINT('',(-0.0160859678811357,0.0439363619805149,0.021));
#7108=CARTESIAN_POINT('',(-0.0135618477873735,0.0439735066578774,0.021));
#7109=CARTESIAN_POINT('',(-0.0119504556944524,0.0439985971977261,0.021));
#7110=CARTESIAN_POINT('',(-0.0107518581048037,0.0440048255831441,0.021));
#7111=CARTESIAN_POINT('',(-0.0093366568933745,0.0439940360747388,0.021));
#7112=CARTESIAN_POINT('',(-0.00715895651843949,0.0439591570740537,0.021));
#7113=CARTESIAN_POINT('',(-0.0034934449619906,0.0439395296573638,0.021));
#7114=CARTESIAN_POINT('',(-0.00080000000000001,0.0439395296573638,0.021));
#7115=CARTESIAN_POINT('',(-0.0178910609500703,0.043934882357,0.021));
#7116=CARTESIAN_POINT('',(-0.0278477276472578,0.0447150969166019,0.021));
#7117=CARTESIAN_POINT('',(-0.0277793349980084,0.0447009494766334,0.021));
#7118=CARTESIAN_POINT('',(-0.0277109423487591,0.0446868020366648,0.021));
#7119=CARTESIAN_POINT('',(-0.0276425496995098,0.0446726545966963,0.021));
#7120=CARTESIAN_POINT('',(-0.0274612676032653,0.0446351552805835,0.021));
#7121=CARTESIAN_POINT('',(-0.0267914809942646,0.0445031150742773,0.021));
#7122=CARTESIAN_POINT('',(-0.0255488959875372,0.0443023203854667,0.021));
#7123=CARTESIAN_POINT('',(-0.0237844905430208,0.0441115558968622,0.021));
#7124=CARTESIAN_POINT('',(-0.0217912461461717,0.0439968188670082,0.021));
#7125=CARTESIAN_POINT('',(-0.018968034823662,0.0439236083895156,0.021));
#7126=CARTESIAN_POINT('',(-0.0160859678811357,0.0439363619805149,0.021));
#7127=CARTESIAN_POINT('',(-0.0135618477873735,0.0439735066578774,0.021));
#7128=CARTESIAN_POINT('',(-0.0119504556944524,0.0439985971977261,0.021));
#7129=CARTESIAN_POINT('',(-0.0107518581048037,0.0440048255831441,0.021));
#7130=CARTESIAN_POINT('',(-0.0093366568933745,0.0439940360747388,0.021));
#7131=CARTESIAN_POINT('',(-0.00715895651843949,0.0439591570740537,0.021));
#7132=CARTESIAN_POINT('',(-0.0034934449619906,0.0439395296573638,0.021));
#7133=CARTESIAN_POINT('',(-0.00080000000000001,0.0439395296573638,0.021));
#7134=CARTESIAN_POINT('',(-0.0276426101758161,0.0446739344943913,0.021));
#7135=CARTESIAN_POINT('',(-0.00228331873174111,0.045190596499066,0.021));
#7136=CARTESIAN_POINT('',(-0.0025091071536339,0.0449730492793092,0.021));
#7137=CARTESIAN_POINT('',(-0.00361329353941503,0.0441594147085509,0.021));
#7138=CARTESIAN_POINT('',(-0.00589734387790855,0.0448456698280517,0.021));
#7139=CARTESIAN_POINT('',(-0.00786872154658792,0.0445933494945471,0.021));
#7140=CARTESIAN_POINT('',(-0.0147427784127522,0.0446924883937208,0.021));
#7141=CARTESIAN_POINT('',(-0.0176909425150253,0.0446678365043487,0.021));
#7142=CARTESIAN_POINT('',(-0.0233712804905949,0.0446765056490204,0.021));
#7143=CARTESIAN_POINT('',(-0.0266482768616507,0.0446731364301129,0.021));
#7144=CARTESIAN_POINT('',(-0.0276425497107249,0.0446726545966913,0.021));
#7145=CARTESIAN_POINT('',(-0.0274466479763555,0.0446735532420037,0.021));
#7146=CARTESIAN_POINT('',(-0.0366953978955745,0.0550340279123236,0.021));
#7147=CARTESIAN_POINT('',(-0.0366953973168648,0.0550336806886399,0.021));
#7148=CARTESIAN_POINT('',(-0.036695396738155,0.0550333334649562,0.021));
#7149=CARTESIAN_POINT('',(-0.0366953961594452,0.0550329862412725,0.021));
#7150=CARTESIAN_POINT('',(-0.0366950247270649,0.0548101282180776,0.021));
#7151=CARTESIAN_POINT('',(-0.0366945860675643,0.0545428196456423,0.021));
#7152=CARTESIAN_POINT('',(-0.0366948756387908,0.0541953305657242,0.021));
#7153=CARTESIAN_POINT('',(-0.0366957816053976,0.0539020887723835,0.021));
#7154=CARTESIAN_POINT('',(-0.0366971476629928,0.0535634068541658,0.021));
#7155=CARTESIAN_POINT('',(-0.0366980161534076,0.0532056536057101,0.021));
#7156=CARTESIAN_POINT('',(-0.0366976870360722,0.0528481309594855,0.021));
#7157=CARTESIAN_POINT('',(-0.0366939469393061,0.0523913424955922,0.021));
#7158=CARTESIAN_POINT('',(-0.0366864520526859,0.0520352281709827,0.021));
#7159=CARTESIAN_POINT('',(-0.0366900332681999,0.0517716806891905,0.021));
#7160=CARTESIAN_POINT('',(-0.0366959569627911,0.051627040596068,0.021));
#7161=CARTESIAN_POINT('',(-0.0367056658389353,0.0514543747981123,0.021));
#7162=CARTESIAN_POINT('',(-0.0367210005716014,0.0511920220808231,0.021));
#7163=CARTESIAN_POINT('',(-0.0367245243124716,0.0508724767337073,0.021));
#7164=CARTESIAN_POINT('',(-0.0367064731090432,0.0505864772122718,0.021));
#7165=CARTESIAN_POINT('',(-0.0366775563794953,0.0503546934563272,0.021));
#7166=CARTESIAN_POINT('',(-0.036632111736029,0.050123217256486,0.021));
#7167=CARTESIAN_POINT('',(-0.0365518783329682,0.0498209710632256,0.021));
#7168=CARTESIAN_POINT('',(-0.0364163415110002,0.0494542855569379,0.021));
#7169=CARTESIAN_POINT('',(-0.0361328105083926,0.048895121431306,0.021));
#7170=CARTESIAN_POINT('',(-0.0356690526903941,0.048246939080196,0.021));
#7171=CARTESIAN_POINT('',(-0.0350665427074316,0.0476520892847274,0.021));
#7172=CARTESIAN_POINT('',(-0.034505252502644,0.0472162021540699,0.021));
#7173=CARTESIAN_POINT('',(-0.0340442520004412,0.04691020675982,0.021));
#7174=CARTESIAN_POINT('',(-0.0335480887736272,0.0466304895626157,0.021));
#7175=CARTESIAN_POINT('',(-0.03285894064527,0.0462951203802882,0.021));
#7176=CARTESIAN_POINT('',(-0.0319462577171351,0.0459288385913708,0.021));
#7177=CARTESIAN_POINT('',(-0.0307873312660681,0.0455455471388419,0.021));
#7178=CARTESIAN_POINT('',(-0.0295983417444564,0.045194308038407,0.021));
#7179=CARTESIAN_POINT('',(-0.028482086535459,0.0449000741037784,0.021));
#7180=CARTESIAN_POINT('',(-0.0277368378053145,0.0447335299006365,0.021));
#7181=CARTESIAN_POINT('',(-0.0274425496995097,0.0446726545966963,0.021));
#7182=CARTESIAN_POINT('',(-0.0366953978955745,0.0550340279123236,0.021));
#7183=CARTESIAN_POINT('',(-0.0366953978955745,0.0669345120364424,0.021));
#7184=CARTESIAN_POINT('',(-0.0366953978955745,0.0788349961605613,0.021));
#7185=CARTESIAN_POINT('',(-0.0354014563462458,0.077697075528218,0.021));
#7186=CARTESIAN_POINT('',(-0.0341075147965193,0.0765591548963325,0.021));
#7187=CARTESIAN_POINT('',(-0.0341075147965193,0.0765591548963325,0.021));
#7188=CARTESIAN_POINT('',(-0.0336166228920824,0.0761600177400886,0.021));
#7189=CARTESIAN_POINT('',(-0.0326347216804311,0.0753616801069887,0.021));
#7190=CARTESIAN_POINT('',(-0.0314482685206869,0.0744028376873442,0.021));
#7191=CARTESIAN_POINT('',(-0.0305400406175473,0.0736761220423701,0.021));
#7192=CARTESIAN_POINT('',(-0.0298678877030939,0.0731425282976888,0.021));
#7193=CARTESIAN_POINT('',(-0.0291869027586444,0.0726062233840447,0.021));
#7194=CARTESIAN_POINT('',(-0.028597346384948,0.0721458572957434,0.021));
#7195=CARTESIAN_POINT('',(-0.0281052068250399,0.0717630577104312,0.021));
#7196=CARTESIAN_POINT('',(-0.0276101852377383,0.0713839903289101,0.021));
#7197=CARTESIAN_POINT('',(-0.0269754856794653,0.0709227353682991,0.021));
#7198=CARTESIAN_POINT('',(-0.0261747003461896,0.0704162095146298,0.021));
#7199=CARTESIAN_POINT('',(-0.0254629743724814,0.0700529354480967,0.021));
#7200=CARTESIAN_POINT('',(-0.0248572144900499,0.069807801769986,0.021));
#7201=CARTESIAN_POINT('',(-0.024226857742705,0.0695979860017479,0.021));
#7202=CARTESIAN_POINT('',(-0.023343928926592,0.0693913372249036,0.021));
#7203=CARTESIAN_POINT('',(-0.0221589236825563,0.0692243368945853,0.021));
#7204=CARTESIAN_POINT('',(-0.0208760074699679,0.0691249284445051,0.021));
#7205=CARTESIAN_POINT('',(-0.0195210298593359,0.0690752839973708,0.021));
#7206=CARTESIAN_POINT('',(-0.0181195014618521,0.0690557657140899,0.021));
#7207=CARTESIAN_POINT('',(-0.0166893756926158,0.0690439893353008,0.021));
#7208=CARTESIAN_POINT('',(-0.0152708239736543,0.0690220212958603,0.021));
#7209=CARTESIAN_POINT('',(-0.0138730431825175,0.0689952450144535,0.021));
#7210=CARTESIAN_POINT('',(-0.0120421315829476,0.0689565612420795,0.021));
#7211=CARTESIAN_POINT('',(-0.0102700296939537,0.0689199174665771,0.021));
#7212=CARTESIAN_POINT('',(-0.00857935475810027,0.0688979045066811,0.021));
#7213=CARTESIAN_POINT('',(-0.00694193605634489,0.068889072821103,0.021));
#7214=CARTESIAN_POINT('',(-0.0049589549530681,0.068894423931745,0.021));
#7215=CARTESIAN_POINT('',(-0.00274080830481985,0.0689043889568614,0.021));
#7216=CARTESIAN_POINT('',(-0.00127530181569734,0.0688982155552843,0.021));
#7217=CARTESIAN_POINT('',(-0.000606376255742376,0.0688947659354654,0.021));
#7218=CARTESIAN_POINT('',(-0.000606384846633421,0.0688952501513929,0.021));
#7219=CARTESIAN_POINT('',(0.0327075147965193,0.0765591548963325,0.021));
#7220=CARTESIAN_POINT('',(0.0322166228920824,0.0761600177400886,0.021));
#7221=CARTESIAN_POINT('',(0.0312347216804311,0.0753616801069887,0.021));
#7222=CARTESIAN_POINT('',(0.0300482685206869,0.0744028376873442,0.021));
#7223=CARTESIAN_POINT('',(0.0291400406175473,0.0736761220423701,0.021));
#7224=CARTESIAN_POINT('',(0.0284678877030939,0.0731425282976888,0.021));
#7225=CARTESIAN_POINT('',(0.0277869027586444,0.0726062233840447,0.021));
#7226=CARTESIAN_POINT('',(0.027197346384948,0.0721458572957434,0.021));
#7227=CARTESIAN_POINT('',(0.0267052068250399,0.0717630577104312,0.021));
#7228=CARTESIAN_POINT('',(0.0262101852377382,0.0713839903289101,0.021));
#7229=CARTESIAN_POINT('',(0.0255754856794653,0.0709227353682991,0.021));
#7230=CARTESIAN_POINT('',(0.0247747003461896,0.0704162095146298,0.021));
#7231=CARTESIAN_POINT('',(0.0240629743724814,0.0700529354480967,0.021));
#7232=CARTESIAN_POINT('',(0.0234572144900499,0.069807801769986,0.021));
#7233=CARTESIAN_POINT('',(0.022826857742705,0.0695979860017479,0.021));
#7234=CARTESIAN_POINT('',(0.021943928926592,0.0693913372249036,0.021));
#7235=CARTESIAN_POINT('',(0.0207589236825562,0.0692243368945853,0.021));
#7236=CARTESIAN_POINT('',(0.0194760074699679,0.0691249284445051,0.021));
#7237=CARTESIAN_POINT('',(0.0181210298593359,0.0690752839973708,0.021));
#7238=CARTESIAN_POINT('',(0.0167195014618522,0.0690557657140899,0.021));
#7239=CARTESIAN_POINT('',(0.0152893756926158,0.0690439893353008,0.021));
#7240=CARTESIAN_POINT('',(0.0138708239736543,0.0690220212958603,0.021));
#7241=CARTESIAN_POINT('',(0.0124730431825175,0.0689952450144535,0.021));
#7242=CARTESIAN_POINT('',(0.0106421315829476,0.0689565612420795,0.021));
#7243=CARTESIAN_POINT('',(0.00887002969395375,0.0689199174665771,0.021));
#7244=CARTESIAN_POINT('',(0.00717935475810027,0.0688979045066811,0.021));
#7245=CARTESIAN_POINT('',(0.00554193605634489,0.068889072821103,0.021));
#7246=CARTESIAN_POINT('',(0.0035589549530681,0.068894423931745,0.021));
#7247=CARTESIAN_POINT('',(0.00134080830481985,0.0689043889568614,0.021));
#7248=CARTESIAN_POINT('',(-0.000124698184302655,0.0688982155552843,0.021));
#7249=CARTESIAN_POINT('',(-0.000793623744257625,0.0688947659354654,0.021));
#7250=CARTESIAN_POINT('',(0.0327075147965193,0.0765591548963325,0.021));
#7251=CARTESIAN_POINT('',(0.0340014563462459,0.077697075528218,0.021));
#7252=CARTESIAN_POINT('',(0.0352953978955746,0.0788349961605613,0.021));
#7253=CARTESIAN_POINT('',(0.0352953978955746,0.0669345120364424,0.021));
#7254=CARTESIAN_POINT('',(0.0352953978955746,0.0550340279123236,0.021));
#7255=CARTESIAN_POINT('',(0.0352953978955746,0.0550340279123236,0.021));
#7256=CARTESIAN_POINT('',(0.0352953973168648,0.0550336806886399,0.021));
#7257=CARTESIAN_POINT('',(0.035295396738155,0.0550333334649562,0.021));
#7258=CARTESIAN_POINT('',(0.0352953961594452,0.0550329862412725,0.021));
#7259=CARTESIAN_POINT('',(0.0352950247270648,0.0548101282180776,0.021));
#7260=CARTESIAN_POINT('',(0.0352945860675643,0.0545428196456423,0.021));
#7261=CARTESIAN_POINT('',(0.0352948756387908,0.0541953305657242,0.021));
#7262=CARTESIAN_POINT('',(0.0352957816053976,0.0539020887723835,0.021));
#7263=CARTESIAN_POINT('',(0.0352971476629928,0.0535634068541658,0.021));
#7264=CARTESIAN_POINT('',(0.0352980161534076,0.0532056536057101,0.021));
#7265=CARTESIAN_POINT('',(0.0352976870360723,0.0528481309594855,0.021));
#7266=CARTESIAN_POINT('',(0.0352939469393061,0.0523913424955922,0.021));
#7267=CARTESIAN_POINT('',(0.0352864520526859,0.0520352281709827,0.021));
#7268=CARTESIAN_POINT('',(0.0352900332681999,0.0517716806891905,0.021));
#7269=CARTESIAN_POINT('',(0.0352959569627911,0.051627040596068,0.021));
#7270=CARTESIAN_POINT('',(0.0353056658389353,0.0514543747981123,0.021));
#7271=CARTESIAN_POINT('',(0.0353210005716014,0.0511920220808231,0.021));
#7272=CARTESIAN_POINT('',(0.0353245243124716,0.0508724767337073,0.021));
#7273=CARTESIAN_POINT('',(0.0353064731090432,0.0505864772122718,0.021));
#7274=CARTESIAN_POINT('',(0.0352775563794953,0.0503546934563272,0.021));
#7275=CARTESIAN_POINT('',(0.035232111736029,0.050123217256486,0.021));
#7276=CARTESIAN_POINT('',(0.0351518783329682,0.0498209710632256,0.021));
#7277=CARTESIAN_POINT('',(0.0350163415110002,0.0494542855569379,0.021));
#7278=CARTESIAN_POINT('',(0.0347328105083926,0.048895121431306,0.021));
#7279=CARTESIAN_POINT('',(0.0342690526903941,0.048246939080196,0.021));
#7280=CARTESIAN_POINT('',(0.0336665427074316,0.0476520892847274,0.021));
#7281=CARTESIAN_POINT('',(0.033105252502644,0.0472162021540699,0.021));
#7282=CARTESIAN_POINT('',(0.0326442520004412,0.04691020675982,0.021));
#7283=CARTESIAN_POINT('',(0.0321480887736272,0.0466304895626157,0.021));
#7284=CARTESIAN_POINT('',(0.03145894064527,0.0462951203802882,0.021));
#7285=CARTESIAN_POINT('',(0.0305462577171352,0.0459288385913708,0.021));
#7286=CARTESIAN_POINT('',(0.0293873312660681,0.0455455471388419,0.021));
#7287=CARTESIAN_POINT('',(0.0281983417444564,0.045194308038407,0.021));
#7288=CARTESIAN_POINT('',(0.0270820865354591,0.0449000741037784,0.021));
#7289=CARTESIAN_POINT('',(0.0263368378053144,0.0447335299006365,0.021));
#7290=CARTESIAN_POINT('',(0.0260425496995096,0.0446726545966963,0.021));
#7291=CARTESIAN_POINT('',(0.0260466450209548,0.0446735532429428,0.021));
#7292=CARTESIAN_POINT('',(0.0262425497107249,0.0446726545966913,0.021));
#7293=CARTESIAN_POINT('',(0.0252482768616508,0.0446731364301129,0.021));
#7294=CARTESIAN_POINT('',(0.0219712804905949,0.0446765056490204,0.021));
#7295=CARTESIAN_POINT('',(0.0162909425150253,0.0446678365043487,0.021));
#7296=CARTESIAN_POINT('',(0.0133427784127522,0.0446924883937208,0.021));
#7297=CARTESIAN_POINT('',(0.00646872154658792,0.0445933494945471,0.021));
#7298=CARTESIAN_POINT('',(0.00449734387790855,0.0448456698280517,0.021));
#7299=CARTESIAN_POINT('',(0.00221329353941503,0.0441594147085509,0.021));
#7300=CARTESIAN_POINT('',(0.0011091071536339,0.0449730492793092,0.021));
#7301=CARTESIAN_POINT('',(0.000883318731741109,0.045190596499066,0.021));
#7302=CARTESIAN_POINT('',(0.0262425497058182,0.0446737142237593,0.021));
#7303=CARTESIAN_POINT('',(0.0262425496995098,0.0446726545966963,0.021));
#7304=CARTESIAN_POINT('',(0.0260612676032653,0.0446351552805835,0.021));
#7305=CARTESIAN_POINT('',(0.0253914809942646,0.0445031150742773,0.021));
#7306=CARTESIAN_POINT('',(0.0241488959875372,0.0443023203854667,0.021));
#7307=CARTESIAN_POINT('',(0.0223844905430207,0.0441115558968622,0.021));
#7308=CARTESIAN_POINT('',(0.0203912461461717,0.0439968188670082,0.021));
#7309=CARTESIAN_POINT('',(0.0175680348236621,0.0439236083895156,0.021));
#7310=CARTESIAN_POINT('',(0.0146859678811356,0.0439363619805149,0.021));
#7311=CARTESIAN_POINT('',(0.0121618477873735,0.0439735066578774,0.021));
#7312=CARTESIAN_POINT('',(0.0105504556944524,0.0439985971977261,0.021));
#7313=CARTESIAN_POINT('',(0.00935185810480369,0.0440048255831441,0.021));
#7314=CARTESIAN_POINT('',(0.0079366568933745,0.0439940360747388,0.021));
#7315=CARTESIAN_POINT('',(0.00575895651843949,0.0439591570740537,0.021));
#7316=CARTESIAN_POINT('',(0.0020934449619906,0.0439395296573638,0.021));
#7317=CARTESIAN_POINT('',(-0.00059999999999999,0.0439395296573638,0.021));
#7318=CARTESIAN_POINT('',(0.0161795450005408,0.0439345528182552,0.021));
#7319=CARTESIAN_POINT('',(0.0260425496995096,0.0446726545966963,0.021));
#7320=CARTESIAN_POINT('',(0.0258612676032653,0.0446351552805835,0.021));
#7321=CARTESIAN_POINT('',(0.0251914809942646,0.0445031150742773,0.021));
#7322=CARTESIAN_POINT('',(0.0239488959875372,0.0443023203854666,0.021));
#7323=CARTESIAN_POINT('',(0.0221844905430208,0.0441115558968622,0.021));
#7324=CARTESIAN_POINT('',(0.0201912461461717,0.0439968188670082,0.021));
#7325=CARTESIAN_POINT('',(0.017368034823662,0.0439236083895156,0.021));
#7326=CARTESIAN_POINT('',(0.0144859678811356,0.0439363619805149,0.021));
#7327=CARTESIAN_POINT('',(0.0119618477873735,0.0439735066578773,0.021));
#7328=CARTESIAN_POINT('',(0.0103504556944524,0.0439985971977261,0.021));
#7329=CARTESIAN_POINT('',(0.0091518581048037,0.0440048255831441,0.021));
#7330=CARTESIAN_POINT('',(0.00773665689337448,0.0439940360747388,0.021));
#7331=CARTESIAN_POINT('',(0.00555895651843948,0.0439591570740537,0.021));
#7332=CARTESIAN_POINT('',(0.00189344496199058,0.0439395296573638,0.021));
#7333=CARTESIAN_POINT('',(-0.0008,0.0439395296573638,0.021));
#7334=CARTESIAN_POINT('',(0.0158536172979728,0.0439350853367405,0.021));
#7335=CARTESIAN_POINT('',(0.0260425496995096,0.0446726545966963,0.021));
#7336=CARTESIAN_POINT('',(0.0258612676032653,0.0446351552805835,0.021));
#7337=CARTESIAN_POINT('',(0.0251914809942646,0.0445031150742773,0.021));
#7338=CARTESIAN_POINT('',(0.0239488959875372,0.0443023203854666,0.021));
#7339=CARTESIAN_POINT('',(0.0221844905430208,0.0441115558968622,0.021));
#7340=CARTESIAN_POINT('',(0.0201912461461717,0.0439968188670082,0.021));
#7341=CARTESIAN_POINT('',(0.017368034823662,0.0439236083895156,0.021));
#7342=CARTESIAN_POINT('',(0.0144859678811356,0.0439363619805149,0.021));
#7343=CARTESIAN_POINT('',(0.0119618477873735,0.0439735066578773,0.021));
#7344=CARTESIAN_POINT('',(0.0103504556944524,0.0439985971977261,0.021));
#7345=CARTESIAN_POINT('',(0.0091518581048037,0.0440048255831441,0.021));
#7346=CARTESIAN_POINT('',(0.00773665689337448,0.0439940360747388,0.021));
#7347=CARTESIAN_POINT('',(0.00555895651843948,0.0439591570740537,0.021));
#7348=CARTESIAN_POINT('',(0.00189344496199058,0.0439395296573638,0.021));
#7349=CARTESIAN_POINT('',(-0.0008,0.0439395296573638,0.021));
#7350=CARTESIAN_POINT('',(-0.000793623745290469,0.0688947659349094,0.021));
#7351=CARTESIAN_POINT('',(-0.000796067176263388,0.0694461574690422,0.021));
#7352=CARTESIAN_POINT('',(-0.000810144484262374,0.0728539254738332,0.021));
#7353=CARTESIAN_POINT('',(-0.000797396452385607,0.0777004850234914,0.021));
#7354=CARTESIAN_POINT('',(-0.000800775917655725,0.08077268580041,0.021));
#7355=CARTESIAN_POINT('',(-0.000799758160553363,0.0863315360003705,0.021));
#7356=CARTESIAN_POINT('',(-0.000800159089383818,0.0908684261119622,0.021));
#7357=CARTESIAN_POINT('',(-0.000799616889392338,0.0971841966053041,0.021));
#7358=CARTESIAN_POINT('',(-0.00080102427788309,0.101450845039538,0.021));
#7359=CARTESIAN_POINT('',(-0.000796014330347331,0.104462747345563,0.021));
#7360=CARTESIAN_POINT('',(-0.000821307338526049,0.111834190875632,0.021));
#7361=CARTESIAN_POINT('',(-0.000745728902987493,0.115528659832693,0.021));
#7362=CARTESIAN_POINT('',(-0.000955478281751192,0.118857416776134,0.021));
#7363=CARTESIAN_POINT('',(-0.000578450916489389,0.120050938336988,0.021));
#7364=CARTESIAN_POINT('',(-0.0008,0.12040535,0.021));
#7365=CARTESIAN_POINT('',(-0.0007,0.119681544755348,0.021));
#7366=CARTESIAN_POINT('',(-0.000700000000002324,0.120136726713862,0.021));
#7367=CARTESIAN_POINT('',(-0.000606376254709531,0.0688947659349094,0.021));
#7368=CARTESIAN_POINT('',(-0.000603932823736612,0.0694461574690422,0.021));
#7369=CARTESIAN_POINT('',(-0.000589855515737626,0.0728539254738332,0.021));
#7370=CARTESIAN_POINT('',(-0.000602603547614393,0.0777004850234914,0.021));
#7371=CARTESIAN_POINT('',(-0.000599224082344275,0.08077268580041,0.021));
#7372=CARTESIAN_POINT('',(-0.000600241839446637,0.0863315360003705,0.021));
#7373=CARTESIAN_POINT('',(-0.000599840910616182,0.0908684261119622,0.021));
#7374=CARTESIAN_POINT('',(-0.000600383110607662,0.0971841966053041,0.021));
#7375=CARTESIAN_POINT('',(-0.00059897572211691,0.101450845039538,0.021));
#7376=CARTESIAN_POINT('',(-0.000603985669652669,0.104462747345563,0.021));
#7377=CARTESIAN_POINT('',(-0.000578692661473951,0.111834190875632,0.021));
#7378=CARTESIAN_POINT('',(-0.000654271097012507,0.115528659832693,0.021));
#7379=CARTESIAN_POINT('',(-0.000444521718248808,0.118857416776134,0.021));
#7380=CARTESIAN_POINT('',(-0.000821549083510611,0.120050938336988,0.021));
#7381=CARTESIAN_POINT('',(-0.0006,0.12040535,0.021));
#7382=CARTESIAN_POINT('',(0.0395,0.04467435,0.021));
#7383=CARTESIAN_POINT('',(0.0413,0.04467435,0.021));
#7384=CARTESIAN_POINT('',(0.0415,0.04467435,0.021));
#7385=CARTESIAN_POINT('',(-0.0008,0.12040535,0.021));
#7386=CARTESIAN_POINT('',(-0.000551582126603851,0.120802743616968,0.021));
#7387=CARTESIAN_POINT('',(0.00106571549064544,0.121346897190507,0.021));
#7388=CARTESIAN_POINT('',(0.00355221299328572,0.119314223525015,0.021));
#7389=CARTESIAN_POINT('',(0.00422653534771223,0.120104990637355,0.021));
#7390=CARTESIAN_POINT('',(0.0129843116186663,0.135436134826209,0.021));
#7391=CARTESIAN_POINT('',(0.0165419024780807,0.139899321431876,0.021));
#7392=CARTESIAN_POINT('',(0.0174236248678088,0.14216906818948,0.021));
#7393=CARTESIAN_POINT('',(0.0183132536458997,0.1389827697311,0.021));
#7394=CARTESIAN_POINT('',(0.0196944689443864,0.1379356827994,0.021));
#7395=CARTESIAN_POINT('',(0.0346911327045587,0.11549160834067,0.021));
#7396=CARTESIAN_POINT('',(0.037366576424643,0.109028810621624,0.021));
#7397=CARTESIAN_POINT('',(0.0413021281273982,0.106659081826551,0.021));
#7398=CARTESIAN_POINT('',(0.049304593576327,0.0943889150017138,0.021));
#7399=CARTESIAN_POINT('',(0.0481397635451786,0.0891882984920764,0.021));
#7400=CARTESIAN_POINT('',(0.0497753658442818,0.0894683757053113,0.021));
#7401=CARTESIAN_POINT('',(0.0564557612184319,0.0965821200629437,0.021));
#7402=CARTESIAN_POINT('',(0.059835247888862,0.101447730998479,0.021));
#7403=CARTESIAN_POINT('',(0.0583308797229342,0.103039892373312,0.021));
#7404=CARTESIAN_POINT('',(0.0943429355932072,0.116526577242987,0.021));
#7405=CARTESIAN_POINT('',(0.0894043504850602,0.113310549724725,0.021));
#7406=CARTESIAN_POINT('',(0.083301298091668,0.109722543934483,0.021));
#7407=CARTESIAN_POINT('',(0.078153864614451,0.10229251292916,0.021));
#7408=CARTESIAN_POINT('',(0.0747336985857874,0.0932863848812557,0.021));
#7409=CARTESIAN_POINT('',(0.073828118706511,0.0823533481560459,0.021));
#7410=CARTESIAN_POINT('',(0.0778585141000959,0.07551700694619,0.021));
#7411=CARTESIAN_POINT('',(0.0795643103931054,0.0736629145506733,0.021));
#7412=CARTESIAN_POINT('',(0.0744938312397568,0.0775114604357129,0.021));
#7413=CARTESIAN_POINT('',(0.0662199251593049,0.0760653714302484,0.021));
#7414=CARTESIAN_POINT('',(0.0609970547878772,0.0701144921041193,0.021));
#7415=CARTESIAN_POINT('',(0.0596239336062449,0.0645816404218244,0.021));
#7416=CARTESIAN_POINT('',(0.0591960522600049,0.0611557328599446,0.021));
#7417=CARTESIAN_POINT('',(0.0589950768741668,0.0662648786311455,0.021));
#7418=CARTESIAN_POINT('',(0.0535713361193636,0.0718734228048673,0.021));
#7419=CARTESIAN_POINT('',(0.0442092184215188,0.0727074305490165,0.021));
#7420=CARTESIAN_POINT('',(0.0434957679556121,0.0670845968334058,0.021));
#7421=CARTESIAN_POINT('',(0.0404890479448181,0.0634561032544713,0.021));
#7422=CARTESIAN_POINT('',(0.0410271048222576,0.053294530261899,0.021));
#7423=CARTESIAN_POINT('',(0.0420356298967608,0.0454090194428263,0.021));
#7424=CARTESIAN_POINT('',(0.0413,0.04467435,0.021));
#7425=CARTESIAN_POINT('',(-0.000700000000000012,0.120532061235827,0.021));
#7426=CARTESIAN_POINT('',(-0.000600000000000007,0.12040535,0.021));
#7427=CARTESIAN_POINT('',(-0.000848417873396149,0.120802743616968,0.021));
#7428=CARTESIAN_POINT('',(-0.00246571549064544,0.121346897190507,0.021));
#7429=CARTESIAN_POINT('',(-0.00495221299328573,0.119314223525015,0.021));
#7430=CARTESIAN_POINT('',(-0.00562653534771223,0.120104990637355,0.021));
#7431=CARTESIAN_POINT('',(-0.0143843116186663,0.135436134826209,0.021));
#7432=CARTESIAN_POINT('',(-0.0179419024780807,0.139899321431876,0.021));
#7433=CARTESIAN_POINT('',(-0.0188236248678088,0.14216906818948,0.021));
#7434=CARTESIAN_POINT('',(-0.0197132536458997,0.1389827697311,0.021));
#7435=CARTESIAN_POINT('',(-0.0210944689443863,0.1379356827994,0.021));
#7436=CARTESIAN_POINT('',(-0.0360911327045587,0.11549160834067,0.021));
#7437=CARTESIAN_POINT('',(-0.038766576424643,0.109028810621624,0.021));
#7438=CARTESIAN_POINT('',(-0.0427021281273982,0.106659081826551,0.021));
#7439=CARTESIAN_POINT('',(-0.050704593576327,0.0943889150017138,0.021));
#7440=CARTESIAN_POINT('',(-0.0495397635451786,0.0891882984920764,0.021));
#7441=CARTESIAN_POINT('',(-0.0511753658442818,0.0894683757053113,0.021));
#7442=CARTESIAN_POINT('',(-0.0578557612184319,0.0965821200629437,0.021));
#7443=CARTESIAN_POINT('',(-0.061235247888862,0.101447730998479,0.021));
#7444=CARTESIAN_POINT('',(-0.0597308797229342,0.103039892373312,0.021));
#7445=CARTESIAN_POINT('',(-0.0957429355932072,0.116526577242987,0.021));
#7446=CARTESIAN_POINT('',(-0.0908043504850602,0.113310549724725,0.021));
#7447=CARTESIAN_POINT('',(-0.084701298091668,0.109722543934483,0.021));
#7448=CARTESIAN_POINT('',(-0.079553864614451,0.10229251292916,0.021));
#7449=CARTESIAN_POINT('',(-0.0761336985857874,0.0932863848812557,0.021));
#7450=CARTESIAN_POINT('',(-0.075228118706511,0.0823533481560459,0.021));
#7451=CARTESIAN_POINT('',(-0.0792585141000959,0.07551700694619,0.021));
#7452=CARTESIAN_POINT('',(-0.0809643103931054,0.0736629145506733,0.021));
#7453=CARTESIAN_POINT('',(-0.0758938312397568,0.0775114604357129,0.021));
#7454=CARTESIAN_POINT('',(-0.0676199251593048,0.0760653714302484,0.021));
#7455=CARTESIAN_POINT('',(-0.0623970547878772,0.0701144921041193,0.021));
#7456=CARTESIAN_POINT('',(-0.0610239336062449,0.0645816404218244,0.021));
#7457=CARTESIAN_POINT('',(-0.0605960522600049,0.0611557328599446,0.021));
#7458=CARTESIAN_POINT('',(-0.0603950768741668,0.0662648786311455,0.021));
#7459=CARTESIAN_POINT('',(-0.0549713361193636,0.0718734228048673,0.021));
#7460=CARTESIAN_POINT('',(-0.0456092184215189,0.0727074305490165,0.021));
#7461=CARTESIAN_POINT('',(-0.0448957679556121,0.0670845968334058,0.021));
#7462=CARTESIAN_POINT('',(-0.041889047944818,0.0634561032544713,0.021));
#7463=CARTESIAN_POINT('',(-0.0424271048222576,0.053294530261899,0.021));
#7464=CARTESIAN_POINT('',(-0.0434356298967608,0.0454090194428263,0.021));
#7465=CARTESIAN_POINT('',(-0.0427,0.04467435,0.021));
#7466=CARTESIAN_POINT('',(-0.0427,0.04467435,0.021));
#7467=CARTESIAN_POINT('',(-0.0409,0.04467435,0.021));
#7468=CARTESIAN_POINT('',(-0.0429,0.04467435,0.021));
#7469=CARTESIAN_POINT('',(-0.0429,-0.00590315,0.021));
#7470=CARTESIAN_POINT('',(-0.0429,-0.05558065,0.021));
#7471=CARTESIAN_POINT('',(-0.042,-0.05558065,0.021));
#7472=CARTESIAN_POINT('',(-0.042,-0.05648065,0.021));
#7473=CARTESIAN_POINT('',(0.0249,-0.05648065,0.021));
#7474=CARTESIAN_POINT('',(0.0406,-0.05648065,0.021));
#7475=CARTESIAN_POINT('',(0.0406,-0.05558065,0.021));
#7476=CARTESIAN_POINT('',(0.0415,-0.05558065,0.021));
#7477=CARTESIAN_POINT('',(0.0415,-0.00590315,0.021));
#7478=CARTESIAN_POINT('',(0.0331973467828161,0.0524577381641051,0.021));
#7479=CARTESIAN_POINT('',(0.0381539739841522,0.0423135289728923,0.021));
#7480=CARTESIAN_POINT('',(0.0396377932140595,0.0431844548828608,0.021));
#7481=CARTESIAN_POINT('',(0.0393,0.04177435,0.021));
#7482=CARTESIAN_POINT('',(0.0394,0.040327802385851,0.021));
#7483=CARTESIAN_POINT('',(0.0395,0.04177435,0.021));
#7484=CARTESIAN_POINT('',(-0.02615,-0.01804065,0.021));
#7485=CARTESIAN_POINT('',(-0.02615,-0.01754065,0.021));
#7486=CARTESIAN_POINT('',(-0.02665,-0.01804065,0.021));
#7487=CARTESIAN_POINT('',(-0.01965,-0.01754065,0.021));
#7488=CARTESIAN_POINT('',(-0.01335,-0.01754065,0.021));
#7489=CARTESIAN_POINT('',(-0.01335,-0.01804065,0.021));
#7490=CARTESIAN_POINT('',(-0.01285,-0.01804065,0.021));
#7491=CARTESIAN_POINT('',(-0.01285,-0.02454065,0.021));
#7492=CARTESIAN_POINT('',(-0.01285,-0.03104065,0.021));
#7493=CARTESIAN_POINT('',(-0.01335,-0.03104065,0.021));
#7494=CARTESIAN_POINT('',(-0.01335,-0.03154065,0.021));
#7495=CARTESIAN_POINT('',(-0.01965,-0.03154065,0.021));
#7496=CARTESIAN_POINT('',(-0.02615,-0.03154065,0.021));
#7497=CARTESIAN_POINT('',(-0.02615,-0.03104065,0.021));
#7498=CARTESIAN_POINT('',(-0.02665,-0.03104065,0.021));
#7499=CARTESIAN_POINT('',(-0.02665,-0.02454065,0.021));
#7500=CARTESIAN_POINT('',(-0.0071,-0.01804065,0.021));
#7501=CARTESIAN_POINT('',(-0.0071,-0.01754065,0.021));
#7502=CARTESIAN_POINT('',(-0.0076,-0.01804065,0.021));
#7503=CARTESIAN_POINT('',(-0.0006,-0.01754065,0.021));
#7504=CARTESIAN_POINT('',(0.0057,-0.01754065,0.021));
#7505=CARTESIAN_POINT('',(0.0057,-0.01804065,0.021));
#7506=CARTESIAN_POINT('',(0.0062,-0.01804065,0.021));
#7507=CARTESIAN_POINT('',(0.0062,-0.02454065,0.021));
#7508=CARTESIAN_POINT('',(0.0062,-0.03104065,0.021));
#7509=CARTESIAN_POINT('',(0.0057,-0.03104065,0.021));
#7510=CARTESIAN_POINT('',(0.0057,-0.03154065,0.021));
#7511=CARTESIAN_POINT('',(-0.0006,-0.03154065,0.021));
#7512=CARTESIAN_POINT('',(-0.0071,-0.03154065,0.021));
#7513=CARTESIAN_POINT('',(-0.0071,-0.03104065,0.021));
#7514=CARTESIAN_POINT('',(-0.0076,-0.03104065,0.021));
#7515=CARTESIAN_POINT('',(-0.0076,-0.02454065,0.021));
#7516=CARTESIAN_POINT('',(0.01195,-0.01804065,0.021));
#7517=CARTESIAN_POINT('',(0.01195,-0.01754065,0.021));
#7518=CARTESIAN_POINT('',(0.01145,-0.01804065,0.021));
#7519=CARTESIAN_POINT('',(0.01845,-0.01754065,0.021));
#7520=CARTESIAN_POINT('',(0.02475,-0.01754065,0.021));
#7521=CARTESIAN_POINT('',(0.02475,-0.01804065,0.021));
#7522=CARTESIAN_POINT('',(0.02525,-0.01804065,0.021));
#7523=CARTESIAN_POINT('',(0.02525,-0.02454065,0.021));
#7524=CARTESIAN_POINT('',(0.02525,-0.03104065,0.021));
#7525=CARTESIAN_POINT('',(0.02475,-0.03104065,0.021));
#7526=CARTESIAN_POINT('',(0.02475,-0.03154065,0.021));
#7527=CARTESIAN_POINT('',(0.01845,-0.03154065,0.021));
#7528=CARTESIAN_POINT('',(0.01195,-0.03154065,0.021));
#7529=CARTESIAN_POINT('',(0.01195,-0.03104065,0.021));
#7530=CARTESIAN_POINT('',(0.01145,-0.03104065,0.021));
#7531=CARTESIAN_POINT('',(0.01145,-0.02454065,0.021));
#7532=CARTESIAN_POINT('',(-0.02615,0.00100935,0.021));
#7533=CARTESIAN_POINT('',(-0.02615,0.00150935,0.021));
#7534=CARTESIAN_POINT('',(-0.02665,0.00100935,0.021));
#7535=CARTESIAN_POINT('',(-0.01965,0.00150935,0.021));
#7536=CARTESIAN_POINT('',(-0.01335,0.00150935,0.021));
#7537=CARTESIAN_POINT('',(-0.01335,0.00100935,0.021));
#7538=CARTESIAN_POINT('',(-0.01285,0.00100935,0.021));
#7539=CARTESIAN_POINT('',(-0.01285,-0.00549065,0.021));
#7540=CARTESIAN_POINT('',(-0.01285,-0.01199065,0.021));
#7541=CARTESIAN_POINT('',(-0.01335,-0.01199065,0.021));
#7542=CARTESIAN_POINT('',(-0.01335,-0.01249065,0.021));
#7543=CARTESIAN_POINT('',(-0.01965,-0.01249065,0.021));
#7544=CARTESIAN_POINT('',(-0.02615,-0.01249065,0.021));
#7545=CARTESIAN_POINT('',(-0.02615,-0.01199065,0.021));
#7546=CARTESIAN_POINT('',(-0.02665,-0.01199065,0.021));
#7547=CARTESIAN_POINT('',(-0.02665,-0.00549065,0.021));
#7548=CARTESIAN_POINT('',(-0.0071,0.00100935,0.021));
#7549=CARTESIAN_POINT('',(-0.0071,0.00150935,0.021));
#7550=CARTESIAN_POINT('',(-0.0076,0.00100935,0.021));
#7551=CARTESIAN_POINT('',(-0.0006,0.00150935,0.021));
#7552=CARTESIAN_POINT('',(0.0057,0.00150935,0.021));
#7553=CARTESIAN_POINT('',(0.0057,0.00100935,0.021));
#7554=CARTESIAN_POINT('',(0.0062,0.00100935,0.021));
#7555=CARTESIAN_POINT('',(0.0062,-0.00549065,0.021));
#7556=CARTESIAN_POINT('',(0.0062,-0.01199065,0.021));
#7557=CARTESIAN_POINT('',(0.0057,-0.01199065,0.021));
#7558=CARTESIAN_POINT('',(0.0057,-0.01249065,0.021));
#7559=CARTESIAN_POINT('',(-0.0006,-0.01249065,0.021));
#7560=CARTESIAN_POINT('',(-0.0071,-0.01249065,0.021));
#7561=CARTESIAN_POINT('',(-0.0071,-0.01199065,0.021));
#7562=CARTESIAN_POINT('',(-0.0076,-0.01199065,0.021));
#7563=CARTESIAN_POINT('',(-0.0076,-0.00549065,0.021));
#7564=CARTESIAN_POINT('',(0.01195,0.00100935,0.021));
#7565=CARTESIAN_POINT('',(0.01195,0.00150935,0.021));
#7566=CARTESIAN_POINT('',(0.01145,0.00100935,0.021));
#7567=CARTESIAN_POINT('',(0.01845,0.00150935,0.021));
#7568=CARTESIAN_POINT('',(0.02475,0.00150935,0.021));
#7569=CARTESIAN_POINT('',(0.02475,0.00100935,0.021));
#7570=CARTESIAN_POINT('',(0.02525,0.00100935,0.021));
#7571=CARTESIAN_POINT('',(0.02525,-0.00549065,0.021));
#7572=CARTESIAN_POINT('',(0.02525,-0.01199065,0.021));
#7573=CARTESIAN_POINT('',(0.02475,-0.01199065,0.021));
#7574=CARTESIAN_POINT('',(0.02475,-0.01249065,0.021));
#7575=CARTESIAN_POINT('',(0.01845,-0.01249065,0.021));
#7576=CARTESIAN_POINT('',(0.01195,-0.01249065,0.021));
#7577=CARTESIAN_POINT('',(0.01195,-0.01199065,0.021));
#7578=CARTESIAN_POINT('',(0.01145,-0.01199065,0.021));
#7579=CARTESIAN_POINT('',(0.01145,-0.00549065,0.021));
#7580=CARTESIAN_POINT('',(-0.02615,0.02005935,0.021));
#7581=CARTESIAN_POINT('',(-0.02615,0.02055935,0.021));
#7582=CARTESIAN_POINT('',(-0.02665,0.02005935,0.021));
#7583=CARTESIAN_POINT('',(-0.01965,0.02055935,0.021));
#7584=CARTESIAN_POINT('',(-0.01335,0.02055935,0.021));
#7585=CARTESIAN_POINT('',(-0.01335,0.02005935,0.021));
#7586=CARTESIAN_POINT('',(-0.01285,0.02005935,0.021));
#7587=CARTESIAN_POINT('',(-0.01285,0.01355935,0.021));
#7588=CARTESIAN_POINT('',(-0.01285,0.00705935,0.021));
#7589=CARTESIAN_POINT('',(-0.01335,0.00705935,0.021));
#7590=CARTESIAN_POINT('',(-0.01335,0.00655935,0.021));
#7591=CARTESIAN_POINT('',(-0.01965,0.00655935,0.021));
#7592=CARTESIAN_POINT('',(-0.02615,0.00655935,0.021));
#7593=CARTESIAN_POINT('',(-0.02615,0.00705935,0.021));
#7594=CARTESIAN_POINT('',(-0.02665,0.00705935,0.021));
#7595=CARTESIAN_POINT('',(-0.02665,0.01355935,0.021));
#7596=CARTESIAN_POINT('',(-0.0071,0.02005935,0.021));
#7597=CARTESIAN_POINT('',(-0.0071,0.02055935,0.021));
#7598=CARTESIAN_POINT('',(-0.0076,0.02005935,0.021));
#7599=CARTESIAN_POINT('',(-0.0006,0.02055935,0.021));
#7600=CARTESIAN_POINT('',(0.0057,0.02055935,0.021));
#7601=CARTESIAN_POINT('',(0.0057,0.02005935,0.021));
#7602=CARTESIAN_POINT('',(0.0062,0.02005935,0.021));
#7603=CARTESIAN_POINT('',(0.0062,0.01355935,0.021));
#7604=CARTESIAN_POINT('',(0.0062,0.00705935,0.021));
#7605=CARTESIAN_POINT('',(0.0057,0.00705935,0.021));
#7606=CARTESIAN_POINT('',(0.0057,0.00655935,0.021));
#7607=CARTESIAN_POINT('',(-0.0006,0.00655935,0.021));
#7608=CARTESIAN_POINT('',(-0.0071,0.00655935,0.021));
#7609=CARTESIAN_POINT('',(-0.0071,0.00705935,0.021));
#7610=CARTESIAN_POINT('',(-0.0076,0.00705935,0.021));
#7611=CARTESIAN_POINT('',(-0.0076,0.01355935,0.021));
#7612=CARTESIAN_POINT('',(0.01195,0.02005935,0.021));
#7613=CARTESIAN_POINT('',(0.01195,0.02055935,0.021));
#7614=CARTESIAN_POINT('',(0.01145,0.02005935,0.021));
#7615=CARTESIAN_POINT('',(0.01845,0.02055935,0.021));
#7616=CARTESIAN_POINT('',(0.02475,0.02055935,0.021));
#7617=CARTESIAN_POINT('',(0.02475,0.02005935,0.021));
#7618=CARTESIAN_POINT('',(0.02525,0.02005935,0.021));
#7619=CARTESIAN_POINT('',(0.02525,0.01355935,0.021));
#7620=CARTESIAN_POINT('',(0.02525,0.00705935,0.021));
#7621=CARTESIAN_POINT('',(0.02475,0.00705935,0.021));
#7622=CARTESIAN_POINT('',(0.02475,0.00655935,0.021));
#7623=CARTESIAN_POINT('',(0.01845,0.00655935,0.021));
#7624=CARTESIAN_POINT('',(0.01195,0.00655935,0.021));
#7625=CARTESIAN_POINT('',(0.01195,0.00705935,0.021));
#7626=CARTESIAN_POINT('',(0.01145,0.00705935,0.021));
#7627=CARTESIAN_POINT('',(0.01145,0.01355935,0.021));
#7628=CARTESIAN_POINT('',(-0.02615,0.03910935,0.021));
#7629=CARTESIAN_POINT('',(-0.02615,0.03960935,0.021));
#7630=CARTESIAN_POINT('',(-0.02665,0.03910935,0.021));
#7631=CARTESIAN_POINT('',(-0.01965,0.03960935,0.021));
#7632=CARTESIAN_POINT('',(-0.01335,0.03960935,0.021));
#7633=CARTESIAN_POINT('',(-0.01335,0.03910935,0.021));
#7634=CARTESIAN_POINT('',(-0.01285,0.03910935,0.021));
#7635=CARTESIAN_POINT('',(-0.01285,0.03260935,0.021));
#7636=CARTESIAN_POINT('',(-0.01285,0.02610935,0.021));
#7637=CARTESIAN_POINT('',(-0.01335,0.02610935,0.021));
#7638=CARTESIAN_POINT('',(-0.01335,0.02560935,0.021));
#7639=CARTESIAN_POINT('',(-0.01965,0.02560935,0.021));
#7640=CARTESIAN_POINT('',(-0.02615,0.02560935,0.021));
#7641=CARTESIAN_POINT('',(-0.02615,0.02610935,0.021));
#7642=CARTESIAN_POINT('',(-0.02665,0.02610935,0.021));
#7643=CARTESIAN_POINT('',(-0.02665,0.03260935,0.021));
#7644=CARTESIAN_POINT('',(-0.0071,0.03910935,0.021));
#7645=CARTESIAN_POINT('',(-0.0071,0.03960935,0.021));
#7646=CARTESIAN_POINT('',(-0.0076,0.03910935,0.021));
#7647=CARTESIAN_POINT('',(-0.0006,0.03960935,0.021));
#7648=CARTESIAN_POINT('',(0.0057,0.03960935,0.021));
#7649=CARTESIAN_POINT('',(0.0057,0.03910935,0.021));
#7650=CARTESIAN_POINT('',(0.0062,0.03910935,0.021));
#7651=CARTESIAN_POINT('',(0.0062,0.03260935,0.021));
#7652=CARTESIAN_POINT('',(0.0062,0.02610935,0.021));
#7653=CARTESIAN_POINT('',(0.0057,0.02610935,0.021));
#7654=CARTESIAN_POINT('',(0.0057,0.02560935,0.021));
#7655=CARTESIAN_POINT('',(-0.0006,0.02560935,0.021));
#7656=CARTESIAN_POINT('',(-0.0071,0.02560935,0.021));
#7657=CARTESIAN_POINT('',(-0.0071,0.02610935,0.021));
#7658=CARTESIAN_POINT('',(-0.0076,0.02610935,0.021));
#7659=CARTESIAN_POINT('',(-0.0076,0.03260935,0.021));
#7660=CARTESIAN_POINT('',(0.01195,0.03910935,0.021));
#7661=CARTESIAN_POINT('',(0.01195,0.03960935,0.021));
#7662=CARTESIAN_POINT('',(0.01145,0.03910935,0.021));
#7663=CARTESIAN_POINT('',(0.01845,0.03960935,0.021));
#7664=CARTESIAN_POINT('',(0.02475,0.03960935,0.021));
#7665=CARTESIAN_POINT('',(0.02475,0.03910935,0.021));
#7666=CARTESIAN_POINT('',(0.02525,0.03910935,0.021));
#7667=CARTESIAN_POINT('',(0.02525,0.03260935,0.021));
#7668=CARTESIAN_POINT('',(0.02525,0.02610935,0.021));
#7669=CARTESIAN_POINT('',(0.02475,0.02610935,0.021));
#7670=CARTESIAN_POINT('',(0.02475,0.02560935,0.021));
#7671=CARTESIAN_POINT('',(0.01845,0.02560935,0.021));
#7672=CARTESIAN_POINT('',(0.01195,0.02560935,0.021));
#7673=CARTESIAN_POINT('',(0.01195,0.02610935,0.021));
#7674=CARTESIAN_POINT('',(0.01145,0.02610935,0.021));
#7675=CARTESIAN_POINT('',(0.01145,0.03260935,0.021));
#7676=CARTESIAN_POINT('',(-0.0407,0.04177435,0.021));
#7677=CARTESIAN_POINT('',(-0.0410377932140595,0.0431844548828608,0.021));
#7678=CARTESIAN_POINT('',(-0.0408,0.040327802385851,0.021));
#7679=CARTESIAN_POINT('',(-0.0345973467828161,0.0524577381641052,0.021));
#7680=CARTESIAN_POINT('',(-0.0395539739841522,0.0423135289728923,0.021));
#7681=CARTESIAN_POINT('',(-0.0409,0.04177435,0.021));
#7682=CARTESIAN_POINT('',(0.00760315807635652,0.0876445194278298,0.021));
#7683=CARTESIAN_POINT('',(0.00817338233354881,0.0888981484450099,0.021));
#7684=CARTESIAN_POINT('',(0.00993766120159077,0.0921633572740008,0.021));
#7685=CARTESIAN_POINT('',(0.0140728053564529,0.0978598300975616,0.021));
#7686=CARTESIAN_POINT('',(0.0208268830635692,0.101325032450044,0.021));
#7687=CARTESIAN_POINT('',(0.0240138888914662,0.101735065231805,0.021));
#7688=CARTESIAN_POINT('',(0.0252720727086067,0.101634353399277,0.021));
#7689=CARTESIAN_POINT('',(0.00760315807635652,0.0876445194278298,0.021));
#7690=CARTESIAN_POINT('',(0.0252720727086067,0.101634353399277,0.021));
#7691=CARTESIAN_POINT('',(0.0246174788628746,0.0934481278705677,0.0210000000000084));
#7692=CARTESIAN_POINT('',(0.0254721828014734,0.101615885377197,0.021));
#7693=CARTESIAN_POINT('',(0.0254721828014734,0.101615885377197,0.021));
#7694=CARTESIAN_POINT('',(0.0265869388862202,0.101499144751203,0.021));
#7695=CARTESIAN_POINT('',(0.0292012890587348,0.100635846406924,0.021));
#7696=CARTESIAN_POINT('',(0.0355746845015404,0.0958848351915684,0.021));
#7697=CARTESIAN_POINT('',(0.036799296915212,0.0903698355228005,0.021));
#7698=CARTESIAN_POINT('',(0.036570008523819,0.0876445194474171,0.021));
#7699=CARTESIAN_POINT('',(0.036570008523819,0.0876445194474171,0.021));
#7700=CARTESIAN_POINT('',(0.0281041360979039,-0.0046334820243132,0.021));
#7701=CARTESIAN_POINT('',(0.0365516594111797,0.087444519438594,0.021));
#7702=CARTESIAN_POINT('',(0.0365516594111797,0.087444519438594,0.021));
#7703=CARTESIAN_POINT('',(0.0362732049336723,0.0846421704230432,0.021));
#7704=CARTESIAN_POINT('',(0.0339536437736056,0.0792076107803263,0.021));
#7705=CARTESIAN_POINT('',(0.0282971302231419,0.0768631265056516,0.021));
#7706=CARTESIAN_POINT('',(0.0256165966109392,0.0766323120590644,0.021));
#7707=CARTESIAN_POINT('',(0.0256165966109429,0.0766323120590658,0.021));
#7708=CARTESIAN_POINT('',(0.0246069021610849,0.0883555582849422,0.021000000000001));
#7709=CARTESIAN_POINT('',(0.0254166828900576,0.0766168087720871,0.021));
#7710=CARTESIAN_POINT('',(0.0254166828900576,0.0766168087720871,0.021));
#7711=CARTESIAN_POINT('',(0.0227640582345073,0.076433874835182,0.021));
#7712=CARTESIAN_POINT('',(0.0177569941919168,0.0779028554218179,0.021));
#7713=CARTESIAN_POINT('',(0.0109239249757825,0.0815668852948681,0.021));
#7714=CARTESIAN_POINT('',(0.0062756550780284,0.0808667850924771,0.021));
#7715=CARTESIAN_POINT('',(0.00437926989100115,0.0779180063049179,0.021));
#7716=CARTESIAN_POINT('',(0.00590885247545034,0.0834922310128002,0.021));
#7717=CARTESIAN_POINT('',(0.0070988116991784,0.0865171068084834,0.021));
#7718=CARTESIAN_POINT('',(0.0075130128950291,0.0874445194312232,0.021));
#7719=CARTESIAN_POINT('',(0.0075130128950291,0.0874445194312232,0.021));
#7720=CARTESIAN_POINT('',(-0.0273647230259676,0.0100635540746095,0.021));
#7721=CARTESIAN_POINT('',(0.0395,-1.56142466891289E-19,0.021));
#7722=CARTESIAN_POINT('',(0.0394,0.00144654761414894,0.021));
#7723=CARTESIAN_POINT('',(0.0394,-0.00144654761414894,0.021));
#7724=CARTESIAN_POINT('',(0.0393,8.87868929381831E-20,0.021));
#7725=CARTESIAN_POINT('',(0.0395,-0.05408065,0.021));
#7726=CARTESIAN_POINT('',(0.0394,-0.052634102385851,0.021));
#7727=CARTESIAN_POINT('',(0.0394,-0.0555271976141489,0.021));
#7728=CARTESIAN_POINT('',(0.0393,-0.05408065,0.021));
#7729=CARTESIAN_POINT('',(-0.0407,8.87868929381831E-20,0.021));
#7730=CARTESIAN_POINT('',(-0.0408,0.00144654761414894,0.021));
#7731=CARTESIAN_POINT('',(-0.0408,-0.00144654761414894,0.021));
#7732=CARTESIAN_POINT('',(-0.0409,-1.56142466891289E-19,0.021));
#7733=CARTESIAN_POINT('',(-0.0407,-0.05408065,0.021));
#7734=CARTESIAN_POINT('',(-0.0408,-0.052634102385851,0.021));
#7735=CARTESIAN_POINT('',(-0.0408,-0.0555271976141489,0.021));
#7736=CARTESIAN_POINT('',(-0.0409,-0.05408065,0.021));
#7737=CARTESIAN_POINT('',(-0.00900315807635652,0.0876445194278298,0.021));
#7738=CARTESIAN_POINT('',(-0.00957338233354881,0.0888981484450099,0.021));
#7739=CARTESIAN_POINT('',(-0.0113376612015908,0.0921633572740008,0.021));
#7740=CARTESIAN_POINT('',(-0.0154728053564529,0.0978598300975616,0.021));
#7741=CARTESIAN_POINT('',(-0.0222268830635692,0.101325032450044,0.021));
#7742=CARTESIAN_POINT('',(-0.0254138888914661,0.101735065231805,0.021));
#7743=CARTESIAN_POINT('',(-0.0266720727086068,0.101634353399277,0.021));
#7744=CARTESIAN_POINT('',(-0.00900315807635652,0.0876445194278298,0.021));
#7745=CARTESIAN_POINT('',(-0.0266720727086067,0.101634353399277,0.021));
#7746=CARTESIAN_POINT('',(-0.00895802116155942,0.0875446653379284,0.021));
#7747=CARTESIAN_POINT('',(-0.0089130128950291,0.0874445194312232,0.021));
#7748=CARTESIAN_POINT('',(-0.0268166828900576,0.0766168087720871,0.021));
#7749=CARTESIAN_POINT('',(-0.0241640582345073,0.076433874835182,0.021));
#7750=CARTESIAN_POINT('',(-0.0191569941919167,0.0779028554218179,0.021));
#7751=CARTESIAN_POINT('',(-0.0123239249757825,0.0815668852948681,0.021));
#7752=CARTESIAN_POINT('',(-0.0076756550780284,0.0808667850924771,0.021));
#7753=CARTESIAN_POINT('',(-0.00577926989100115,0.0779180063049179,0.021));
#7754=CARTESIAN_POINT('',(-0.00730885247545034,0.0834922310128002,0.021));
#7755=CARTESIAN_POINT('',(-0.00849881169917841,0.0865171068084834,0.021));
#7756=CARTESIAN_POINT('',(-0.0089130128950291,0.0874445194312232,0.021));
#7757=CARTESIAN_POINT('',(-0.0268166828900576,0.0766168087720871,0.021));
#7758=CARTESIAN_POINT('',(-0.0260069021610843,0.0883555582849492,0.021000000000001));
#7759=CARTESIAN_POINT('',(-0.0270165966109429,0.0766323120590658,0.021));
#7760=CARTESIAN_POINT('',(-0.0379516594111797,0.087444519438594,0.021));
#7761=CARTESIAN_POINT('',(-0.0376732049336723,0.0846421704230432,0.021));
#7762=CARTESIAN_POINT('',(-0.0353536437736056,0.0792076107803263,0.021));
#7763=CARTESIAN_POINT('',(-0.029697130223142,0.0768631265056516,0.021));
#7764=CARTESIAN_POINT('',(-0.0270165966109392,0.0766323120590644,0.021));
#7765=CARTESIAN_POINT('',(-0.0379516594111797,0.087444519438594,0.021));
#7766=CARTESIAN_POINT('',(-0.037961073186984,0.0875445054976166,0.021));
#7767=CARTESIAN_POINT('',(-0.037970008523819,0.0876445194474171,0.021));
#7768=CARTESIAN_POINT('',(-0.0268721828014734,0.101615885377197,0.021));
#7769=CARTESIAN_POINT('',(-0.0279869388862202,0.101499144751203,0.021));
#7770=CARTESIAN_POINT('',(-0.0306012890587349,0.100635846406924,0.021));
#7771=CARTESIAN_POINT('',(-0.0369746845015404,0.0958848351915684,0.021));
#7772=CARTESIAN_POINT('',(-0.038199296915212,0.0903698355228005,0.021));
#7773=CARTESIAN_POINT('',(-0.037970008523819,0.0876445194474171,0.021));
#7774=CARTESIAN_POINT('',(-0.0268721828014734,0.101615885377197,0.021));
#7775=CARTESIAN_POINT('',(-0.0260174788628754,0.0934481278705765,0.0210000000000084));
#7776=CARTESIAN_POINT('',(-0.0006,-0.002,0.018));
#7777=CARTESIAN_POINT('',(-0.0008,0.12040535,0.018));
#7778=CARTESIAN_POINT('',(-0.000551582126603851,0.120802743616968,0.018));
#7779=CARTESIAN_POINT('',(0.00106571549064544,0.121346897190507,0.018));
#7780=CARTESIAN_POINT('',(0.00355221299328572,0.119314223525015,0.018));
#7781=CARTESIAN_POINT('',(0.00422653534771223,0.120104990637355,0.018));
#7782=CARTESIAN_POINT('',(0.0129843116186663,0.135436134826209,0.018));
#7783=CARTESIAN_POINT('',(0.0165419024780807,0.139899321431876,0.018));
#7784=CARTESIAN_POINT('',(0.0174236248678088,0.14216906818948,0.018));
#7785=CARTESIAN_POINT('',(0.0183132536458997,0.1389827697311,0.018));
#7786=CARTESIAN_POINT('',(0.0196944689443864,0.1379356827994,0.018));
#7787=CARTESIAN_POINT('',(0.0346911327045587,0.11549160834067,0.018));
#7788=CARTESIAN_POINT('',(0.037366576424643,0.109028810621624,0.018));
#7789=CARTESIAN_POINT('',(0.0413021281273982,0.106659081826551,0.018));
#7790=CARTESIAN_POINT('',(0.049304593576327,0.0943889150017138,0.018));
#7791=CARTESIAN_POINT('',(0.0481397635451786,0.0891882984920764,0.018));
#7792=CARTESIAN_POINT('',(0.0497753658442818,0.0894683757053113,0.018));
#7793=CARTESIAN_POINT('',(0.0564557612184319,0.0965821200629437,0.018));
#7794=CARTESIAN_POINT('',(0.059835247888862,0.101447730998479,0.018));
#7795=CARTESIAN_POINT('',(0.0583308797229342,0.103039892373312,0.018));
#7796=CARTESIAN_POINT('',(0.0943429355932072,0.116526577242987,0.018));
#7797=CARTESIAN_POINT('',(0.0894043504850602,0.113310549724725,0.018));
#7798=CARTESIAN_POINT('',(0.083301298091668,0.109722543934483,0.018));
#7799=CARTESIAN_POINT('',(0.078153864614451,0.10229251292916,0.018));
#7800=CARTESIAN_POINT('',(0.0747336985857874,0.0932863848812557,0.018));
#7801=CARTESIAN_POINT('',(0.073828118706511,0.0823533481560459,0.018));
#7802=CARTESIAN_POINT('',(0.0778585141000959,0.07551700694619,0.018));
#7803=CARTESIAN_POINT('',(0.0795643103931054,0.0736629145506733,0.018));
#7804=CARTESIAN_POINT('',(0.0744938312397568,0.0775114604357129,0.018));
#7805=CARTESIAN_POINT('',(0.0662199251593049,0.0760653714302484,0.018));
#7806=CARTESIAN_POINT('',(0.0609970547878772,0.0701144921041193,0.018));
#7807=CARTESIAN_POINT('',(0.0596239336062449,0.0645816404218244,0.018));
#7808=CARTESIAN_POINT('',(0.0591960522600049,0.0611557328599446,0.018));
#7809=CARTESIAN_POINT('',(0.0589950768741668,0.0662648786311455,0.018));
#7810=CARTESIAN_POINT('',(0.0535713361193636,0.0718734228048673,0.018));
#7811=CARTESIAN_POINT('',(0.0442092184215188,0.0727074305490165,0.018));
#7812=CARTESIAN_POINT('',(0.0434957679556121,0.0670845968334058,0.018));
#7813=CARTESIAN_POINT('',(0.0404890479448181,0.0634561032544713,0.018));
#7814=CARTESIAN_POINT('',(0.0410271048222576,0.053294530261899,0.018));
#7815=CARTESIAN_POINT('',(0.0420356298967608,0.0454090194428263,0.018));
#7816=CARTESIAN_POINT('',(0.0413,0.04467435,0.018));
#7817=CARTESIAN_POINT('',(-0.00070000000000001,0.120532061235827,0.018));
#7818=CARTESIAN_POINT('',(0.0413,0.04467435,0.018));
#7819=CARTESIAN_POINT('',(0.0395,0.04467435,0.018));
#7820=CARTESIAN_POINT('',(0.0415,0.04467435,0.018));
#7821=CARTESIAN_POINT('',(0.0415,-0.00590315,0.018));
#7822=CARTESIAN_POINT('',(0.0415,-0.05558065,0.018));
#7823=CARTESIAN_POINT('',(0.0406,-0.05558065,0.018));
#7824=CARTESIAN_POINT('',(0.0406,-0.05648065,0.018));
#7825=CARTESIAN_POINT('',(0.0249,-0.05648065,0.018));
#7826=CARTESIAN_POINT('',(-0.042,-0.05648065,0.018));
#7827=CARTESIAN_POINT('',(-0.042,-0.05558065,0.018));
#7828=CARTESIAN_POINT('',(-0.0429,-0.05558065,0.018));
#7829=CARTESIAN_POINT('',(-0.0429,-0.00590315,0.018));
#7830=CARTESIAN_POINT('',(-0.0429,0.04467435,0.018));
#7831=CARTESIAN_POINT('',(-0.0409,0.04467435,0.018));
#7832=CARTESIAN_POINT('',(-0.0427,0.04467435,0.018));
#7833=CARTESIAN_POINT('',(-0.000600000000000007,0.12040535,0.018));
#7834=CARTESIAN_POINT('',(-0.000848417873396149,0.120802743616968,0.018));
#7835=CARTESIAN_POINT('',(-0.00246571549064544,0.121346897190507,0.018));
#7836=CARTESIAN_POINT('',(-0.00495221299328573,0.119314223525015,0.018));
#7837=CARTESIAN_POINT('',(-0.00562653534771223,0.120104990637355,0.018));
#7838=CARTESIAN_POINT('',(-0.0143843116186663,0.135436134826209,0.018));
#7839=CARTESIAN_POINT('',(-0.0179419024780807,0.139899321431876,0.018));
#7840=CARTESIAN_POINT('',(-0.0188236248678088,0.14216906818948,0.018));
#7841=CARTESIAN_POINT('',(-0.0197132536458997,0.1389827697311,0.018));
#7842=CARTESIAN_POINT('',(-0.0210944689443863,0.1379356827994,0.018));
#7843=CARTESIAN_POINT('',(-0.0360911327045587,0.11549160834067,0.018));
#7844=CARTESIAN_POINT('',(-0.038766576424643,0.109028810621624,0.018));
#7845=CARTESIAN_POINT('',(-0.0427021281273982,0.106659081826551,0.018));
#7846=CARTESIAN_POINT('',(-0.050704593576327,0.0943889150017138,0.018));
#7847=CARTESIAN_POINT('',(-0.0495397635451786,0.0891882984920764,0.018));
#7848=CARTESIAN_POINT('',(-0.0511753658442818,0.0894683757053113,0.018));
#7849=CARTESIAN_POINT('',(-0.0578557612184319,0.0965821200629437,0.018));
#7850=CARTESIAN_POINT('',(-0.061235247888862,0.101447730998479,0.018));
#7851=CARTESIAN_POINT('',(-0.0597308797229342,0.103039892373312,0.018));
#7852=CARTESIAN_POINT('',(-0.0957429355932072,0.116526577242987,0.018));
#7853=CARTESIAN_POINT('',(-0.0908043504850602,0.113310549724725,0.018));
#7854=CARTESIAN_POINT('',(-0.084701298091668,0.109722543934483,0.018));
#7855=CARTESIAN_POINT('',(-0.079553864614451,0.10229251292916,0.018));
#7856=CARTESIAN_POINT('',(-0.0761336985857874,0.0932863848812557,0.018));
#7857=CARTESIAN_POINT('',(-0.075228118706511,0.0823533481560459,0.018));
#7858=CARTESIAN_POINT('',(-0.0792585141000959,0.07551700694619,0.018));
#7859=CARTESIAN_POINT('',(-0.0809643103931054,0.0736629145506733,0.018));
#7860=CARTESIAN_POINT('',(-0.0758938312397568,0.0775114604357129,0.018));
#7861=CARTESIAN_POINT('',(-0.0676199251593048,0.0760653714302484,0.018));
#7862=CARTESIAN_POINT('',(-0.0623970547878772,0.0701144921041193,0.018));
#7863=CARTESIAN_POINT('',(-0.0610239336062449,0.0645816404218244,0.018));
#7864=CARTESIAN_POINT('',(-0.0605960522600049,0.0611557328599446,0.018));
#7865=CARTESIAN_POINT('',(-0.0603950768741668,0.0662648786311455,0.018));
#7866=CARTESIAN_POINT('',(-0.0549713361193636,0.0718734228048673,0.018));
#7867=CARTESIAN_POINT('',(-0.0456092184215189,0.0727074305490165,0.018));
#7868=CARTESIAN_POINT('',(-0.0448957679556121,0.0670845968334058,0.018));
#7869=CARTESIAN_POINT('',(-0.041889047944818,0.0634561032544713,0.018));
#7870=CARTESIAN_POINT('',(-0.0424271048222576,0.053294530261899,0.018));
#7871=CARTESIAN_POINT('',(-0.0434356298967608,0.0454090194428263,0.018));
#7872=CARTESIAN_POINT('',(-0.0427,0.04467435,0.018));
#7873=CARTESIAN_POINT('',(-0.000606376254709531,0.0688947659349094,0.018));
#7874=CARTESIAN_POINT('',(-0.000603932823736612,0.0694461574690422,0.018));
#7875=CARTESIAN_POINT('',(-0.000589855515737626,0.0728539254738332,0.018));
#7876=CARTESIAN_POINT('',(-0.000602603547614393,0.0777004850234914,0.018));
#7877=CARTESIAN_POINT('',(-0.000599224082344275,0.08077268580041,0.018));
#7878=CARTESIAN_POINT('',(-0.000600241839446637,0.0863315360003705,0.018));
#7879=CARTESIAN_POINT('',(-0.000599840910616182,0.0908684261119622,0.018));
#7880=CARTESIAN_POINT('',(-0.000600383110607662,0.0971841966053041,0.018));
#7881=CARTESIAN_POINT('',(-0.00059897572211691,0.101450845039538,0.018));
#7882=CARTESIAN_POINT('',(-0.000603985669652669,0.104462747345563,0.018));
#7883=CARTESIAN_POINT('',(-0.000578692661473951,0.111834190875632,0.018));
#7884=CARTESIAN_POINT('',(-0.000654271097012507,0.115528659832693,0.018));
#7885=CARTESIAN_POINT('',(-0.000444521718248808,0.118857416776134,0.018));
#7886=CARTESIAN_POINT('',(-0.000821549083510611,0.120050938336988,0.018));
#7887=CARTESIAN_POINT('',(-0.0006,0.12040535,0.018));
#7888=CARTESIAN_POINT('',(-0.0007,0.119681544755348,0.018));
#7889=CARTESIAN_POINT('',(-0.000700000000002324,0.120136726713862,0.018));
#7890=CARTESIAN_POINT('',(-0.000793623745290469,0.0688947659349094,0.018));
#7891=CARTESIAN_POINT('',(-0.000796067176263388,0.0694461574690422,0.018));
#7892=CARTESIAN_POINT('',(-0.000810144484262374,0.0728539254738332,0.018));
#7893=CARTESIAN_POINT('',(-0.000797396452385607,0.0777004850234914,0.018));
#7894=CARTESIAN_POINT('',(-0.000800775917655725,0.08077268580041,0.018));
#7895=CARTESIAN_POINT('',(-0.000799758160553363,0.0863315360003705,0.018));
#7896=CARTESIAN_POINT('',(-0.000800159089383818,0.0908684261119622,0.018));
#7897=CARTESIAN_POINT('',(-0.000799616889392338,0.0971841966053041,0.018));
#7898=CARTESIAN_POINT('',(-0.00080102427788309,0.101450845039538,0.018));
#7899=CARTESIAN_POINT('',(-0.000796014330347331,0.104462747345563,0.018));
#7900=CARTESIAN_POINT('',(-0.000821307338526049,0.111834190875632,0.018));
#7901=CARTESIAN_POINT('',(-0.000745728902987493,0.115528659832693,0.018));
#7902=CARTESIAN_POINT('',(-0.000955478281751192,0.118857416776134,0.018));
#7903=CARTESIAN_POINT('',(-0.000578450916489389,0.120050938336988,0.018));
#7904=CARTESIAN_POINT('',(-0.0008,0.12040535,0.018));
#7905=CARTESIAN_POINT('',(0.0393,0.04177435,0.018));
#7906=CARTESIAN_POINT('',(0.0396377932140595,0.0431844548828608,0.018));
#7907=CARTESIAN_POINT('',(0.0394,0.040327802385851,0.018));
#7908=CARTESIAN_POINT('',(0.0331973467828161,0.0524577381641051,0.018));
#7909=CARTESIAN_POINT('',(0.0381539739841522,0.0423135289728923,0.018));
#7910=CARTESIAN_POINT('',(0.0395,0.04177435,0.018));
#7911=CARTESIAN_POINT('',(-0.01965,-0.01754065,0.018));
#7912=CARTESIAN_POINT('',(-0.02615,-0.01754065,0.018));
#7913=CARTESIAN_POINT('',(-0.01335,-0.01754065,0.018));
#7914=CARTESIAN_POINT('',(-0.02615,-0.01804065,0.018));
#7915=CARTESIAN_POINT('',(-0.02665,-0.01804065,0.018));
#7916=CARTESIAN_POINT('',(-0.02665,-0.02454065,0.018));
#7917=CARTESIAN_POINT('',(-0.02665,-0.03104065,0.018));
#7918=CARTESIAN_POINT('',(-0.02615,-0.03104065,0.018));
#7919=CARTESIAN_POINT('',(-0.02615,-0.03154065,0.018));
#7920=CARTESIAN_POINT('',(-0.01965,-0.03154065,0.018));
#7921=CARTESIAN_POINT('',(-0.01335,-0.03154065,0.018));
#7922=CARTESIAN_POINT('',(-0.01335,-0.03104065,0.018));
#7923=CARTESIAN_POINT('',(-0.01285,-0.03104065,0.018));
#7924=CARTESIAN_POINT('',(-0.01285,-0.02454065,0.018));
#7925=CARTESIAN_POINT('',(-0.01285,-0.01804065,0.018));
#7926=CARTESIAN_POINT('',(-0.01335,-0.01804065,0.018));
#7927=CARTESIAN_POINT('',(-0.0006,-0.01754065,0.018));
#7928=CARTESIAN_POINT('',(-0.0071,-0.01754065,0.018));
#7929=CARTESIAN_POINT('',(0.0057,-0.01754065,0.018));
#7930=CARTESIAN_POINT('',(-0.0071,-0.01804065,0.018));
#7931=CARTESIAN_POINT('',(-0.0076,-0.01804065,0.018));
#7932=CARTESIAN_POINT('',(-0.0076,-0.02454065,0.018));
#7933=CARTESIAN_POINT('',(-0.0076,-0.03104065,0.018));
#7934=CARTESIAN_POINT('',(-0.0071,-0.03104065,0.018));
#7935=CARTESIAN_POINT('',(-0.0071,-0.03154065,0.018));
#7936=CARTESIAN_POINT('',(-0.0006,-0.03154065,0.018));
#7937=CARTESIAN_POINT('',(0.0057,-0.03154065,0.018));
#7938=CARTESIAN_POINT('',(0.0057,-0.03104065,0.018));
#7939=CARTESIAN_POINT('',(0.0062,-0.03104065,0.018));
#7940=CARTESIAN_POINT('',(0.0062,-0.02454065,0.018));
#7941=CARTESIAN_POINT('',(0.0062,-0.01804065,0.018));
#7942=CARTESIAN_POINT('',(0.0057,-0.01804065,0.018));
#7943=CARTESIAN_POINT('',(0.01845,-0.01754065,0.018));
#7944=CARTESIAN_POINT('',(0.01195,-0.01754065,0.018));
#7945=CARTESIAN_POINT('',(0.02475,-0.01754065,0.018));
#7946=CARTESIAN_POINT('',(0.01195,-0.01804065,0.018));
#7947=CARTESIAN_POINT('',(0.01145,-0.01804065,0.018));
#7948=CARTESIAN_POINT('',(0.01145,-0.02454065,0.018));
#7949=CARTESIAN_POINT('',(0.01145,-0.03104065,0.018));
#7950=CARTESIAN_POINT('',(0.01195,-0.03104065,0.018));
#7951=CARTESIAN_POINT('',(0.01195,-0.03154065,0.018));
#7952=CARTESIAN_POINT('',(0.01845,-0.03154065,0.018));
#7953=CARTESIAN_POINT('',(0.02475,-0.03154065,0.018));
#7954=CARTESIAN_POINT('',(0.02475,-0.03104065,0.018));
#7955=CARTESIAN_POINT('',(0.02525,-0.03104065,0.018));
#7956=CARTESIAN_POINT('',(0.02525,-0.02454065,0.018));
#7957=CARTESIAN_POINT('',(0.02525,-0.01804065,0.018));
#7958=CARTESIAN_POINT('',(0.02475,-0.01804065,0.018));
#7959=CARTESIAN_POINT('',(-0.01965,0.00150935,0.018));
#7960=CARTESIAN_POINT('',(-0.02615,0.00150935,0.018));
#7961=CARTESIAN_POINT('',(-0.01335,0.00150935,0.018));
#7962=CARTESIAN_POINT('',(-0.02615,0.00100935,0.018));
#7963=CARTESIAN_POINT('',(-0.02665,0.00100935,0.018));
#7964=CARTESIAN_POINT('',(-0.02665,-0.00549065,0.018));
#7965=CARTESIAN_POINT('',(-0.02665,-0.01199065,0.018));
#7966=CARTESIAN_POINT('',(-0.02615,-0.01199065,0.018));
#7967=CARTESIAN_POINT('',(-0.02615,-0.01249065,0.018));
#7968=CARTESIAN_POINT('',(-0.01965,-0.01249065,0.018));
#7969=CARTESIAN_POINT('',(-0.01335,-0.01249065,0.018));
#7970=CARTESIAN_POINT('',(-0.01335,-0.01199065,0.018));
#7971=CARTESIAN_POINT('',(-0.01285,-0.01199065,0.018));
#7972=CARTESIAN_POINT('',(-0.01285,-0.00549065,0.018));
#7973=CARTESIAN_POINT('',(-0.01285,0.00100935,0.018));
#7974=CARTESIAN_POINT('',(-0.01335,0.00100935,0.018));
#7975=CARTESIAN_POINT('',(-0.0006,0.00150935,0.018));
#7976=CARTESIAN_POINT('',(-0.0071,0.00150935,0.018));
#7977=CARTESIAN_POINT('',(0.0057,0.00150935,0.018));
#7978=CARTESIAN_POINT('',(-0.0071,0.00100935,0.018));
#7979=CARTESIAN_POINT('',(-0.0076,0.00100935,0.018));
#7980=CARTESIAN_POINT('',(-0.0076,-0.00549065,0.018));
#7981=CARTESIAN_POINT('',(-0.0076,-0.01199065,0.018));
#7982=CARTESIAN_POINT('',(-0.0071,-0.01199065,0.018));
#7983=CARTESIAN_POINT('',(-0.0071,-0.01249065,0.018));
#7984=CARTESIAN_POINT('',(-0.0006,-0.01249065,0.018));
#7985=CARTESIAN_POINT('',(0.0057,-0.01249065,0.018));
#7986=CARTESIAN_POINT('',(0.0057,-0.01199065,0.018));
#7987=CARTESIAN_POINT('',(0.0062,-0.01199065,0.018));
#7988=CARTESIAN_POINT('',(0.0062,-0.00549065,0.018));
#7989=CARTESIAN_POINT('',(0.0062,0.00100935,0.018));
#7990=CARTESIAN_POINT('',(0.0057,0.00100935,0.018));
#7991=CARTESIAN_POINT('',(0.01845,0.00150935,0.018));
#7992=CARTESIAN_POINT('',(0.01195,0.00150935,0.018));
#7993=CARTESIAN_POINT('',(0.02475,0.00150935,0.018));
#7994=CARTESIAN_POINT('',(0.01195,0.00100935,0.018));
#7995=CARTESIAN_POINT('',(0.01145,0.00100935,0.018));
#7996=CARTESIAN_POINT('',(0.01145,-0.00549065,0.018));
#7997=CARTESIAN_POINT('',(0.01145,-0.01199065,0.018));
#7998=CARTESIAN_POINT('',(0.01195,-0.01199065,0.018));
#7999=CARTESIAN_POINT('',(0.01195,-0.01249065,0.018));
#8000=CARTESIAN_POINT('',(0.01845,-0.01249065,0.018));
#8001=CARTESIAN_POINT('',(0.02475,-0.01249065,0.018));
#8002=CARTESIAN_POINT('',(0.02475,-0.01199065,0.018));
#8003=CARTESIAN_POINT('',(0.02525,-0.01199065,0.018));
#8004=CARTESIAN_POINT('',(0.02525,-0.00549065,0.018));
#8005=CARTESIAN_POINT('',(0.02525,0.00100935,0.018));
#8006=CARTESIAN_POINT('',(0.02475,0.00100935,0.018));
#8007=CARTESIAN_POINT('',(-0.01965,0.02055935,0.018));
#8008=CARTESIAN_POINT('',(-0.02615,0.02055935,0.018));
#8009=CARTESIAN_POINT('',(-0.01335,0.02055935,0.018));
#8010=CARTESIAN_POINT('',(-0.02615,0.02005935,0.018));
#8011=CARTESIAN_POINT('',(-0.02665,0.02005935,0.018));
#8012=CARTESIAN_POINT('',(-0.02665,0.01355935,0.018));
#8013=CARTESIAN_POINT('',(-0.02665,0.00705935,0.018));
#8014=CARTESIAN_POINT('',(-0.02615,0.00705935,0.018));
#8015=CARTESIAN_POINT('',(-0.02615,0.00655935,0.018));
#8016=CARTESIAN_POINT('',(-0.01965,0.00655935,0.018));
#8017=CARTESIAN_POINT('',(-0.01335,0.00655935,0.018));
#8018=CARTESIAN_POINT('',(-0.01335,0.00705935,0.018));
#8019=CARTESIAN_POINT('',(-0.01285,0.00705935,0.018));
#8020=CARTESIAN_POINT('',(-0.01285,0.01355935,0.018));
#8021=CARTESIAN_POINT('',(-0.01285,0.02005935,0.018));
#8022=CARTESIAN_POINT('',(-0.01335,0.02005935,0.018));
#8023=CARTESIAN_POINT('',(-0.0006,0.02055935,0.018));
#8024=CARTESIAN_POINT('',(-0.0071,0.02055935,0.018));
#8025=CARTESIAN_POINT('',(0.0057,0.02055935,0.018));
#8026=CARTESIAN_POINT('',(-0.0071,0.02005935,0.018));
#8027=CARTESIAN_POINT('',(-0.0076,0.02005935,0.018));
#8028=CARTESIAN_POINT('',(-0.0076,0.01355935,0.018));
#8029=CARTESIAN_POINT('',(-0.0076,0.00705935,0.018));
#8030=CARTESIAN_POINT('',(-0.0071,0.00705935,0.018));
#8031=CARTESIAN_POINT('',(-0.0071,0.00655935,0.018));
#8032=CARTESIAN_POINT('',(-0.0006,0.00655935,0.018));
#8033=CARTESIAN_POINT('',(0.0057,0.00655935,0.018));
#8034=CARTESIAN_POINT('',(0.0057,0.00705935,0.018));
#8035=CARTESIAN_POINT('',(0.0062,0.00705935,0.018));
#8036=CARTESIAN_POINT('',(0.0062,0.01355935,0.018));
#8037=CARTESIAN_POINT('',(0.0062,0.02005935,0.018));
#8038=CARTESIAN_POINT('',(0.0057,0.02005935,0.018));
#8039=CARTESIAN_POINT('',(0.01845,0.02055935,0.018));
#8040=CARTESIAN_POINT('',(0.01195,0.02055935,0.018));
#8041=CARTESIAN_POINT('',(0.02475,0.02055935,0.018));
#8042=CARTESIAN_POINT('',(0.01195,0.02005935,0.018));
#8043=CARTESIAN_POINT('',(0.01145,0.02005935,0.018));
#8044=CARTESIAN_POINT('',(0.01145,0.01355935,0.018));
#8045=CARTESIAN_POINT('',(0.01145,0.00705935,0.018));
#8046=CARTESIAN_POINT('',(0.01195,0.00705935,0.018));
#8047=CARTESIAN_POINT('',(0.01195,0.00655935,0.018));
#8048=CARTESIAN_POINT('',(0.01845,0.00655935,0.018));
#8049=CARTESIAN_POINT('',(0.02475,0.00655935,0.018));
#8050=CARTESIAN_POINT('',(0.02475,0.00705935,0.018));
#8051=CARTESIAN_POINT('',(0.02525,0.00705935,0.018));
#8052=CARTESIAN_POINT('',(0.02525,0.01355935,0.018));
#8053=CARTESIAN_POINT('',(0.02525,0.02005935,0.018));
#8054=CARTESIAN_POINT('',(0.02475,0.02005935,0.018));
#8055=CARTESIAN_POINT('',(-0.01965,0.03960935,0.018));
#8056=CARTESIAN_POINT('',(-0.02615,0.03960935,0.018));
#8057=CARTESIAN_POINT('',(-0.01335,0.03960935,0.018));
#8058=CARTESIAN_POINT('',(-0.02615,0.03910935,0.018));
#8059=CARTESIAN_POINT('',(-0.02665,0.03910935,0.018));
#8060=CARTESIAN_POINT('',(-0.02665,0.03260935,0.018));
#8061=CARTESIAN_POINT('',(-0.02665,0.02610935,0.018));
#8062=CARTESIAN_POINT('',(-0.02615,0.02610935,0.018));
#8063=CARTESIAN_POINT('',(-0.02615,0.02560935,0.018));
#8064=CARTESIAN_POINT('',(-0.01965,0.02560935,0.018));
#8065=CARTESIAN_POINT('',(-0.01335,0.02560935,0.018));
#8066=CARTESIAN_POINT('',(-0.01335,0.02610935,0.018));
#8067=CARTESIAN_POINT('',(-0.01285,0.02610935,0.018));
#8068=CARTESIAN_POINT('',(-0.01285,0.03260935,0.018));
#8069=CARTESIAN_POINT('',(-0.01285,0.03910935,0.018));
#8070=CARTESIAN_POINT('',(-0.01335,0.03910935,0.018));
#8071=CARTESIAN_POINT('',(-0.0006,0.03960935,0.018));
#8072=CARTESIAN_POINT('',(-0.0071,0.03960935,0.018));
#8073=CARTESIAN_POINT('',(0.0057,0.03960935,0.018));
#8074=CARTESIAN_POINT('',(-0.0071,0.03910935,0.018));
#8075=CARTESIAN_POINT('',(-0.0076,0.03910935,0.018));
#8076=CARTESIAN_POINT('',(-0.0076,0.03260935,0.018));
#8077=CARTESIAN_POINT('',(-0.0076,0.02610935,0.018));
#8078=CARTESIAN_POINT('',(-0.0071,0.02610935,0.018));
#8079=CARTESIAN_POINT('',(-0.0071,0.02560935,0.018));
#8080=CARTESIAN_POINT('',(-0.0006,0.02560935,0.018));
#8081=CARTESIAN_POINT('',(0.0057,0.02560935,0.018));
#8082=CARTESIAN_POINT('',(0.0057,0.02610935,0.018));
#8083=CARTESIAN_POINT('',(0.0062,0.02610935,0.018));
#8084=CARTESIAN_POINT('',(0.0062,0.03260935,0.018));
#8085=CARTESIAN_POINT('',(0.0062,0.03910935,0.018));
#8086=CARTESIAN_POINT('',(0.0057,0.03910935,0.018));
#8087=CARTESIAN_POINT('',(0.01845,0.03960935,0.018));
#8088=CARTESIAN_POINT('',(0.01195,0.03960935,0.018));
#8089=CARTESIAN_POINT('',(0.02475,0.03960935,0.018));
#8090=CARTESIAN_POINT('',(0.01195,0.03910935,0.018));
#8091=CARTESIAN_POINT('',(0.01145,0.03910935,0.018));
#8092=CARTESIAN_POINT('',(0.01145,0.03260935,0.018));
#8093=CARTESIAN_POINT('',(0.01145,0.02610935,0.018));
#8094=CARTESIAN_POINT('',(0.01195,0.02610935,0.018));
#8095=CARTESIAN_POINT('',(0.01195,0.02560935,0.018));
#8096=CARTESIAN_POINT('',(0.01845,0.02560935,0.018));
#8097=CARTESIAN_POINT('',(0.02475,0.02560935,0.018));
#8098=CARTESIAN_POINT('',(0.02475,0.02610935,0.018));
#8099=CARTESIAN_POINT('',(0.02525,0.02610935,0.018));
#8100=CARTESIAN_POINT('',(0.02525,0.03260935,0.018));
#8101=CARTESIAN_POINT('',(0.02525,0.03910935,0.018));
#8102=CARTESIAN_POINT('',(0.02475,0.03910935,0.018));
#8103=CARTESIAN_POINT('',(-0.0276425497107249,0.0446726545966913,0.018));
#8104=CARTESIAN_POINT('',(-0.0266482768616507,0.0446731364301129,0.018));
#8105=CARTESIAN_POINT('',(-0.0233712804905949,0.0446765056490204,0.018));
#8106=CARTESIAN_POINT('',(-0.0176909425150253,0.0446678365043487,0.018));
#8107=CARTESIAN_POINT('',(-0.0147427784127522,0.0446924883937208,0.018));
#8108=CARTESIAN_POINT('',(-0.00786872154658792,0.0445933494945471,0.018));
#8109=CARTESIAN_POINT('',(-0.00589734387790855,0.0448456698280517,0.018));
#8110=CARTESIAN_POINT('',(-0.00361329353941503,0.0441594147085509,0.018));
#8111=CARTESIAN_POINT('',(-0.0025091071536339,0.0449730492793092,0.018));
#8112=CARTESIAN_POINT('',(-0.00228331873174111,0.045190596499066,0.018));
#8113=CARTESIAN_POINT('',(-0.0274466479763561,0.0446735532421256,0.018));
#8114=CARTESIAN_POINT('',(-0.0276427110761923,0.0446726879784552,0.018));
#8115=CARTESIAN_POINT('',(-0.0278477276472578,0.0447150969166019,0.018));
#8116=CARTESIAN_POINT('',(-0.0277793349980084,0.0447009494766334,0.018));
#8117=CARTESIAN_POINT('',(-0.0277109423487591,0.0446868020366648,0.018));
#8118=CARTESIAN_POINT('',(-0.0276425496995098,0.0446726545966963,0.018));
#8119=CARTESIAN_POINT('',(-0.0274612676032653,0.0446351552805835,0.018));
#8120=CARTESIAN_POINT('',(-0.0267914809942646,0.0445031150742773,0.018));
#8121=CARTESIAN_POINT('',(-0.0255488959875372,0.0443023203854667,0.018));
#8122=CARTESIAN_POINT('',(-0.0237844905430208,0.0441115558968622,0.018));
#8123=CARTESIAN_POINT('',(-0.0217912461461717,0.0439968188670082,0.018));
#8124=CARTESIAN_POINT('',(-0.018968034823662,0.0439236083895156,0.018));
#8125=CARTESIAN_POINT('',(-0.0160859678811357,0.0439363619805149,0.018));
#8126=CARTESIAN_POINT('',(-0.0135618477873735,0.0439735066578774,0.018));
#8127=CARTESIAN_POINT('',(-0.0119504556944524,0.0439985971977261,0.018));
#8128=CARTESIAN_POINT('',(-0.0107518581048037,0.0440048255831441,0.018));
#8129=CARTESIAN_POINT('',(-0.0093366568933745,0.0439940360747388,0.018));
#8130=CARTESIAN_POINT('',(-0.00715895651843949,0.0439591570740537,0.018));
#8131=CARTESIAN_POINT('',(-0.0034934449619906,0.0439395296573638,0.018));
#8132=CARTESIAN_POINT('',(-0.00080000000000001,0.0439395296573638,0.018));
#8133=CARTESIAN_POINT('',(-0.0178910632768111,0.0439348835240173,0.018));
#8134=CARTESIAN_POINT('',(-0.0278477276472578,0.0447150969166019,0.018));
#8135=CARTESIAN_POINT('',(-0.0277793349980084,0.0447009494766334,0.018));
#8136=CARTESIAN_POINT('',(-0.0277109423487591,0.0446868020366648,0.018));
#8137=CARTESIAN_POINT('',(-0.0276425496995098,0.0446726545966963,0.018));
#8138=CARTESIAN_POINT('',(-0.0274612676032653,0.0446351552805835,0.018));
#8139=CARTESIAN_POINT('',(-0.0267914809942646,0.0445031150742773,0.018));
#8140=CARTESIAN_POINT('',(-0.0255488959875372,0.0443023203854667,0.018));
#8141=CARTESIAN_POINT('',(-0.0237844905430208,0.0441115558968622,0.018));
#8142=CARTESIAN_POINT('',(-0.0217912461461717,0.0439968188670082,0.018));
#8143=CARTESIAN_POINT('',(-0.018968034823662,0.0439236083895156,0.018));
#8144=CARTESIAN_POINT('',(-0.0160859678811357,0.0439363619805149,0.018));
#8145=CARTESIAN_POINT('',(-0.0135618477873735,0.0439735066578774,0.018));
#8146=CARTESIAN_POINT('',(-0.0119504556944524,0.0439985971977261,0.018));
#8147=CARTESIAN_POINT('',(-0.0107518581048037,0.0440048255831441,0.018));
#8148=CARTESIAN_POINT('',(-0.0093366568933745,0.0439940360747388,0.018));
#8149=CARTESIAN_POINT('',(-0.00715895651843949,0.0439591570740537,0.018));
#8150=CARTESIAN_POINT('',(-0.0034934449619906,0.0439395296573638,0.018));
#8151=CARTESIAN_POINT('',(-0.00080000000000001,0.0439395296573638,0.018));
#8152=CARTESIAN_POINT('',(-0.0175795483293117,0.043934556018975,0.018));
#8153=CARTESIAN_POINT('',(-0.0274425496995097,0.0446726545966963,0.018));
#8154=CARTESIAN_POINT('',(-0.0272612676032652,0.0446351552805835,0.018));
#8155=CARTESIAN_POINT('',(-0.0265914809942645,0.0445031150742773,0.018));
#8156=CARTESIAN_POINT('',(-0.0253488959875372,0.0443023203854666,0.018));
#8157=CARTESIAN_POINT('',(-0.0235844905430207,0.0441115558968622,0.018));
#8158=CARTESIAN_POINT('',(-0.0215912461461717,0.0439968188670082,0.018));
#8159=CARTESIAN_POINT('',(-0.018768034823662,0.0439236083895156,0.018));
#8160=CARTESIAN_POINT('',(-0.0158859678811357,0.0439363619805149,0.018));
#8161=CARTESIAN_POINT('',(-0.0133618477873735,0.0439735066578773,0.018));
#8162=CARTESIAN_POINT('',(-0.0117504556944524,0.0439985971977261,0.018));
#8163=CARTESIAN_POINT('',(-0.0105518581048037,0.0440048255831441,0.018));
#8164=CARTESIAN_POINT('',(-0.00913665689337448,0.0439940360747388,0.018));
#8165=CARTESIAN_POINT('',(-0.00695895651843948,0.0439591570740537,0.018));
#8166=CARTESIAN_POINT('',(-0.00329344496199058,0.0439395296573638,0.018));
#8167=CARTESIAN_POINT('',(-0.000599999999999993,0.0439395296573638,0.018));
#8168=CARTESIAN_POINT('',(-0.000749893750457828,0.0439395411246791,0.0179999291593778));
#8169=CARTESIAN_POINT('',(0.0262425496995098,0.0446726545966963,0.018));
#8170=CARTESIAN_POINT('',(0.0260612676032653,0.0446351552805835,0.018));
#8171=CARTESIAN_POINT('',(0.0253914809942646,0.0445031150742773,0.018));
#8172=CARTESIAN_POINT('',(0.0241488959875372,0.0443023203854667,0.018));
#8173=CARTESIAN_POINT('',(0.0223844905430207,0.0441115558968622,0.018));
#8174=CARTESIAN_POINT('',(0.0203912461461717,0.0439968188670082,0.018));
#8175=CARTESIAN_POINT('',(0.0175680348236621,0.0439236083895156,0.018));
#8176=CARTESIAN_POINT('',(0.0146859678811356,0.0439363619805149,0.018));
#8177=CARTESIAN_POINT('',(0.0121618477873735,0.0439735066578774,0.018));
#8178=CARTESIAN_POINT('',(0.0105504556944524,0.0439985971977261,0.018));
#8179=CARTESIAN_POINT('',(0.00935185810480369,0.0440048255831441,0.018));
#8180=CARTESIAN_POINT('',(0.0079366568933745,0.0439940360747388,0.018));
#8181=CARTESIAN_POINT('',(0.00575895651843949,0.0439591570740537,0.018));
#8182=CARTESIAN_POINT('',(0.0020934449619906,0.0439395296573638,0.018));
#8183=CARTESIAN_POINT('',(-0.00059999999999999,0.0439395296573638,0.018));
#8184=CARTESIAN_POINT('',(0.00957398222687878,0.044002379755098,0.018));
#8185=CARTESIAN_POINT('',(0.0260425496995096,0.0446726545966963,0.018));
#8186=CARTESIAN_POINT('',(0.0258612676032653,0.0446351552805835,0.018));
#8187=CARTESIAN_POINT('',(0.0251914809942646,0.0445031150742773,0.018));
#8188=CARTESIAN_POINT('',(0.0239488959875372,0.0443023203854666,0.018));
#8189=CARTESIAN_POINT('',(0.0221844905430208,0.0441115558968622,0.018));
#8190=CARTESIAN_POINT('',(0.0201912461461717,0.0439968188670082,0.018));
#8191=CARTESIAN_POINT('',(0.017368034823662,0.0439236083895156,0.018));
#8192=CARTESIAN_POINT('',(0.0144859678811356,0.0439363619805149,0.018));
#8193=CARTESIAN_POINT('',(0.0119618477873735,0.0439735066578773,0.018));
#8194=CARTESIAN_POINT('',(0.0103504556944524,0.0439985971977261,0.018));
#8195=CARTESIAN_POINT('',(0.0091518581048037,0.0440048255831441,0.018));
#8196=CARTESIAN_POINT('',(0.00773665689337448,0.0439940360747388,0.018));
#8197=CARTESIAN_POINT('',(0.00555895651843948,0.0439591570740537,0.018));
#8198=CARTESIAN_POINT('',(0.00189344496199058,0.0439395296573638,0.018));
#8199=CARTESIAN_POINT('',(-0.0008,0.0439395296573638,0.018));
#8200=CARTESIAN_POINT('',(0.0158536155618794,0.04393508534127,0.018));
#8201=CARTESIAN_POINT('',(0.0262425496995098,0.0446726545966963,0.018));
#8202=CARTESIAN_POINT('',(0.0260612676032653,0.0446351552805835,0.018));
#8203=CARTESIAN_POINT('',(0.0253914809942646,0.0445031150742773,0.018));
#8204=CARTESIAN_POINT('',(0.0241488959875372,0.0443023203854667,0.018));
#8205=CARTESIAN_POINT('',(0.0223844905430207,0.0441115558968622,0.018));
#8206=CARTESIAN_POINT('',(0.0203912461461717,0.0439968188670082,0.018));
#8207=CARTESIAN_POINT('',(0.0175680348236621,0.0439236083895156,0.018));
#8208=CARTESIAN_POINT('',(0.0146859678811356,0.0439363619805149,0.018));
#8209=CARTESIAN_POINT('',(0.0121618477873735,0.0439735066578774,0.018));
#8210=CARTESIAN_POINT('',(0.0105504556944524,0.0439985971977261,0.018));
#8211=CARTESIAN_POINT('',(0.00935185810480369,0.0440048255831441,0.018));
#8212=CARTESIAN_POINT('',(0.0079366568933745,0.0439940360747388,0.018));
#8213=CARTESIAN_POINT('',(0.00575895651843949,0.0439591570740537,0.018));
#8214=CARTESIAN_POINT('',(0.0020934449619906,0.0439395296573638,0.018));
#8215=CARTESIAN_POINT('',(-0.00059999999999999,0.0439395296573638,0.018));
#8216=CARTESIAN_POINT('',(0.0262425497107249,0.0446737142237593,0.018));
#8217=CARTESIAN_POINT('',(0.0262425497107249,0.0446726545966913,0.018));
#8218=CARTESIAN_POINT('',(0.0252482768616508,0.0446731364301129,0.018));
#8219=CARTESIAN_POINT('',(0.0219712804905949,0.0446765056490204,0.018));
#8220=CARTESIAN_POINT('',(0.0162909425150253,0.0446678365043487,0.018));
#8221=CARTESIAN_POINT('',(0.0133427784127522,0.0446924883937208,0.018));
#8222=CARTESIAN_POINT('',(0.00646872154658792,0.0445933494945471,0.018));
#8223=CARTESIAN_POINT('',(0.00449734387790855,0.0448456698280517,0.018));
#8224=CARTESIAN_POINT('',(0.00221329353941503,0.0441594147085509,0.018));
#8225=CARTESIAN_POINT('',(0.0011091071536339,0.0449730492793092,0.018));
#8226=CARTESIAN_POINT('',(0.000883318731741109,0.045190596499066,0.018));
#8227=CARTESIAN_POINT('',(0.0260467259370217,0.0446735532216707,0.018));
#8228=CARTESIAN_POINT('',(0.0352953978955746,0.0550340279123236,0.018));
#8229=CARTESIAN_POINT('',(0.0352953973168648,0.0550336806886399,0.018));
#8230=CARTESIAN_POINT('',(0.035295396738155,0.0550333334649562,0.018));
#8231=CARTESIAN_POINT('',(0.0352953961594452,0.0550329862412725,0.018));
#8232=CARTESIAN_POINT('',(0.0352950247270648,0.0548101282180776,0.018));
#8233=CARTESIAN_POINT('',(0.0352945860675643,0.0545428196456423,0.018));
#8234=CARTESIAN_POINT('',(0.0352948756387908,0.0541953305657242,0.018));
#8235=CARTESIAN_POINT('',(0.0352957816053976,0.0539020887723835,0.018));
#8236=CARTESIAN_POINT('',(0.0352971476629928,0.0535634068541658,0.018));
#8237=CARTESIAN_POINT('',(0.0352980161534076,0.0532056536057101,0.018));
#8238=CARTESIAN_POINT('',(0.0352976870360723,0.0528481309594855,0.018));
#8239=CARTESIAN_POINT('',(0.0352939469393061,0.0523913424955922,0.018));
#8240=CARTESIAN_POINT('',(0.0352864520526859,0.0520352281709827,0.018));
#8241=CARTESIAN_POINT('',(0.0352900332681999,0.0517716806891905,0.018));
#8242=CARTESIAN_POINT('',(0.0352959569627911,0.051627040596068,0.018));
#8243=CARTESIAN_POINT('',(0.0353056658389353,0.0514543747981123,0.018));
#8244=CARTESIAN_POINT('',(0.0353210005716014,0.0511920220808231,0.018));
#8245=CARTESIAN_POINT('',(0.0353245243124716,0.0508724767337073,0.018));
#8246=CARTESIAN_POINT('',(0.0353064731090432,0.0505864772122718,0.018));
#8247=CARTESIAN_POINT('',(0.0352775563794953,0.0503546934563272,0.018));
#8248=CARTESIAN_POINT('',(0.035232111736029,0.050123217256486,0.018));
#8249=CARTESIAN_POINT('',(0.0351518783329682,0.0498209710632256,0.018));
#8250=CARTESIAN_POINT('',(0.0350163415110002,0.0494542855569379,0.018));
#8251=CARTESIAN_POINT('',(0.0347328105083926,0.048895121431306,0.018));
#8252=CARTESIAN_POINT('',(0.0342690526903941,0.048246939080196,0.018));
#8253=CARTESIAN_POINT('',(0.0336665427074316,0.0476520892847274,0.018));
#8254=CARTESIAN_POINT('',(0.033105252502644,0.0472162021540699,0.018));
#8255=CARTESIAN_POINT('',(0.0326442520004412,0.04691020675982,0.018));
#8256=CARTESIAN_POINT('',(0.0321480887736272,0.0466304895626157,0.018));
#8257=CARTESIAN_POINT('',(0.03145894064527,0.0462951203802882,0.018));
#8258=CARTESIAN_POINT('',(0.0305462577171352,0.0459288385913708,0.018));
#8259=CARTESIAN_POINT('',(0.0293873312660681,0.0455455471388419,0.018));
#8260=CARTESIAN_POINT('',(0.0281983417444564,0.045194308038407,0.018));
#8261=CARTESIAN_POINT('',(0.0270820865354591,0.0449000741037784,0.018));
#8262=CARTESIAN_POINT('',(0.0263368378053144,0.0447335299006365,0.018));
#8263=CARTESIAN_POINT('',(0.0260425496995096,0.0446726545966963,0.018));
#8264=CARTESIAN_POINT('',(0.0352953978955746,0.0550340279123236,0.018));
#8265=CARTESIAN_POINT('',(0.0352953978955746,0.0669345120364424,0.018));
#8266=CARTESIAN_POINT('',(0.0352953978955746,0.0788349961605613,0.018));
#8267=CARTESIAN_POINT('',(0.0340014563462459,0.077697075528218,0.018));
#8268=CARTESIAN_POINT('',(0.0327075147965193,0.0765591548963325,0.018));
#8269=CARTESIAN_POINT('',(0.0327075147965193,0.0765591548963325,0.018));
#8270=CARTESIAN_POINT('',(0.0322166228920824,0.0761600177400886,0.018));
#8271=CARTESIAN_POINT('',(0.0312347216804311,0.0753616801069887,0.018));
#8272=CARTESIAN_POINT('',(0.0300482685206869,0.0744028376873442,0.018));
#8273=CARTESIAN_POINT('',(0.0291400406175473,0.0736761220423701,0.018));
#8274=CARTESIAN_POINT('',(0.0284678877030939,0.0731425282976888,0.018));
#8275=CARTESIAN_POINT('',(0.0277869027586444,0.0726062233840447,0.018));
#8276=CARTESIAN_POINT('',(0.027197346384948,0.0721458572957434,0.018));
#8277=CARTESIAN_POINT('',(0.0267052068250399,0.0717630577104312,0.018));
#8278=CARTESIAN_POINT('',(0.0262101852377382,0.0713839903289101,0.018));
#8279=CARTESIAN_POINT('',(0.0255754856794653,0.0709227353682991,0.018));
#8280=CARTESIAN_POINT('',(0.0247747003461896,0.0704162095146298,0.018));
#8281=CARTESIAN_POINT('',(0.0240629743724814,0.0700529354480967,0.018));
#8282=CARTESIAN_POINT('',(0.0234572144900499,0.069807801769986,0.018));
#8283=CARTESIAN_POINT('',(0.022826857742705,0.0695979860017479,0.018));
#8284=CARTESIAN_POINT('',(0.021943928926592,0.0693913372249036,0.018));
#8285=CARTESIAN_POINT('',(0.0207589236825562,0.0692243368945853,0.018));
#8286=CARTESIAN_POINT('',(0.0194760074699679,0.0691249284445051,0.018));
#8287=CARTESIAN_POINT('',(0.0181210298593359,0.0690752839973708,0.018));
#8288=CARTESIAN_POINT('',(0.0167195014618522,0.0690557657140899,0.018));
#8289=CARTESIAN_POINT('',(0.0152893756926158,0.0690439893353008,0.018));
#8290=CARTESIAN_POINT('',(0.0138708239736543,0.0690220212958603,0.018));
#8291=CARTESIAN_POINT('',(0.0124730431825175,0.0689952450144535,0.018));
#8292=CARTESIAN_POINT('',(0.0106421315829476,0.0689565612420795,0.018));
#8293=CARTESIAN_POINT('',(0.00887002969395375,0.0689199174665771,0.018));
#8294=CARTESIAN_POINT('',(0.00717935475810027,0.0688979045066811,0.018));
#8295=CARTESIAN_POINT('',(0.00554193605634489,0.068889072821103,0.018));
#8296=CARTESIAN_POINT('',(0.0035589549530681,0.068894423931745,0.018));
#8297=CARTESIAN_POINT('',(0.00134080830481985,0.0689043889568614,0.018));
#8298=CARTESIAN_POINT('',(-0.000124698184302655,0.0688982155552843,0.018));
#8299=CARTESIAN_POINT('',(-0.000793623744257625,0.0688947659354654,0.018));
#8300=CARTESIAN_POINT('',(-0.000606389155618433,0.0688955001143598,0.018));
#8301=CARTESIAN_POINT('',(-0.0341075147965193,0.0765591548963325,0.018));
#8302=CARTESIAN_POINT('',(-0.0336166228920824,0.0761600177400886,0.018));
#8303=CARTESIAN_POINT('',(-0.0326347216804311,0.0753616801069887,0.018));
#8304=CARTESIAN_POINT('',(-0.0314482685206869,0.0744028376873442,0.018));
#8305=CARTESIAN_POINT('',(-0.0305400406175473,0.0736761220423701,0.018));
#8306=CARTESIAN_POINT('',(-0.0298678877030939,0.0731425282976888,0.018));
#8307=CARTESIAN_POINT('',(-0.0291869027586444,0.0726062233840447,0.018));
#8308=CARTESIAN_POINT('',(-0.028597346384948,0.0721458572957434,0.018));
#8309=CARTESIAN_POINT('',(-0.0281052068250399,0.0717630577104312,0.018));
#8310=CARTESIAN_POINT('',(-0.0276101852377383,0.0713839903289101,0.018));
#8311=CARTESIAN_POINT('',(-0.0269754856794653,0.0709227353682991,0.018));
#8312=CARTESIAN_POINT('',(-0.0261747003461896,0.0704162095146298,0.018));
#8313=CARTESIAN_POINT('',(-0.0254629743724814,0.0700529354480967,0.018));
#8314=CARTESIAN_POINT('',(-0.0248572144900499,0.069807801769986,0.018));
#8315=CARTESIAN_POINT('',(-0.024226857742705,0.0695979860017479,0.018));
#8316=CARTESIAN_POINT('',(-0.023343928926592,0.0693913372249036,0.018));
#8317=CARTESIAN_POINT('',(-0.0221589236825563,0.0692243368945853,0.018));
#8318=CARTESIAN_POINT('',(-0.0208760074699679,0.0691249284445051,0.018));
#8319=CARTESIAN_POINT('',(-0.0195210298593359,0.0690752839973708,0.018));
#8320=CARTESIAN_POINT('',(-0.0181195014618521,0.0690557657140899,0.018));
#8321=CARTESIAN_POINT('',(-0.0166893756926158,0.0690439893353008,0.018));
#8322=CARTESIAN_POINT('',(-0.0152708239736543,0.0690220212958603,0.018));
#8323=CARTESIAN_POINT('',(-0.0138730431825175,0.0689952450144535,0.018));
#8324=CARTESIAN_POINT('',(-0.0120421315829476,0.0689565612420795,0.018));
#8325=CARTESIAN_POINT('',(-0.0102700296939537,0.0689199174665771,0.018));
#8326=CARTESIAN_POINT('',(-0.00857935475810027,0.0688979045066811,0.018));
#8327=CARTESIAN_POINT('',(-0.00694193605634489,0.068889072821103,0.018));
#8328=CARTESIAN_POINT('',(-0.0049589549530681,0.068894423931745,0.018));
#8329=CARTESIAN_POINT('',(-0.00274080830481985,0.0689043889568614,0.018));
#8330=CARTESIAN_POINT('',(-0.00127530181569734,0.0688982155552843,0.018));
#8331=CARTESIAN_POINT('',(-0.000606376255742376,0.0688947659354654,0.018));
#8332=CARTESIAN_POINT('',(-0.0341075147965193,0.0765591548963325,0.018));
#8333=CARTESIAN_POINT('',(-0.0354014563462458,0.077697075528218,0.018));
#8334=CARTESIAN_POINT('',(-0.0366953978955745,0.0788349961605613,0.018));
#8335=CARTESIAN_POINT('',(-0.0366953978955745,0.0669345120364424,0.018));
#8336=CARTESIAN_POINT('',(-0.0366953978955745,0.0550340279123236,0.018));
#8337=CARTESIAN_POINT('',(-0.0366953978955745,0.0550340279123236,0.018));
#8338=CARTESIAN_POINT('',(-0.0366953973168648,0.0550336806886399,0.018));
#8339=CARTESIAN_POINT('',(-0.036695396738155,0.0550333334649562,0.018));
#8340=CARTESIAN_POINT('',(-0.0366953961594452,0.0550329862412725,0.018));
#8341=CARTESIAN_POINT('',(-0.0366950247270649,0.0548101282180776,0.018));
#8342=CARTESIAN_POINT('',(-0.0366945860675643,0.0545428196456423,0.018));
#8343=CARTESIAN_POINT('',(-0.0366948756387908,0.0541953305657242,0.018));
#8344=CARTESIAN_POINT('',(-0.0366957816053976,0.0539020887723835,0.018));
#8345=CARTESIAN_POINT('',(-0.0366971476629928,0.0535634068541658,0.018));
#8346=CARTESIAN_POINT('',(-0.0366980161534076,0.0532056536057101,0.018));
#8347=CARTESIAN_POINT('',(-0.0366976870360722,0.0528481309594855,0.018));
#8348=CARTESIAN_POINT('',(-0.0366939469393061,0.0523913424955922,0.018));
#8349=CARTESIAN_POINT('',(-0.0366864520526859,0.0520352281709827,0.018));
#8350=CARTESIAN_POINT('',(-0.0366900332681999,0.0517716806891905,0.018));
#8351=CARTESIAN_POINT('',(-0.0366959569627911,0.051627040596068,0.018));
#8352=CARTESIAN_POINT('',(-0.0367056658389353,0.0514543747981123,0.018));
#8353=CARTESIAN_POINT('',(-0.0367210005716014,0.0511920220808231,0.018));
#8354=CARTESIAN_POINT('',(-0.0367245243124716,0.0508724767337073,0.018));
#8355=CARTESIAN_POINT('',(-0.0367064731090432,0.0505864772122718,0.018));
#8356=CARTESIAN_POINT('',(-0.0366775563794953,0.0503546934563272,0.018));
#8357=CARTESIAN_POINT('',(-0.036632111736029,0.050123217256486,0.018));
#8358=CARTESIAN_POINT('',(-0.0365518783329682,0.0498209710632256,0.018));
#8359=CARTESIAN_POINT('',(-0.0364163415110002,0.0494542855569379,0.018));
#8360=CARTESIAN_POINT('',(-0.0361328105083926,0.048895121431306,0.018));
#8361=CARTESIAN_POINT('',(-0.0356690526903941,0.048246939080196,0.018));
#8362=CARTESIAN_POINT('',(-0.0350665427074316,0.0476520892847274,0.018));
#8363=CARTESIAN_POINT('',(-0.034505252502644,0.0472162021540699,0.018));
#8364=CARTESIAN_POINT('',(-0.0340442520004412,0.04691020675982,0.018));
#8365=CARTESIAN_POINT('',(-0.0335480887736272,0.0466304895626157,0.018));
#8366=CARTESIAN_POINT('',(-0.03285894064527,0.0462951203802882,0.018));
#8367=CARTESIAN_POINT('',(-0.0319462577171351,0.0459288385913708,0.018));
#8368=CARTESIAN_POINT('',(-0.0307873312660681,0.0455455471388419,0.018));
#8369=CARTESIAN_POINT('',(-0.0295983417444564,0.045194308038407,0.018));
#8370=CARTESIAN_POINT('',(-0.028482086535459,0.0449000741037784,0.018));
#8371=CARTESIAN_POINT('',(-0.0277368378053145,0.0447335299006365,0.018));
#8372=CARTESIAN_POINT('',(-0.0274425496995097,0.0446726545966963,0.018));
#8373=CARTESIAN_POINT('',(-0.0345973467828161,0.0524577381641052,0.018));
#8374=CARTESIAN_POINT('',(-0.0395539739841522,0.0423135289728923,0.018));
#8375=CARTESIAN_POINT('',(-0.0410377932140595,0.0431844548828608,0.018));
#8376=CARTESIAN_POINT('',(-0.0407,0.04177435,0.018));
#8377=CARTESIAN_POINT('',(-0.0408,0.040327802385851,0.018));
#8378=CARTESIAN_POINT('',(-0.0409,0.04177435,0.018));
#8379=CARTESIAN_POINT('',(0.00760315807635652,0.0876445194278298,0.018));
#8380=CARTESIAN_POINT('',(0.00817338233354881,0.0888981484450099,0.018));
#8381=CARTESIAN_POINT('',(0.00993766120159077,0.0921633572740008,0.018));
#8382=CARTESIAN_POINT('',(0.0140728053564529,0.0978598300975616,0.018));
#8383=CARTESIAN_POINT('',(0.0208268830635692,0.101325032450044,0.018));
#8384=CARTESIAN_POINT('',(0.0240138888914662,0.101735065231805,0.018));
#8385=CARTESIAN_POINT('',(0.0252720727086067,0.101634353399277,0.018));
#8386=CARTESIAN_POINT('',(0.00760315807635652,0.0876445194278298,0.018));
#8387=CARTESIAN_POINT('',(0.00755802116155941,0.0875446653379283,0.018));
#8388=CARTESIAN_POINT('',(0.0075130128950291,0.0874445194312232,0.018));
#8389=CARTESIAN_POINT('',(0.0254166828900576,0.0766168087720871,0.018));
#8390=CARTESIAN_POINT('',(0.0227640582345073,0.076433874835182,0.018));
#8391=CARTESIAN_POINT('',(0.0177569941919168,0.0779028554218179,0.018));
#8392=CARTESIAN_POINT('',(0.0109239249757825,0.0815668852948681,0.018));
#8393=CARTESIAN_POINT('',(0.0062756550780284,0.0808667850924771,0.018));
#8394=CARTESIAN_POINT('',(0.00437926989100115,0.0779180063049179,0.018));
#8395=CARTESIAN_POINT('',(0.00590885247545034,0.0834922310128002,0.018));
#8396=CARTESIAN_POINT('',(0.0070988116991784,0.0865171068084834,0.018));
#8397=CARTESIAN_POINT('',(0.0075130128950291,0.0874445194312232,0.018));
#8398=CARTESIAN_POINT('',(0.0365516594111797,0.087444519438594,0.018));
#8399=CARTESIAN_POINT('',(0.0362732049336723,0.0846421704230432,0.018));
#8400=CARTESIAN_POINT('',(0.0339536437736056,0.0792076107803263,0.018));
#8401=CARTESIAN_POINT('',(0.0282971302231419,0.0768631265056516,0.018));
#8402=CARTESIAN_POINT('',(0.0256165966109392,0.0766323120590644,0.018));
#8403=CARTESIAN_POINT('',(0.0365516594111797,0.087444519438594,0.018));
#8404=CARTESIAN_POINT('',(0.036561073186984,0.0875445054976166,0.018));
#8405=CARTESIAN_POINT('',(0.036570008523819,0.0876445194474171,0.018));
#8406=CARTESIAN_POINT('',(0.0254721828014734,0.101615885377197,0.018));
#8407=CARTESIAN_POINT('',(0.0265869388862202,0.101499144751203,0.018));
#8408=CARTESIAN_POINT('',(0.0292012890587348,0.100635846406924,0.018));
#8409=CARTESIAN_POINT('',(0.0355746845015404,0.0958848351915684,0.018));
#8410=CARTESIAN_POINT('',(0.036799296915212,0.0903698355228005,0.018));
#8411=CARTESIAN_POINT('',(0.036570008523819,0.0876445194474171,0.018));
#8412=CARTESIAN_POINT('',(-0.0407,8.87868929381831E-20,0.018));
#8413=CARTESIAN_POINT('',(-0.0408,0.00144654761414894,0.018));
#8414=CARTESIAN_POINT('',(-0.0408,-0.00144654761414894,0.018));
#8415=CARTESIAN_POINT('',(-0.0409,-1.56142466891289E-19,0.018));
#8416=CARTESIAN_POINT('',(0.0395,-1.56142466891289E-19,0.018));
#8417=CARTESIAN_POINT('',(0.0394,0.00144654761414894,0.018));
#8418=CARTESIAN_POINT('',(0.0394,-0.00144654761414894,0.018));
#8419=CARTESIAN_POINT('',(0.0393,8.87868929381831E-20,0.018));
#8420=CARTESIAN_POINT('',(0.0395,-0.05408065,0.018));
#8421=CARTESIAN_POINT('',(0.0394,-0.052634102385851,0.018));
#8422=CARTESIAN_POINT('',(0.0394,-0.0555271976141489,0.018));
#8423=CARTESIAN_POINT('',(0.0393,-0.05408065,0.018));
#8424=CARTESIAN_POINT('',(-0.0407,-0.05408065,0.018));
#8425=CARTESIAN_POINT('',(-0.0408,-0.052634102385851,0.018));
#8426=CARTESIAN_POINT('',(-0.0408,-0.0555271976141489,0.018));
#8427=CARTESIAN_POINT('',(-0.0409,-0.05408065,0.018));
#8428=CARTESIAN_POINT('',(-0.0260174788628754,0.0934481278705765,0.0179999999999961));
#8429=CARTESIAN_POINT('',(-0.037961073186984,0.0875445054976166,0.018));
#8430=CARTESIAN_POINT('',(-0.0260069021610843,0.0883555582849492,0.0180000000000155));
#8431=CARTESIAN_POINT('',(-0.00895802116155942,0.0875446653379284,0.018));
#8432=CARTESIAN_POINT('',(-0.0407,0.04177435,0.021));
#8433=CARTESIAN_POINT('',(-0.0408,0.040327802385851,0.0195));
#8434=CARTESIAN_POINT('',(-0.0410377932115354,0.0431844548962775,0.018));
#8435=CARTESIAN_POINT('',(0.0395,0.04467435,0.021));
#8436=CARTESIAN_POINT('',(0.0413,0.04467435,0.021));
#8437=CARTESIAN_POINT('',(0.0415,0.04467435,0.021));
#8438=CARTESIAN_POINT('',(0.01845,-0.01754065,0.021));
#8439=CARTESIAN_POINT('',(0.02475,-0.01754065,0.021));
#8440=CARTESIAN_POINT('',(0.01195,-0.01754065,0.021));
#8441=CARTESIAN_POINT('',(0.01845,-0.03154065,0.021));
#8442=CARTESIAN_POINT('',(0.02475,-0.03154065,0.021));
#8443=CARTESIAN_POINT('',(0.01195,-0.03154065,0.021));
#8444=CARTESIAN_POINT('',(-0.0006,-0.01754065,0.021));
#8445=CARTESIAN_POINT('',(0.0057,-0.01754065,0.021));
#8446=CARTESIAN_POINT('',(-0.0071,-0.01754065,0.021));
#8447=CARTESIAN_POINT('',(-0.0006,-0.03154065,0.021));
#8448=CARTESIAN_POINT('',(0.0057,-0.03154065,0.021));
#8449=CARTESIAN_POINT('',(-0.0071,-0.03154065,0.021));
#8450=CARTESIAN_POINT('',(-0.01965,-0.01754065,0.021));
#8451=CARTESIAN_POINT('',(-0.01335,-0.01754065,0.021));
#8452=CARTESIAN_POINT('',(-0.02615,-0.01754065,0.021));
#8453=CARTESIAN_POINT('',(-0.01965,-0.03154065,0.021));
#8454=CARTESIAN_POINT('',(-0.01335,-0.03154065,0.021));
#8455=CARTESIAN_POINT('',(-0.02615,-0.03154065,0.021));
#8456=CARTESIAN_POINT('',(0.01845,0.00150935,0.021));
#8457=CARTESIAN_POINT('',(0.02475,0.00150935,0.021));
#8458=CARTESIAN_POINT('',(0.01195,0.00150935,0.021));
#8459=CARTESIAN_POINT('',(0.01845,-0.01249065,0.021));
#8460=CARTESIAN_POINT('',(0.02475,-0.01249065,0.021));
#8461=CARTESIAN_POINT('',(0.01195,-0.01249065,0.021));
#8462=CARTESIAN_POINT('',(-0.0006,0.00150935,0.021));
#8463=CARTESIAN_POINT('',(0.0057,0.00150935,0.021));
#8464=CARTESIAN_POINT('',(-0.0071,0.00150935,0.021));
#8465=CARTESIAN_POINT('',(-0.0006,-0.01249065,0.021));
#8466=CARTESIAN_POINT('',(0.0057,-0.01249065,0.021));
#8467=CARTESIAN_POINT('',(-0.0071,-0.01249065,0.021));
#8468=CARTESIAN_POINT('',(-0.01965,0.00150935,0.021));
#8469=CARTESIAN_POINT('',(-0.01335,0.00150935,0.021));
#8470=CARTESIAN_POINT('',(-0.02615,0.00150935,0.021));
#8471=CARTESIAN_POINT('',(-0.01965,-0.01249065,0.021));
#8472=CARTESIAN_POINT('',(-0.01335,-0.01249065,0.021));
#8473=CARTESIAN_POINT('',(-0.02615,-0.01249065,0.021));
#8474=CARTESIAN_POINT('',(0.01845,0.02055935,0.021));
#8475=CARTESIAN_POINT('',(0.02475,0.02055935,0.021));
#8476=CARTESIAN_POINT('',(0.01195,0.02055935,0.021));
#8477=CARTESIAN_POINT('',(0.01845,0.00655935,0.021));
#8478=CARTESIAN_POINT('',(0.02475,0.00655935,0.021));
#8479=CARTESIAN_POINT('',(0.01195,0.00655935,0.021));
#8480=CARTESIAN_POINT('',(-0.0006,0.02055935,0.021));
#8481=CARTESIAN_POINT('',(0.0057,0.02055935,0.021));
#8482=CARTESIAN_POINT('',(-0.0071,0.02055935,0.021));
#8483=CARTESIAN_POINT('',(-0.0006,0.00655935,0.021));
#8484=CARTESIAN_POINT('',(0.0057,0.00655935,0.021));
#8485=CARTESIAN_POINT('',(-0.0071,0.00655935,0.021));
#8486=CARTESIAN_POINT('',(-0.01965,0.02055935,0.021));
#8487=CARTESIAN_POINT('',(-0.01335,0.02055935,0.021));
#8488=CARTESIAN_POINT('',(-0.02615,0.02055935,0.021));
#8489=CARTESIAN_POINT('',(-0.01965,0.00655935,0.021));
#8490=CARTESIAN_POINT('',(-0.01335,0.00655935,0.021));
#8491=CARTESIAN_POINT('',(-0.02615,0.00655935,0.021));
#8492=CARTESIAN_POINT('',(0.01845,0.03960935,0.021));
#8493=CARTESIAN_POINT('',(0.02475,0.03960935,0.021));
#8494=CARTESIAN_POINT('',(0.01195,0.03960935,0.021));
#8495=CARTESIAN_POINT('',(0.01845,0.02560935,0.021));
#8496=CARTESIAN_POINT('',(0.02475,0.02560935,0.021));
#8497=CARTESIAN_POINT('',(0.01195,0.02560935,0.021));
#8498=CARTESIAN_POINT('',(-0.0006,0.03960935,0.021));
#8499=CARTESIAN_POINT('',(0.0057,0.03960935,0.021));
#8500=CARTESIAN_POINT('',(-0.0071,0.03960935,0.021));
#8501=CARTESIAN_POINT('',(-0.0006,0.02560935,0.021));
#8502=CARTESIAN_POINT('',(0.0057,0.02560935,0.021));
#8503=CARTESIAN_POINT('',(-0.0071,0.02560935,0.021));
#8504=CARTESIAN_POINT('',(-0.01965,0.03960935,0.021));
#8505=CARTESIAN_POINT('',(-0.01335,0.03960935,0.021));
#8506=CARTESIAN_POINT('',(-0.02615,0.03960935,0.021));
#8507=CARTESIAN_POINT('',(-0.01965,0.02560935,0.021));
#8508=CARTESIAN_POINT('',(-0.01335,0.02560935,0.021));
#8509=CARTESIAN_POINT('',(-0.02615,0.02560935,0.021));
#8510=CARTESIAN_POINT('',(-0.000700000004071651,0.119681544791873,0.021));
#8511=CARTESIAN_POINT('',(-0.000700000004071651,0.119681544791873,0.018));
#8512=CARTESIAN_POINT('',(-0.000718481439137013,0.119847332418252,0.021));
#8513=CARTESIAN_POINT('',(-0.000718481439137013,0.119847332418252,0.018));
#8514=CARTESIAN_POINT('',(-0.000724102091510679,0.119999004366432,0.021));
#8515=CARTESIAN_POINT('',(-0.000724102091510679,0.119999004366432,0.018));
#8516=CARTESIAN_POINT('',(-0.000699999999848611,0.12013672671474,0.021));
#8517=CARTESIAN_POINT('',(-0.000699999999848611,0.12013672671474,0.018));
#8518=CARTESIAN_POINT('',(-0.0007,0.119681544755348,0.021));
#8519=CARTESIAN_POINT('',(-0.000699999999997522,0.120136726713861,0.021));
#8520=CARTESIAN_POINT('',(-0.000699999968587116,0.120532061203393,0.021));
#8521=CARTESIAN_POINT('',(-0.000699999968587116,0.120532061203393,0.0180000000000001));
#8522=CARTESIAN_POINT('',(-0.000881197844051138,0.120719145658368,0.021));
#8523=CARTESIAN_POINT('',(-0.000881197844051138,0.120719145658368,0.0180000000000001));
#8524=CARTESIAN_POINT('',(-0.00147358437573541,0.120999922401931,0.021));
#8525=CARTESIAN_POINT('',(-0.00147358437573541,0.120999922401931,0.0180000000000001));
#8526=CARTESIAN_POINT('',(-0.00271505254027763,0.12084645573208,0.021));
#8527=CARTESIAN_POINT('',(-0.00271505254027763,0.12084645573208,0.0180000000000001));
#8528=CARTESIAN_POINT('',(-0.00396993400315599,0.120114813653878,0.021));
#8529=CARTESIAN_POINT('',(-0.00396993400315599,0.120114813653878,0.0180000000000001));
#8530=CARTESIAN_POINT('',(-0.00494824224031249,0.119493957630725,0.021));
#8531=CARTESIAN_POINT('',(-0.00494824224031249,0.119493957630725,0.0180000000000001));
#8532=CARTESIAN_POINT('',(-0.00518782584227193,0.119564674914036,0.021));
#8533=CARTESIAN_POINT('',(-0.00518782584227193,0.119564674914036,0.0180000000000001));
#8534=CARTESIAN_POINT('',(-0.00555424785128403,0.12016098085251,0.021));
#8535=CARTESIAN_POINT('',(-0.00555424785128403,0.12016098085251,0.0180000000000001));
#8536=CARTESIAN_POINT('',(-0.00613717836703342,0.121116984897225,0.021));
#8537=CARTESIAN_POINT('',(-0.00613717836703342,0.121116984897225,0.0180000000000001));
#8538=CARTESIAN_POINT('',(-0.00717632664391224,0.122876684274271,0.021));
#8539=CARTESIAN_POINT('',(-0.00717632664391224,0.122876684274271,0.0180000000000001));
#8540=CARTESIAN_POINT('',(-0.00877813677764702,0.125600816546003,0.021));
#8541=CARTESIAN_POINT('',(-0.00877813677764702,0.125600816546003,0.0180000000000001));
#8542=CARTESIAN_POINT('',(-0.0105746785295698,0.128640525545796,0.021));
#8543=CARTESIAN_POINT('',(-0.0105746785295698,0.128640525545796,0.0180000000000001));
#8544=CARTESIAN_POINT('',(-0.0124094244518427,0.131697249323624,0.021));
#8545=CARTESIAN_POINT('',(-0.0124094244518427,0.131697249323624,0.0180000000000001));
#8546=CARTESIAN_POINT('',(-0.0141297111280755,0.134484906961349,0.021));
#8547=CARTESIAN_POINT('',(-0.0141297111280755,0.134484906961349,0.0180000000000001));
#8548=CARTESIAN_POINT('',(-0.0155638458806332,0.136669139072097,0.021));
#8549=CARTESIAN_POINT('',(-0.0155638458806332,0.136669139072097,0.0180000000000001));
#8550=CARTESIAN_POINT('',(-0.0167034863741789,0.138321437337129,0.021));
#8551=CARTESIAN_POINT('',(-0.0167034863741789,0.138321437337129,0.0180000000000001));
#8552=CARTESIAN_POINT('',(-0.017577672185486,0.139598932555781,0.021));
#8553=CARTESIAN_POINT('',(-0.017577672185486,0.139598932555781,0.0180000000000001));
#8554=CARTESIAN_POINT('',(-0.0182030563378894,0.140653247357094,0.021));
#8555=CARTESIAN_POINT('',(-0.0182030563378894,0.140653247357094,0.0180000000000001));
#8556=CARTESIAN_POINT('',(-0.0185421323753943,0.141421655915185,0.021));
#8557=CARTESIAN_POINT('',(-0.0185421323753943,0.141421655915185,0.0180000000000001));
#8558=CARTESIAN_POINT('',(-0.0188044026647659,0.141485837787927,0.021));
#8559=CARTESIAN_POINT('',(-0.0188044026647659,0.141485837787927,0.0180000000000001));
#8560=CARTESIAN_POINT('',(-0.0190866854070968,0.141076492217425,0.021));
#8561=CARTESIAN_POINT('',(-0.0190866854070968,0.141076492217425,0.0180000000000001));
#8562=CARTESIAN_POINT('',(-0.0193820818500635,0.14024117662089,0.021));
#8563=CARTESIAN_POINT('',(-0.0193820818500635,0.14024117662089,0.0180000000000001));
#8564=CARTESIAN_POINT('',(-0.0196654837169976,0.139476624536152,0.021));
#8565=CARTESIAN_POINT('',(-0.0196654837169976,0.139476624536152,0.0180000000000001));
#8566=CARTESIAN_POINT('',(-0.0199325296297688,0.138929339515017,0.021));
#8567=CARTESIAN_POINT('',(-0.0199325296297688,0.138929339515017,0.0180000000000001));
#8568=CARTESIAN_POINT('',(-0.0203263199457324,0.138432304805641,0.021));
#8569=CARTESIAN_POINT('',(-0.0203263199457324,0.138432304805641,0.0180000000000001));
#8570=CARTESIAN_POINT('',(-0.0212511549053437,0.137281286992183,0.021));
#8571=CARTESIAN_POINT('',(-0.0212511549053437,0.137281286992183,0.0180000000000001));
#8572=CARTESIAN_POINT('',(-0.0227971950427606,0.135118750545911,0.021));
#8573=CARTESIAN_POINT('',(-0.0227971950427606,0.135118750545911,0.0180000000000001));
#8574=CARTESIAN_POINT('',(-0.0247597117972333,0.132276914937028,0.021));
#8575=CARTESIAN_POINT('',(-0.0247597117972333,0.132276914937028,0.0180000000000001));
#8576=CARTESIAN_POINT('',(-0.0277435354640218,0.127845994021739,0.021));
#8577=CARTESIAN_POINT('',(-0.0277435354640218,0.127845994021739,0.0180000000000001));
#8578=CARTESIAN_POINT('',(-0.0317673303010699,0.121686249874925,0.021));
#8579=CARTESIAN_POINT('',(-0.0317673303010699,0.121686249874925,0.0180000000000001));
#8580=CARTESIAN_POINT('',(-0.0358324652372867,0.115106698192107,0.021));
#8581=CARTESIAN_POINT('',(-0.0358324652372867,0.115106698192107,0.0180000000000001));
#8582=CARTESIAN_POINT('',(-0.0378990867797146,0.111142667660854,0.021));
#8583=CARTESIAN_POINT('',(-0.0378990867797146,0.111142667660854,0.0180000000000001));
#8584=CARTESIAN_POINT('',(-0.0390213898834085,0.109300263025564,0.021));
#8585=CARTESIAN_POINT('',(-0.0390213898834085,0.109300263025564,0.0180000000000001));
#8586=CARTESIAN_POINT('',(-0.0401803729383936,0.108241759359577,0.021));
#8587=CARTESIAN_POINT('',(-0.0401803729383936,0.108241759359577,0.0180000000000001));
#8588=CARTESIAN_POINT('',(-0.0412232072649347,0.107347188551745,0.021));
#8589=CARTESIAN_POINT('',(-0.0412232072649347,0.107347188551745,0.0180000000000001));
#8590=CARTESIAN_POINT('',(-0.0425049241455676,0.106043934267593,0.021));
#8591=CARTESIAN_POINT('',(-0.0425049241455676,0.106043934267593,0.0180000000000001));
#8592=CARTESIAN_POINT('',(-0.0440487269218073,0.104105301004934,0.021));
#8593=CARTESIAN_POINT('',(-0.0440487269218073,0.104105301004934,0.0180000000000001));
#8594=CARTESIAN_POINT('',(-0.0456769555545014,0.101759132746217,0.021));
#8595=CARTESIAN_POINT('',(-0.0456769555545014,0.101759132746217,0.0180000000000001));
#8596=CARTESIAN_POINT('',(-0.0472350346289931,0.0991832257013135,0.021));
#8597=CARTESIAN_POINT('',(-0.0472350346289931,0.0991832257013135,0.0180000000000001));
#8598=CARTESIAN_POINT('',(-0.0485577215653062,0.0965690489527827,0.021));
#8599=CARTESIAN_POINT('',(-0.0485577215653062,0.0965690489527827,0.0180000000000001));
#8600=CARTESIAN_POINT('',(-0.049499357820245,0.0941034278650035,0.021));
#8601=CARTESIAN_POINT('',(-0.049499357820245,0.0941034278650035,0.0180000000000001));
#8602=CARTESIAN_POINT('',(-0.0498466158688113,0.0919780898023913,0.021));
#8603=CARTESIAN_POINT('',(-0.0498466158688113,0.0919780898023913,0.0180000000000001));
#8604=CARTESIAN_POINT('',(-0.0498357864391839,0.0903576179621523,0.021));
#8605=CARTESIAN_POINT('',(-0.0498357864391839,0.0903576179621523,0.0180000000000001));
#8606=CARTESIAN_POINT('',(-0.0498599002897498,0.089394466597447,0.021));
#8607=CARTESIAN_POINT('',(-0.0498599002897498,0.089394466597447,0.0180000000000001));
#8608=CARTESIAN_POINT('',(-0.0504192060751041,0.0892054455554654,0.021));
#8609=CARTESIAN_POINT('',(-0.0504192060751041,0.0892054455554654,0.0180000000000001));
#8610=CARTESIAN_POINT('',(-0.05258009663877,0.0910460713120499,0.021));
#8611=CARTESIAN_POINT('',(-0.05258009663877,0.0910460713120499,0.0180000000000001));
#8612=CARTESIAN_POINT('',(-0.0556658447639501,0.094350083230098,0.021));
#8613=CARTESIAN_POINT('',(-0.0556658447639501,0.094350083230098,0.0180000000000001));
#8614=CARTESIAN_POINT('',(-0.0579073551526293,0.0969906963682501,0.021));
#8615=CARTESIAN_POINT('',(-0.0579073551526293,0.0969906963682501,0.0180000000000001));
#8616=CARTESIAN_POINT('',(-0.059298941036477,0.0987647795808361,0.021));
#8617=CARTESIAN_POINT('',(-0.059298941036477,0.0987647795808361,0.0180000000000001));
#8618=CARTESIAN_POINT('',(-0.0601430530361096,0.100001357375877,0.021));
#8619=CARTESIAN_POINT('',(-0.0601430530361096,0.100001357375877,0.0180000000000001));
#8620=CARTESIAN_POINT('',(-0.060580299389492,0.100799460521377,0.021));
#8621=CARTESIAN_POINT('',(-0.060580299389492,0.100799460521377,0.0180000000000001));
#8622=CARTESIAN_POINT('',(-0.0607827643688076,0.101293805193055,0.021));
#8623=CARTESIAN_POINT('',(-0.0607827643688076,0.101293805193055,0.0180000000000001));
#8624=CARTESIAN_POINT('',(-0.0608274676614584,0.101663185145064,0.021));
#8625=CARTESIAN_POINT('',(-0.0608274676614584,0.101663185145064,0.0180000000000001));
#8626=CARTESIAN_POINT('',(-0.0607948910994108,0.101939166866966,0.021));
#8627=CARTESIAN_POINT('',(-0.0607948910994108,0.101939166866966,0.0180000000000001));
#8628=CARTESIAN_POINT('',(-0.0609336860635515,0.102231850084342,0.021));
#8629=CARTESIAN_POINT('',(-0.0609336860635515,0.102231850084342,0.0180000000000001));
#8630=CARTESIAN_POINT('',(-0.0614979545479246,0.102652283282926,0.021));
#8631=CARTESIAN_POINT('',(-0.0614979545479246,0.102652283282926,0.0180000000000001));
#8632=CARTESIAN_POINT('',(-0.0625638550777682,0.103236537050452,0.021));
#8633=CARTESIAN_POINT('',(-0.0625638550777682,0.103236537050452,0.0180000000000001));
#8634=CARTESIAN_POINT('',(-0.0645302660483676,0.104186592783254,0.021));
#8635=CARTESIAN_POINT('',(-0.0645302660483676,0.104186592783254,0.0180000000000001));
#8636=CARTESIAN_POINT('',(-0.0692040664451088,0.106227247138626,0.021));
#8637=CARTESIAN_POINT('',(-0.0692040664451088,0.106227247138626,0.0180000000000001));
#8638=CARTESIAN_POINT('',(-0.0781139849944699,0.109751978355105,0.021));
#8639=CARTESIAN_POINT('',(-0.0781139849944699,0.109751978355105,0.0180000000000001));
#8640=CARTESIAN_POINT('',(-0.0866016779264122,0.112849857903969,0.021));
#8641=CARTESIAN_POINT('',(-0.0866016779264122,0.112849857903969,0.0180000000000001));
#8642=CARTESIAN_POINT('',(-0.0910965964308632,0.114327425647442,0.021));
#8643=CARTESIAN_POINT('',(-0.0910965964308632,0.114327425647442,0.0180000000000001));
#8644=CARTESIAN_POINT('',(-0.092808960354864,0.114748783505092,0.021));
#8645=CARTESIAN_POINT('',(-0.092808960354864,0.114748783505092,0.0180000000000001));
#8646=CARTESIAN_POINT('',(-0.0924312034478925,0.11437366865128,0.021));
#8647=CARTESIAN_POINT('',(-0.0924312034478925,0.11437366865128,0.0180000000000001));
#8648=CARTESIAN_POINT('',(-0.0916396432420594,0.113867429247791,0.021));
#8649=CARTESIAN_POINT('',(-0.0916396432420594,0.113867429247791,0.0180000000000001));
#8650=CARTESIAN_POINT('',(-0.0907325720119291,0.11330586787061,0.021));
#8651=CARTESIAN_POINT('',(-0.0907325720119291,0.11330586787061,0.0180000000000001));
#8652=CARTESIAN_POINT('',(-0.089454006160989,0.112514701130978,0.021));
#8653=CARTESIAN_POINT('',(-0.089454006160989,0.112514701130978,0.0180000000000001));
#8654=CARTESIAN_POINT('',(-0.0877917626437857,0.111413309201593,0.021));
#8655=CARTESIAN_POINT('',(-0.0877917626437857,0.111413309201593,0.0180000000000001));
#8656=CARTESIAN_POINT('',(-0.0861144898342219,0.110157801778283,0.021));
#8657=CARTESIAN_POINT('',(-0.0861144898342219,0.110157801778283,0.0180000000000001));
#8658=CARTESIAN_POINT('',(-0.0840268291636064,0.108268252888173,0.021));
#8659=CARTESIAN_POINT('',(-0.0840268291636064,0.108268252888173,0.0180000000000001));
#8660=CARTESIAN_POINT('',(-0.0818142682548866,0.105528484166075,0.021));
#8661=CARTESIAN_POINT('',(-0.0818142682548866,0.105528484166075,0.0180000000000001));
#8662=CARTESIAN_POINT('',(-0.0796590532296155,0.101846981325841,0.021));
#8663=CARTESIAN_POINT('',(-0.0796590532296155,0.101846981325841,0.0180000000000001));
#8664=CARTESIAN_POINT('',(-0.0779227573996421,0.0979413513039793,0.021));
#8665=CARTESIAN_POINT('',(-0.0779227573996421,0.0979413513039793,0.0180000000000001));
#8666=CARTESIAN_POINT('',(-0.0766436484916705,0.0937131793915143,0.021));
#8667=CARTESIAN_POINT('',(-0.0766436484916705,0.0937131793915143,0.0180000000000001));
#8668=CARTESIAN_POINT('',(-0.075831803246883,0.089050104947875,0.021));
#8669=CARTESIAN_POINT('',(-0.075831803246883,0.089050104947875,0.0180000000000001));
#8670=CARTESIAN_POINT('',(-0.0758044010505927,0.0850708325147023,0.021));
#8671=CARTESIAN_POINT('',(-0.0758044010505927,0.0850708325147023,0.0180000000000001));
#8672=CARTESIAN_POINT('',(-0.0763464933274522,0.0820173892258409,0.021));
#8673=CARTESIAN_POINT('',(-0.0763464933274522,0.0820173892258409,0.0180000000000001));
#8674=CARTESIAN_POINT('',(-0.0770724997177578,0.0798379123174947,0.021));
#8675=CARTESIAN_POINT('',(-0.0770724997177578,0.0798379123174947,0.0180000000000001));
#8676=CARTESIAN_POINT('',(-0.0779789481720846,0.0778703361341376,0.021));
#8677=CARTESIAN_POINT('',(-0.0779789481720846,0.0778703361341376,0.0180000000000001));
#8678=CARTESIAN_POINT('',(-0.0789304343957763,0.07621441127744,0.021));
#8679=CARTESIAN_POINT('',(-0.0789304343957763,0.07621441127744,0.0180000000000001));
#8680=CARTESIAN_POINT('',(-0.0797956646943802,0.0749689684599843,0.021));
#8681=CARTESIAN_POINT('',(-0.0797956646943802,0.0749689684599843,0.0180000000000001));
#8682=CARTESIAN_POINT('',(-0.0803185935052694,0.074359924363102,0.021));
#8683=CARTESIAN_POINT('',(-0.0803185935052694,0.074359924363102,0.0180000000000001));
#8684=CARTESIAN_POINT('',(-0.0802902733268692,0.0742878125759693,0.021));
#8685=CARTESIAN_POINT('',(-0.0802902733268692,0.0742878125759693,0.0180000000000001));
#8686=CARTESIAN_POINT('',(-0.0799015553116661,0.074509532808715,0.021));
#8687=CARTESIAN_POINT('',(-0.0799015553116661,0.074509532808715,0.0180000000000001));
#8688=CARTESIAN_POINT('',(-0.078870180965157,0.0751629963425926,0.021));
#8689=CARTESIAN_POINT('',(-0.078870180965157,0.0751629963425926,0.0180000000000001));
#8690=CARTESIAN_POINT('',(-0.0770656528237294,0.0760994534798451,0.021));
#8691=CARTESIAN_POINT('',(-0.0770656528237294,0.0760994534798451,0.0180000000000001));
#8692=CARTESIAN_POINT('',(-0.0750437503300066,0.0766567032393714,0.021));
#8693=CARTESIAN_POINT('',(-0.0750437503300066,0.0766567032393714,0.0180000000000001));
#8694=CARTESIAN_POINT('',(-0.0729625802112102,0.0767251482859201,0.021));
#8695=CARTESIAN_POINT('',(-0.0729625802112102,0.0767251482859201,0.0180000000000001));
#8696=CARTESIAN_POINT('',(-0.0701957949597327,0.0762818863510234,0.021));
#8697=CARTESIAN_POINT('',(-0.0701957949597327,0.0762818863510234,0.0180000000000001));
#8698=CARTESIAN_POINT('',(-0.0670071426962025,0.0748259047872444,0.021));
#8699=CARTESIAN_POINT('',(-0.0670071426962025,0.0748259047872444,0.0180000000000001));
#8700=CARTESIAN_POINT('',(-0.0646091869470894,0.0725191101708516,0.021));
#8701=CARTESIAN_POINT('',(-0.0646091869470894,0.0725191101708516,0.0180000000000001));
#8702=CARTESIAN_POINT('',(-0.0631550720162505,0.0703911554330136,0.021));
#8703=CARTESIAN_POINT('',(-0.0631550720162505,0.0703911554330136,0.0180000000000001));
#8704=CARTESIAN_POINT('',(-0.0623125845359493,0.0687091621750757,0.021));
#8705=CARTESIAN_POINT('',(-0.0623125845359493,0.0687091621750757,0.0180000000000001));
#8706=CARTESIAN_POINT('',(-0.0616938159997343,0.0670044895315357,0.021));
#8707=CARTESIAN_POINT('',(-0.0616938159997343,0.0670044895315357,0.0180000000000001));
#8708=CARTESIAN_POINT('',(-0.061254490786467,0.0653484917115006,0.021));
#8709=CARTESIAN_POINT('',(-0.061254490786467,0.0653484917115006,0.0180000000000001));
#8710=CARTESIAN_POINT('',(-0.0609553761915812,0.0638013925139566,0.021));
#8711=CARTESIAN_POINT('',(-0.0609553761915812,0.0638013925139566,0.0180000000000001));
#8712=CARTESIAN_POINT('',(-0.0607541267766844,0.0624613026378307,0.021));
#8713=CARTESIAN_POINT('',(-0.0607541267766844,0.0624613026378307,0.0180000000000001));
#8714=CARTESIAN_POINT('',(-0.0606264949027628,0.062075317020555,0.021));
#8715=CARTESIAN_POINT('',(-0.0606264949027628,0.062075317020555,0.0180000000000001));
#8716=CARTESIAN_POINT('',(-0.0605088193028865,0.0630665341711006,0.021));
#8717=CARTESIAN_POINT('',(-0.0605088193028865,0.0630665341711006,0.0180000000000001));
#8718=CARTESIAN_POINT('',(-0.0601965046534111,0.0647447131731474,0.021));
#8719=CARTESIAN_POINT('',(-0.0601965046534111,0.0647447131731474,0.0180000000000001));
#8720=CARTESIAN_POINT('',(-0.0594715989161578,0.0664907524863623,0.021));
#8721=CARTESIAN_POINT('',(-0.0594715989161578,0.0664907524863623,0.0180000000000001));
#8722=CARTESIAN_POINT('',(-0.0583203072479326,0.0680956968347899,0.021));
#8723=CARTESIAN_POINT('',(-0.0583203072479326,0.0680956968347899,0.0180000000000001));
#8724=CARTESIAN_POINT('',(-0.0568055418821995,0.0695258756937769,0.021));
#8725=CARTESIAN_POINT('',(-0.0568055418821995,0.0695258756937769,0.0180000000000001));
#8726=CARTESIAN_POINT('',(-0.0549773290503789,0.0707044475978095,0.021));
#8727=CARTESIAN_POINT('',(-0.0549773290503789,0.0707044475978095,0.0180000000000001));
#8728=CARTESIAN_POINT('',(-0.0528661997191633,0.0715641240154014,0.021));
#8729=CARTESIAN_POINT('',(-0.0528661997191633,0.0715641240154014,0.0180000000000001));
#8730=CARTESIAN_POINT('',(-0.0506442018834847,0.0720465080111906,0.021));
#8731=CARTESIAN_POINT('',(-0.0506442018834847,0.0720465080111906,0.0180000000000001));
#8732=CARTESIAN_POINT('',(-0.0485628095071033,0.072096684988529,0.021));
#8733=CARTESIAN_POINT('',(-0.0485628095071033,0.072096684988529,0.0180000000000001));
#8734=CARTESIAN_POINT('',(-0.0468365380524728,0.0716697032517336,0.021));
#8735=CARTESIAN_POINT('',(-0.0468365380524728,0.0716697032517336,0.0180000000000001));
#8736=CARTESIAN_POINT('',(-0.0457562231686629,0.0706778914506319,0.021));
#8737=CARTESIAN_POINT('',(-0.0457562231686629,0.0706778914506319,0.0180000000000001));
#8738=CARTESIAN_POINT('',(-0.0451696955949216,0.0692985506911663,0.021));
#8739=CARTESIAN_POINT('',(-0.0451696955949216,0.0692985506911663,0.0180000000000001));
#8740=CARTESIAN_POINT('',(-0.0447574661419183,0.0678015941655766,0.021));
#8741=CARTESIAN_POINT('',(-0.0447574661419183,0.0678015941655766,0.0180000000000001));
#8742=CARTESIAN_POINT('',(-0.0441854858442103,0.0664927643513941,0.021));
#8743=CARTESIAN_POINT('',(-0.0441854858442103,0.0664927643513941,0.0180000000000001));
#8744=CARTESIAN_POINT('',(-0.0434914645195115,0.0652812644944804,0.021));
#8745=CARTESIAN_POINT('',(-0.0434914645195115,0.0652812644944804,0.0180000000000001));
#8746=CARTESIAN_POINT('',(-0.0428545361401909,0.0639322524133509,0.021));
#8747=CARTESIAN_POINT('',(-0.0428545361401909,0.0639322524133509,0.0180000000000001));
#8748=CARTESIAN_POINT('',(-0.0424430610801913,0.0622107181096027,0.021));
#8749=CARTESIAN_POINT('',(-0.0424430610801913,0.0622107181096027,0.0180000000000001));
#8750=CARTESIAN_POINT('',(-0.0422662649345014,0.0601208315238729,0.021));
#8751=CARTESIAN_POINT('',(-0.0422662649345014,0.0601208315238729,0.0180000000000001));
#8752=CARTESIAN_POINT('',(-0.042266860700749,0.0569786466376622,0.021));
#8753=CARTESIAN_POINT('',(-0.042266860700749,0.0569786466376622,0.0180000000000001));
#8754=CARTESIAN_POINT('',(-0.0427460513118483,0.0508137121552714,0.021));
#8755=CARTESIAN_POINT('',(-0.0427460513118483,0.0508137121552714,0.0180000000000001));
#8756=CARTESIAN_POINT('',(-0.0434313298738088,0.0454047250340751,0.021));
#8757=CARTESIAN_POINT('',(-0.0434313298738088,0.0454047250340751,0.0180000000000001));
#8758=CARTESIAN_POINT('',(-0.0427,0.04467435,0.021));
#8759=CARTESIAN_POINT('',(-0.0427,0.04467435,0.0180000000000001));
#8760=CARTESIAN_POINT('',(-0.000699999999999988,0.120532061235827,0.021));
#8761=CARTESIAN_POINT('',(-0.0427,0.04467435,0.021));
#8762=CARTESIAN_POINT('',(0.0275850336546754,2.81060696555316,0.01798));
#8763=CARTESIAN_POINT('',(0.0260430518530107,0.0446727584748299,0.01795));
#8764=CARTESIAN_POINT('',(0.0260425497572451,0.0446727587531102,0.0179));
#8765=CARTESIAN_POINT('',(0.0262425497107249,0.0446726545966913,0.02105));
#8766=CARTESIAN_POINT('',(0.0262425497107249,0.0446726545966913,0.0179));
#8767=CARTESIAN_POINT('',(0.0262425497107249,0.0446726545966913,0.0179));
#8768=CARTESIAN_POINT('',(0.0252482768616508,0.0446731364301129,0.0179));
#8769=CARTESIAN_POINT('',(0.0219712804905949,0.0446765056490204,0.0179));
#8770=CARTESIAN_POINT('',(0.0162909425150253,0.0446678365043487,0.0179));
#8771=CARTESIAN_POINT('',(0.0133427784127522,0.0446924883937208,0.0179));
#8772=CARTESIAN_POINT('',(0.00646872154658792,0.0445933494945471,0.0179));
#8773=CARTESIAN_POINT('',(0.00449734387790855,0.0448456698280517,0.0179));
#8774=CARTESIAN_POINT('',(0.00221329353941503,0.0441594147085509,0.0179));
#8775=CARTESIAN_POINT('',(0.0011091071536339,0.0449730492793092,0.0179));
#8776=CARTESIAN_POINT('',(0.000883318731741109,0.045190596499066,0.0179));
#8777=CARTESIAN_POINT('',(0.0275850336546754,2.81060696555316,0.02116));
#8778=CARTESIAN_POINT('',(0.0260425497107249,0.0446726545966913,0.02105));
#8779=CARTESIAN_POINT('',(0.0260426704678617,0.0446727066079806,0.02105));
#8780=CARTESIAN_POINT('',(0.0260430518530107,0.0446727584748299,0.0212));
#8781=CARTESIAN_POINT('',(0.0260425497572451,0.0446727587531102,0.0212));
#8782=CARTESIAN_POINT('',(0.0262425497107249,0.0446726545966913,0.0212));
#8783=CARTESIAN_POINT('',(0.0252482768616508,0.0446731364301129,0.0212));
#8784=CARTESIAN_POINT('',(0.0219712804905949,0.0446765056490204,0.0212));
#8785=CARTESIAN_POINT('',(0.0162909425150253,0.0446678365043487,0.0212));
#8786=CARTESIAN_POINT('',(0.0133427784127522,0.0446924883937208,0.0212));
#8787=CARTESIAN_POINT('',(0.00646872154658792,0.0445933494945471,0.0212));
#8788=CARTESIAN_POINT('',(0.00449734387790855,0.0448456698280517,0.0212));
#8789=CARTESIAN_POINT('',(0.00221329353941503,0.0441594147085509,0.0212));
#8790=CARTESIAN_POINT('',(0.0011091071536339,0.0449730492793092,0.0212));
#8791=CARTESIAN_POINT('',(0.000883318731741109,0.045190596499066,0.0212));
#8792=CARTESIAN_POINT('',(0.0262425497107249,0.0446726545966913,0.0212));
#8793=CARTESIAN_POINT('',(0.0262425497107249,0.0446726545966913,0.02105));
#8794=CARTESIAN_POINT('',(-0.0293406120919786,0.0913582719821865,0.0179));
#8795=CARTESIAN_POINT('',(0.0340453978955746,0.0550350695848465,0.0179));
#8796=CARTESIAN_POINT('',(0.0340447375828414,0.0546388844426867,0.0179));
#8797=CARTESIAN_POINT('',(0.0340437918858542,0.0540761157697518,0.0179));
#8798=CARTESIAN_POINT('',(0.0340530323176388,0.0525757052131858,0.0179));
#8799=CARTESIAN_POINT('',(0.0340221037002241,0.0516340701476338,0.0179));
#8800=CARTESIAN_POINT('',(0.0341405634736337,0.0505435291147347,0.0179));
#8801=CARTESIAN_POINT('',(0.033591331440483,0.0492574856560893,0.0179));
#8802=CARTESIAN_POINT('',(0.0319221987232342,0.0477063937869682,0.0179));
#8803=CARTESIAN_POINT('',(0.0281258354583034,0.0463978088833031,0.0179));
#8804=CARTESIAN_POINT('',(0.0221389476915541,0.0449608690785114,0.0179));
#8805=CARTESIAN_POINT('',(0.00836099945423913,0.0453523929512219,0.0179));
#8806=CARTESIAN_POINT('',(0.00720205762373759,0.045200331191605,0.0179));
#8807=CARTESIAN_POINT('',(0.000683318742583943,0.0451905964886313,0.0179));
#8808=CARTESIAN_POINT('',(0.0340453978955746,0.0550350695848465,0.0179));
#8809=CARTESIAN_POINT('',(0.0340453978955746,0.0602940805256367,0.0179));
#8810=CARTESIAN_POINT('',(-0.0341075147965193,0.0765591548963325,0.0179));
#8811=CARTESIAN_POINT('',(-0.0336166228920824,0.0761600177400886,0.0179));
#8812=CARTESIAN_POINT('',(-0.0326347216804311,0.0753616801069887,0.0179));
#8813=CARTESIAN_POINT('',(-0.0314482685206869,0.0744028376873442,0.0179));
#8814=CARTESIAN_POINT('',(-0.0305400406175473,0.0736761220423701,0.0179));
#8815=CARTESIAN_POINT('',(-0.0298678877030939,0.0731425282976888,0.0179));
#8816=CARTESIAN_POINT('',(-0.0291869027586444,0.0726062233840447,0.0179));
#8817=CARTESIAN_POINT('',(-0.028597346384948,0.0721458572957434,0.0179));
#8818=CARTESIAN_POINT('',(-0.0281052068250399,0.0717630577104312,0.0179));
#8819=CARTESIAN_POINT('',(-0.0276101852377383,0.0713839903289101,0.0179));
#8820=CARTESIAN_POINT('',(-0.0269754856794653,0.0709227353682991,0.0179));
#8821=CARTESIAN_POINT('',(-0.0261747003461896,0.0704162095146298,0.0179));
#8822=CARTESIAN_POINT('',(-0.0254629743724814,0.0700529354480967,0.0179));
#8823=CARTESIAN_POINT('',(-0.0248572144900499,0.069807801769986,0.0179));
#8824=CARTESIAN_POINT('',(-0.024226857742705,0.0695979860017479,0.0179));
#8825=CARTESIAN_POINT('',(-0.023343928926592,0.0693913372249036,0.0179));
#8826=CARTESIAN_POINT('',(-0.0221589236825563,0.0692243368945853,0.0179));
#8827=CARTESIAN_POINT('',(-0.0208760074699679,0.0691249284445051,0.0179));
#8828=CARTESIAN_POINT('',(-0.0195210298593359,0.0690752839973708,0.0179));
#8829=CARTESIAN_POINT('',(-0.0181195014618521,0.0690557657140899,0.0179));
#8830=CARTESIAN_POINT('',(-0.0166893756926158,0.0690439893353008,0.0179));
#8831=CARTESIAN_POINT('',(-0.0152708239736543,0.0690220212958603,0.0179));
#8832=CARTESIAN_POINT('',(-0.0138730431825175,0.0689952450144535,0.0179));
#8833=CARTESIAN_POINT('',(-0.0120421315829476,0.0689565612420795,0.0179));
#8834=CARTESIAN_POINT('',(-0.0102700296939537,0.0689199174665771,0.0179));
#8835=CARTESIAN_POINT('',(-0.00857935475810027,0.0688979045066811,0.0179));
#8836=CARTESIAN_POINT('',(-0.00694193605634489,0.068889072821103,0.0179));
#8837=CARTESIAN_POINT('',(-0.0049589549530681,0.068894423931745,0.0179));
#8838=CARTESIAN_POINT('',(-0.00274080830481985,0.0689043889568614,0.0179));
#8839=CARTESIAN_POINT('',(-0.00127530181569734,0.0688982155552843,0.0179));
#8840=CARTESIAN_POINT('',(-0.000606376255742376,0.0688947659354654,0.0179));
#8841=CARTESIAN_POINT('',(-0.0341075147965193,0.0765591548963325,0.0179));
#8842=CARTESIAN_POINT('',(-0.00060639294234341,0.0688954974177062,0.0179));
#8843=CARTESIAN_POINT('',(0.0327075147965193,0.0765591548963325,0.0179));
#8844=CARTESIAN_POINT('',(0.0322166228920824,0.0761600177400886,0.0179));
#8845=CARTESIAN_POINT('',(0.0312347216804311,0.0753616801069887,0.0179));
#8846=CARTESIAN_POINT('',(0.0300482685206869,0.0744028376873442,0.0179));
#8847=CARTESIAN_POINT('',(0.0291400406175473,0.0736761220423701,0.0179));
#8848=CARTESIAN_POINT('',(0.0284678877030939,0.0731425282976888,0.0179));
#8849=CARTESIAN_POINT('',(0.0277869027586444,0.0726062233840447,0.0179));
#8850=CARTESIAN_POINT('',(0.027197346384948,0.0721458572957434,0.0179));
#8851=CARTESIAN_POINT('',(0.0267052068250399,0.0717630577104312,0.0179));
#8852=CARTESIAN_POINT('',(0.0262101852377382,0.0713839903289101,0.0179));
#8853=CARTESIAN_POINT('',(0.0255754856794653,0.0709227353682991,0.0179));
#8854=CARTESIAN_POINT('',(0.0247747003461896,0.0704162095146298,0.0179));
#8855=CARTESIAN_POINT('',(0.0240629743724814,0.0700529354480967,0.0179));
#8856=CARTESIAN_POINT('',(0.0234572144900499,0.069807801769986,0.0179));
#8857=CARTESIAN_POINT('',(0.022826857742705,0.0695979860017479,0.0179));
#8858=CARTESIAN_POINT('',(0.021943928926592,0.0693913372249036,0.0179));
#8859=CARTESIAN_POINT('',(0.0207589236825562,0.0692243368945853,0.0179));
#8860=CARTESIAN_POINT('',(0.0194760074699679,0.0691249284445051,0.0179));
#8861=CARTESIAN_POINT('',(0.0181210298593359,0.0690752839973708,0.0179));
#8862=CARTESIAN_POINT('',(0.0167195014618522,0.0690557657140899,0.0179));
#8863=CARTESIAN_POINT('',(0.0152893756926158,0.0690439893353008,0.0179));
#8864=CARTESIAN_POINT('',(0.0138708239736543,0.0690220212958603,0.0179));
#8865=CARTESIAN_POINT('',(0.0124730431825175,0.0689952450144535,0.0179));
#8866=CARTESIAN_POINT('',(0.0106421315829476,0.0689565612420795,0.0179));
#8867=CARTESIAN_POINT('',(0.00887002969395375,0.0689199174665771,0.0179));
#8868=CARTESIAN_POINT('',(0.00717935475810027,0.0688979045066811,0.0179));
#8869=CARTESIAN_POINT('',(0.00554193605634489,0.068889072821103,0.0179));
#8870=CARTESIAN_POINT('',(0.0035589549530681,0.068894423931745,0.0179));
#8871=CARTESIAN_POINT('',(0.00134080830481985,0.0689043889568614,0.0179));
#8872=CARTESIAN_POINT('',(-0.000124698184302655,0.0688982155552843,0.0179));
#8873=CARTESIAN_POINT('',(-0.000793623744257625,0.0688947659354654,0.0179));
#8874=CARTESIAN_POINT('',(0.0327075147965193,0.0765591548963325,0.0179));
#8875=CARTESIAN_POINT('',(0.0340014563462459,0.077697075528218,0.0179));
#8876=CARTESIAN_POINT('',(0.0352953978955746,0.0788349961605613,0.0179));
#8877=CARTESIAN_POINT('',(0.0352953978955746,0.0669345120364424,0.0179));
#8878=CARTESIAN_POINT('',(0.0352953978955746,0.0550340279123236,0.0179));
#8879=CARTESIAN_POINT('',(0.0352953978955746,0.0550340279123236,0.0179));
#8880=CARTESIAN_POINT('',(0.0352953973168648,0.0550336806886399,0.0179));
#8881=CARTESIAN_POINT('',(0.035295396738155,0.0550333334649562,0.0179));
#8882=CARTESIAN_POINT('',(0.0352953961594452,0.0550329862412725,0.0179));
#8883=CARTESIAN_POINT('',(0.0352950247270648,0.0548101282180776,0.0179));
#8884=CARTESIAN_POINT('',(0.0352945860675643,0.0545428196456423,0.0179));
#8885=CARTESIAN_POINT('',(0.0352948756387908,0.0541953305657242,0.0179));
#8886=CARTESIAN_POINT('',(0.0352957816053976,0.0539020887723835,0.0179));
#8887=CARTESIAN_POINT('',(0.0352971476629928,0.0535634068541658,0.0179));
#8888=CARTESIAN_POINT('',(0.0352980161534076,0.0532056536057101,0.0179));
#8889=CARTESIAN_POINT('',(0.0352976870360723,0.0528481309594855,0.0179));
#8890=CARTESIAN_POINT('',(0.0352939469393061,0.0523913424955922,0.0179));
#8891=CARTESIAN_POINT('',(0.0352864520526859,0.0520352281709827,0.0179));
#8892=CARTESIAN_POINT('',(0.0352900332681999,0.0517716806891905,0.0179));
#8893=CARTESIAN_POINT('',(0.0352959569627911,0.051627040596068,0.0179));
#8894=CARTESIAN_POINT('',(0.0353056658389353,0.0514543747981123,0.0179));
#8895=CARTESIAN_POINT('',(0.0353210005716014,0.0511920220808231,0.0179));
#8896=CARTESIAN_POINT('',(0.0353245243124716,0.0508724767337073,0.0179));
#8897=CARTESIAN_POINT('',(0.0353064731090432,0.0505864772122718,0.0179));
#8898=CARTESIAN_POINT('',(0.0352775563794953,0.0503546934563272,0.0179));
#8899=CARTESIAN_POINT('',(0.035232111736029,0.050123217256486,0.0179));
#8900=CARTESIAN_POINT('',(0.0351518783329682,0.0498209710632256,0.0179));
#8901=CARTESIAN_POINT('',(0.0350163415110002,0.0494542855569379,0.0179));
#8902=CARTESIAN_POINT('',(0.0347328105083926,0.048895121431306,0.0179));
#8903=CARTESIAN_POINT('',(0.0342690526903941,0.048246939080196,0.0179));
#8904=CARTESIAN_POINT('',(0.0336665427074316,0.0476520892847274,0.0179));
#8905=CARTESIAN_POINT('',(0.033105252502644,0.0472162021540699,0.0179));
#8906=CARTESIAN_POINT('',(0.0326442520004412,0.04691020675982,0.0179));
#8907=CARTESIAN_POINT('',(0.0321480887736272,0.0466304895626157,0.0179));
#8908=CARTESIAN_POINT('',(0.03145894064527,0.0462951203802882,0.0179));
#8909=CARTESIAN_POINT('',(0.0305462577171352,0.0459288385913708,0.0179));
#8910=CARTESIAN_POINT('',(0.0293873312660681,0.0455455471388419,0.0179));
#8911=CARTESIAN_POINT('',(0.0281983417444564,0.045194308038407,0.0179));
#8912=CARTESIAN_POINT('',(0.0270820865354591,0.0449000741037784,0.0179));
#8913=CARTESIAN_POINT('',(0.0263368378053144,0.0447335299006365,0.0179));
#8914=CARTESIAN_POINT('',(0.0260425496995096,0.0446726545966963,0.0179));
#8915=CARTESIAN_POINT('',(0.0262425496995098,0.0446726545966963,0.0179));
#8916=CARTESIAN_POINT('',(0.0260612676032653,0.0446351552805835,0.0179));
#8917=CARTESIAN_POINT('',(0.0253914809942646,0.0445031150742773,0.0179));
#8918=CARTESIAN_POINT('',(0.0241488959875372,0.0443023203854667,0.0179));
#8919=CARTESIAN_POINT('',(0.0223844905430207,0.0441115558968622,0.0179));
#8920=CARTESIAN_POINT('',(0.0203912461461717,0.0439968188670082,0.0179));
#8921=CARTESIAN_POINT('',(0.0175680348236621,0.0439236083895156,0.0179));
#8922=CARTESIAN_POINT('',(0.0146859678811356,0.0439363619805149,0.0179));
#8923=CARTESIAN_POINT('',(0.0121618477873735,0.0439735066578774,0.0179));
#8924=CARTESIAN_POINT('',(0.0105504556944524,0.0439985971977261,0.0179));
#8925=CARTESIAN_POINT('',(0.00935185810480369,0.0440048255831441,0.0179));
#8926=CARTESIAN_POINT('',(0.0079366568933745,0.0439940360747388,0.0179));
#8927=CARTESIAN_POINT('',(0.00575895651843949,0.0439591570740537,0.0179));
#8928=CARTESIAN_POINT('',(0.0020934449619906,0.0439395296573638,0.0179));
#8929=CARTESIAN_POINT('',(-0.00059999999999999,0.0439395296573638,0.0179));
#8930=CARTESIAN_POINT('',(0.0161747035835872,0.0439345559691176,0.0179));
#8931=CARTESIAN_POINT('',(0.0262425496995098,0.0446726545966963,0.0179));
#8932=CARTESIAN_POINT('',(0.0260612676032653,0.0446351552805835,0.0179));
#8933=CARTESIAN_POINT('',(0.0253914809942646,0.0445031150742773,0.0179));
#8934=CARTESIAN_POINT('',(0.0241488959875372,0.0443023203854667,0.0179));
#8935=CARTESIAN_POINT('',(0.0223844905430207,0.0441115558968622,0.0179));
#8936=CARTESIAN_POINT('',(0.0203912461461717,0.0439968188670082,0.0179));
#8937=CARTESIAN_POINT('',(0.0175680348236621,0.0439236083895156,0.0179));
#8938=CARTESIAN_POINT('',(0.0146859678811356,0.0439363619805149,0.0179));
#8939=CARTESIAN_POINT('',(0.0121618477873735,0.0439735066578774,0.0179));
#8940=CARTESIAN_POINT('',(0.0105504556944524,0.0439985971977261,0.0179));
#8941=CARTESIAN_POINT('',(0.00935185810480369,0.0440048255831441,0.0179));
#8942=CARTESIAN_POINT('',(0.0079366568933745,0.0439940360747388,0.0179));
#8943=CARTESIAN_POINT('',(0.00575895651843949,0.0439591570740537,0.0179));
#8944=CARTESIAN_POINT('',(0.0020934449619906,0.0439395296573638,0.0179));
#8945=CARTESIAN_POINT('',(-0.00059999999999999,0.0439395296573638,0.0179));
#8946=CARTESIAN_POINT('',(0.00934794996682973,0.044002412700826,0.0179));
#8947=CARTESIAN_POINT('',(0.0262425496995098,0.0446726545966963,0.0179));
#8948=CARTESIAN_POINT('',(0.0260612676032653,0.0446351552805835,0.0179));
#8949=CARTESIAN_POINT('',(0.0253914809942646,0.0445031150742773,0.0179));
#8950=CARTESIAN_POINT('',(0.0241488959875372,0.0443023203854667,0.0179));
#8951=CARTESIAN_POINT('',(0.0223844905430207,0.0441115558968622,0.0179));
#8952=CARTESIAN_POINT('',(0.0203912461461717,0.0439968188670082,0.0179));
#8953=CARTESIAN_POINT('',(0.0175680348236621,0.0439236083895156,0.0179));
#8954=CARTESIAN_POINT('',(0.0146859678811356,0.0439363619805149,0.0179));
#8955=CARTESIAN_POINT('',(0.0121618477873735,0.0439735066578774,0.0179));
#8956=CARTESIAN_POINT('',(0.0105504556944524,0.0439985971977261,0.0179));
#8957=CARTESIAN_POINT('',(0.00935185810480369,0.0440048255831441,0.0179));
#8958=CARTESIAN_POINT('',(0.0079366568933745,0.0439940360747388,0.0179));
#8959=CARTESIAN_POINT('',(0.00575895651843949,0.0439591570740537,0.0179));
#8960=CARTESIAN_POINT('',(0.0020934449619906,0.0439395296573638,0.0179));
#8961=CARTESIAN_POINT('',(-0.00059999999999999,0.0439395296573638,0.0179));
#8962=CARTESIAN_POINT('',(-0.0276425496995098,0.0446726545966963,0.0179));
#8963=CARTESIAN_POINT('',(-0.0274612676032653,0.0446351552805835,0.0179));
#8964=CARTESIAN_POINT('',(-0.0267914809942646,0.0445031150742773,0.0179));
#8965=CARTESIAN_POINT('',(-0.0255488959875372,0.0443023203854667,0.0179));
#8966=CARTESIAN_POINT('',(-0.0237844905430208,0.0441115558968622,0.0179));
#8967=CARTESIAN_POINT('',(-0.0217912461461717,0.0439968188670082,0.0179));
#8968=CARTESIAN_POINT('',(-0.018968034823662,0.0439236083895156,0.0179));
#8969=CARTESIAN_POINT('',(-0.0160859678811357,0.0439363619805149,0.0179));
#8970=CARTESIAN_POINT('',(-0.0135618477873735,0.0439735066578774,0.0179));
#8971=CARTESIAN_POINT('',(-0.0119504556944524,0.0439985971977261,0.0179));
#8972=CARTESIAN_POINT('',(-0.0107518581048037,0.0440048255831441,0.0179));
#8973=CARTESIAN_POINT('',(-0.0093366568933745,0.0439940360747388,0.0179));
#8974=CARTESIAN_POINT('',(-0.00715895651843949,0.0439591570740537,0.0179));
#8975=CARTESIAN_POINT('',(-0.0034934449619906,0.0439395296573638,0.0179));
#8976=CARTESIAN_POINT('',(-0.00080000000000001,0.0439395296573638,0.0179));
#8977=CARTESIAN_POINT('',(-0.0107479505141592,0.0440024026762918,0.0179));
#8978=CARTESIAN_POINT('',(-0.0274425496995097,0.0446726545966963,0.0179));
#8979=CARTESIAN_POINT('',(-0.0272612676032652,0.0446351552805835,0.0179));
#8980=CARTESIAN_POINT('',(-0.0265914809942645,0.0445031150742773,0.0179));
#8981=CARTESIAN_POINT('',(-0.0253488959875372,0.0443023203854666,0.0179));
#8982=CARTESIAN_POINT('',(-0.0235844905430207,0.0441115558968622,0.0179));
#8983=CARTESIAN_POINT('',(-0.0215912461461717,0.0439968188670082,0.0179));
#8984=CARTESIAN_POINT('',(-0.018768034823662,0.0439236083895156,0.0179));
#8985=CARTESIAN_POINT('',(-0.0158859678811357,0.0439363619805149,0.0179));
#8986=CARTESIAN_POINT('',(-0.0133618477873735,0.0439735066578773,0.0179));
#8987=CARTESIAN_POINT('',(-0.0117504556944524,0.0439985971977261,0.0179));
#8988=CARTESIAN_POINT('',(-0.0105518581048037,0.0440048255831441,0.0179));
#8989=CARTESIAN_POINT('',(-0.00913665689337448,0.0439940360747388,0.0179));
#8990=CARTESIAN_POINT('',(-0.00695895651843948,0.0439591570740537,0.0179));
#8991=CARTESIAN_POINT('',(-0.00329344496199058,0.0439395296573638,0.0179));
#8992=CARTESIAN_POINT('',(-0.000599999999999993,0.0439395296573638,0.0179));
#8993=CARTESIAN_POINT('',(-0.0109739808276649,0.0440018784878745,0.0179));
#8994=CARTESIAN_POINT('',(-0.0276425496995098,0.0446726545966963,0.0179));
#8995=CARTESIAN_POINT('',(-0.0274612676032653,0.0446351552805835,0.0179));
#8996=CARTESIAN_POINT('',(-0.0267914809942646,0.0445031150742773,0.0179));
#8997=CARTESIAN_POINT('',(-0.0255488959875372,0.0443023203854667,0.0179));
#8998=CARTESIAN_POINT('',(-0.0237844905430208,0.0441115558968622,0.0179));
#8999=CARTESIAN_POINT('',(-0.0217912461461717,0.0439968188670082,0.0179));
#9000=CARTESIAN_POINT('',(-0.018968034823662,0.0439236083895156,0.0179));
#9001=CARTESIAN_POINT('',(-0.0160859678811357,0.0439363619805149,0.0179));
#9002=CARTESIAN_POINT('',(-0.0135618477873735,0.0439735066578774,0.0179));
#9003=CARTESIAN_POINT('',(-0.0119504556944524,0.0439985971977261,0.0179));
#9004=CARTESIAN_POINT('',(-0.0107518581048037,0.0440048255831441,0.0179));
#9005=CARTESIAN_POINT('',(-0.0093366568933745,0.0439940360747388,0.0179));
#9006=CARTESIAN_POINT('',(-0.00715895651843949,0.0439591570740537,0.0179));
#9007=CARTESIAN_POINT('',(-0.0034934449619906,0.0439395296573638,0.0179));
#9008=CARTESIAN_POINT('',(-0.00080000000000001,0.0439395296573638,0.0179));
#9009=CARTESIAN_POINT('',(-0.017253616714861,0.0439346823481971,0.0179));
#9010=CARTESIAN_POINT('',(-0.0274425496995097,0.0446726545966963,0.0179));
#9011=CARTESIAN_POINT('',(-0.0272612676032652,0.0446351552805835,0.0179));
#9012=CARTESIAN_POINT('',(-0.0265914809942645,0.0445031150742773,0.0179));
#9013=CARTESIAN_POINT('',(-0.0253488959875372,0.0443023203854666,0.0179));
#9014=CARTESIAN_POINT('',(-0.0235844905430207,0.0441115558968622,0.0179));
#9015=CARTESIAN_POINT('',(-0.0215912461461717,0.0439968188670082,0.0179));
#9016=CARTESIAN_POINT('',(-0.018768034823662,0.0439236083895156,0.0179));
#9017=CARTESIAN_POINT('',(-0.0158859678811357,0.0439363619805149,0.0179));
#9018=CARTESIAN_POINT('',(-0.0133618477873735,0.0439735066578773,0.0179));
#9019=CARTESIAN_POINT('',(-0.0117504556944524,0.0439985971977261,0.0179));
#9020=CARTESIAN_POINT('',(-0.0105518581048037,0.0440048255831441,0.0179));
#9021=CARTESIAN_POINT('',(-0.00913665689337448,0.0439940360747388,0.0179));
#9022=CARTESIAN_POINT('',(-0.00695895651843948,0.0439591570740537,0.0179));
#9023=CARTESIAN_POINT('',(-0.00329344496199058,0.0439395296573638,0.0179));
#9024=CARTESIAN_POINT('',(-0.000599999999999993,0.0439395296573638,0.0179));
#9025=CARTESIAN_POINT('',(-0.0175776506527344,0.0439345540336359,0.0179));
#9026=CARTESIAN_POINT('',(-0.0274425496995097,0.0446726545966963,0.0179));
#9027=CARTESIAN_POINT('',(-0.0272612676032652,0.0446351552805835,0.0179));
#9028=CARTESIAN_POINT('',(-0.0265914809942645,0.0445031150742773,0.0179));
#9029=CARTESIAN_POINT('',(-0.0253488959875372,0.0443023203854666,0.0179));
#9030=CARTESIAN_POINT('',(-0.0235844905430207,0.0441115558968622,0.0179));
#9031=CARTESIAN_POINT('',(-0.0215912461461717,0.0439968188670082,0.0179));
#9032=CARTESIAN_POINT('',(-0.018768034823662,0.0439236083895156,0.0179));
#9033=CARTESIAN_POINT('',(-0.0158859678811357,0.0439363619805149,0.0179));
#9034=CARTESIAN_POINT('',(-0.0133618477873735,0.0439735066578773,0.0179));
#9035=CARTESIAN_POINT('',(-0.0117504556944524,0.0439985971977261,0.0179));
#9036=CARTESIAN_POINT('',(-0.0105518581048037,0.0440048255831441,0.0179));
#9037=CARTESIAN_POINT('',(-0.00913665689337448,0.0439940360747388,0.0179));
#9038=CARTESIAN_POINT('',(-0.00695895651843948,0.0439591570740537,0.0179));
#9039=CARTESIAN_POINT('',(-0.00329344496199058,0.0439395296573638,0.0179));
#9040=CARTESIAN_POINT('',(-0.000599999999999993,0.0439395296573638,0.0179));
#9041=CARTESIAN_POINT('',(-0.0178910612370766,0.0439348769912249,0.0179));
#9042=CARTESIAN_POINT('',(-0.0276425496995098,0.0446726545966963,0.0179));
#9043=CARTESIAN_POINT('',(-0.0274612676032653,0.0446351552805835,0.0179));
#9044=CARTESIAN_POINT('',(-0.0267914809942646,0.0445031150742773,0.0179));
#9045=CARTESIAN_POINT('',(-0.0255488959875372,0.0443023203854667,0.0179));
#9046=CARTESIAN_POINT('',(-0.0237844905430208,0.0441115558968622,0.0179));
#9047=CARTESIAN_POINT('',(-0.0217912461461717,0.0439968188670082,0.0179));
#9048=CARTESIAN_POINT('',(-0.018968034823662,0.0439236083895156,0.0179));
#9049=CARTESIAN_POINT('',(-0.0160859678811357,0.0439363619805149,0.0179));
#9050=CARTESIAN_POINT('',(-0.0135618477873735,0.0439735066578774,0.0179));
#9051=CARTESIAN_POINT('',(-0.0119504556944524,0.0439985971977261,0.0179));
#9052=CARTESIAN_POINT('',(-0.0107518581048037,0.0440048255831441,0.0179));
#9053=CARTESIAN_POINT('',(-0.0093366568933745,0.0439940360747388,0.0179));
#9054=CARTESIAN_POINT('',(-0.00715895651843949,0.0439591570740537,0.0179));
#9055=CARTESIAN_POINT('',(-0.0034934449619906,0.0439395296573638,0.0179));
#9056=CARTESIAN_POINT('',(-0.00080000000000001,0.0439395296573638,0.0179));
#9057=CARTESIAN_POINT('',(-0.0276425497107249,0.0446726545966913,0.0179));
#9058=CARTESIAN_POINT('',(-0.0276425497107249,0.0446726545966913,0.0179));
#9059=CARTESIAN_POINT('',(-0.0266482768616507,0.0446731364301129,0.0179));
#9060=CARTESIAN_POINT('',(-0.0233712804905949,0.0446765056490204,0.0179));
#9061=CARTESIAN_POINT('',(-0.0176909425150253,0.0446678365043487,0.0179));
#9062=CARTESIAN_POINT('',(-0.0147427784127522,0.0446924883937208,0.0179));
#9063=CARTESIAN_POINT('',(-0.00786872154658792,0.0445933494945471,0.0179));
#9064=CARTESIAN_POINT('',(-0.00589734387790855,0.0448456698280517,0.0179));
#9065=CARTESIAN_POINT('',(-0.00361329353941503,0.0441594147085509,0.0179));
#9066=CARTESIAN_POINT('',(-0.0025091071536339,0.0449730492793092,0.0179));
#9067=CARTESIAN_POINT('',(-0.00228331873174111,0.045190596499066,0.0179));
#9068=CARTESIAN_POINT('',(-0.02744279122522,0.0446727546454295,0.0179));
#9069=CARTESIAN_POINT('',(-0.0366953978955745,0.0550340279123236,0.0179));
#9070=CARTESIAN_POINT('',(-0.0366953973168648,0.0550336806886399,0.0179));
#9071=CARTESIAN_POINT('',(-0.036695396738155,0.0550333334649562,0.0179));
#9072=CARTESIAN_POINT('',(-0.0366953961594452,0.0550329862412725,0.0179));
#9073=CARTESIAN_POINT('',(-0.0366950247270649,0.0548101282180776,0.0179));
#9074=CARTESIAN_POINT('',(-0.0366945860675643,0.0545428196456423,0.0179));
#9075=CARTESIAN_POINT('',(-0.0366948756387908,0.0541953305657242,0.0179));
#9076=CARTESIAN_POINT('',(-0.0366957816053976,0.0539020887723835,0.0179));
#9077=CARTESIAN_POINT('',(-0.0366971476629928,0.0535634068541658,0.0179));
#9078=CARTESIAN_POINT('',(-0.0366980161534076,0.0532056536057101,0.0179));
#9079=CARTESIAN_POINT('',(-0.0366976870360722,0.0528481309594855,0.0179));
#9080=CARTESIAN_POINT('',(-0.0366939469393061,0.0523913424955922,0.0179));
#9081=CARTESIAN_POINT('',(-0.0366864520526859,0.0520352281709827,0.0179));
#9082=CARTESIAN_POINT('',(-0.0366900332681999,0.0517716806891905,0.0179));
#9083=CARTESIAN_POINT('',(-0.0366959569627911,0.051627040596068,0.0179));
#9084=CARTESIAN_POINT('',(-0.0367056658389353,0.0514543747981123,0.0179));
#9085=CARTESIAN_POINT('',(-0.0367210005716014,0.0511920220808231,0.0179));
#9086=CARTESIAN_POINT('',(-0.0367245243124716,0.0508724767337073,0.0179));
#9087=CARTESIAN_POINT('',(-0.0367064731090432,0.0505864772122718,0.0179));
#9088=CARTESIAN_POINT('',(-0.0366775563794953,0.0503546934563272,0.0179));
#9089=CARTESIAN_POINT('',(-0.036632111736029,0.050123217256486,0.0179));
#9090=CARTESIAN_POINT('',(-0.0365518783329682,0.0498209710632256,0.0179));
#9091=CARTESIAN_POINT('',(-0.0364163415110002,0.0494542855569379,0.0179));
#9092=CARTESIAN_POINT('',(-0.0361328105083926,0.048895121431306,0.0179));
#9093=CARTESIAN_POINT('',(-0.0356690526903941,0.048246939080196,0.0179));
#9094=CARTESIAN_POINT('',(-0.0350665427074316,0.0476520892847274,0.0179));
#9095=CARTESIAN_POINT('',(-0.034505252502644,0.0472162021540699,0.0179));
#9096=CARTESIAN_POINT('',(-0.0340442520004412,0.04691020675982,0.0179));
#9097=CARTESIAN_POINT('',(-0.0335480887736272,0.0466304895626157,0.0179));
#9098=CARTESIAN_POINT('',(-0.03285894064527,0.0462951203802882,0.0179));
#9099=CARTESIAN_POINT('',(-0.0319462577171351,0.0459288385913708,0.0179));
#9100=CARTESIAN_POINT('',(-0.0307873312660681,0.0455455471388419,0.0179));
#9101=CARTESIAN_POINT('',(-0.0295983417444564,0.045194308038407,0.0179));
#9102=CARTESIAN_POINT('',(-0.028482086535459,0.0449000741037784,0.0179));
#9103=CARTESIAN_POINT('',(-0.0277368378053145,0.0447335299006365,0.0179));
#9104=CARTESIAN_POINT('',(-0.0274425496995097,0.0446726545966963,0.0179));
#9105=CARTESIAN_POINT('',(-0.0366953978955745,0.0550340279123236,0.0179));
#9106=CARTESIAN_POINT('',(-0.0366953978955745,0.0669345120364424,0.0179));
#9107=CARTESIAN_POINT('',(-0.0366953978955745,0.0788349961605613,0.0179));
#9108=CARTESIAN_POINT('',(-0.0354014563462458,0.077697075528218,0.0179));
#9109=CARTESIAN_POINT('',(0.0395,0.04177435,0.021));
#9110=CARTESIAN_POINT('',(0.0394,0.040327802385851,0.0195));
#9111=CARTESIAN_POINT('',(0.038153973984112,0.0423135289729296,0.018));
#9112=CARTESIAN_POINT('',(0.01195,-0.01804065,0.021));
#9113=CARTESIAN_POINT('',(0.01145,-0.01804065,0.021));
#9114=CARTESIAN_POINT('',(0.01195,-0.03104065,0.021));
#9115=CARTESIAN_POINT('',(0.01145,-0.03104065,0.021));
#9116=CARTESIAN_POINT('',(-0.0071,-0.01804065,0.021));
#9117=CARTESIAN_POINT('',(-0.0076,-0.01804065,0.021));
#9118=CARTESIAN_POINT('',(-0.0071,-0.03104065,0.021));
#9119=CARTESIAN_POINT('',(-0.0076,-0.03104065,0.021));
#9120=CARTESIAN_POINT('',(-0.02615,-0.01804065,0.021));
#9121=CARTESIAN_POINT('',(-0.02665,-0.01804065,0.021));
#9122=CARTESIAN_POINT('',(-0.02615,-0.03104065,0.021));
#9123=CARTESIAN_POINT('',(-0.02665,-0.03104065,0.021));
#9124=CARTESIAN_POINT('',(0.01195,0.00100935,0.021));
#9125=CARTESIAN_POINT('',(0.01145,0.00100935,0.021));
#9126=CARTESIAN_POINT('',(0.01195,-0.01199065,0.021));
#9127=CARTESIAN_POINT('',(0.01145,-0.01199065,0.021));
#9128=CARTESIAN_POINT('',(-0.0071,0.00100935,0.021));
#9129=CARTESIAN_POINT('',(-0.0076,0.00100935,0.021));
#9130=CARTESIAN_POINT('',(-0.0071,-0.01199065,0.021));
#9131=CARTESIAN_POINT('',(-0.0076,-0.01199065,0.021));
#9132=CARTESIAN_POINT('',(-0.02615,0.00100935,0.021));
#9133=CARTESIAN_POINT('',(-0.02665,0.00100935,0.021));
#9134=CARTESIAN_POINT('',(-0.02615,-0.01199065,0.021));
#9135=CARTESIAN_POINT('',(-0.02665,-0.01199065,0.021));
#9136=CARTESIAN_POINT('',(0.01195,0.02005935,0.021));
#9137=CARTESIAN_POINT('',(0.01145,0.02005935,0.021));
#9138=CARTESIAN_POINT('',(0.01195,0.00705935,0.021));
#9139=CARTESIAN_POINT('',(0.01145,0.00705935,0.021));
#9140=CARTESIAN_POINT('',(-0.0071,0.02005935,0.021));
#9141=CARTESIAN_POINT('',(-0.0076,0.02005935,0.021));
#9142=CARTESIAN_POINT('',(-0.0071,0.00705935,0.021));
#9143=CARTESIAN_POINT('',(-0.0076,0.00705935,0.021));
#9144=CARTESIAN_POINT('',(-0.02615,0.02005935,0.021));
#9145=CARTESIAN_POINT('',(-0.02665,0.02005935,0.021));
#9146=CARTESIAN_POINT('',(-0.02615,0.00705935,0.021));
#9147=CARTESIAN_POINT('',(-0.02665,0.00705935,0.021));
#9148=CARTESIAN_POINT('',(0.01195,0.03910935,0.021));
#9149=CARTESIAN_POINT('',(0.01145,0.03910935,0.021));
#9150=CARTESIAN_POINT('',(0.01195,0.02610935,0.021));
#9151=CARTESIAN_POINT('',(0.01145,0.02610935,0.021));
#9152=CARTESIAN_POINT('',(-0.0071,0.03910935,0.021));
#9153=CARTESIAN_POINT('',(-0.0076,0.03910935,0.021));
#9154=CARTESIAN_POINT('',(-0.0071,0.02610935,0.021));
#9155=CARTESIAN_POINT('',(-0.0076,0.02610935,0.021));
#9156=CARTESIAN_POINT('',(-0.02615,0.03910935,0.021));
#9157=CARTESIAN_POINT('',(-0.02665,0.03910935,0.021));
#9158=CARTESIAN_POINT('',(-0.02615,0.02610935,0.021));
#9159=CARTESIAN_POINT('',(-0.02665,0.02610935,0.021));
#9160=CARTESIAN_POINT('',(0.0249,-0.05648065,0.021));
#9161=CARTESIAN_POINT('',(0.0406,-0.05648065,0.021));
#9162=CARTESIAN_POINT('',(-0.042,-0.05648065,0.021));
#9163=CARTESIAN_POINT('',(0.0415,-0.00590315,0.021));
#9164=CARTESIAN_POINT('',(0.0415,-0.05558065,0.018));
#9165=CARTESIAN_POINT('',(-0.0407,-0.05408065,0.021));
#9166=CARTESIAN_POINT('',(-0.0408,-0.052634102385851,0.0195));
#9167=CARTESIAN_POINT('',(-0.0408,-0.0555271976141489,0.0195));
#9168=CARTESIAN_POINT('',(0.01145,-0.02454065,0.021));
#9169=CARTESIAN_POINT('',(-0.0076,-0.02454065,0.021));
#9170=CARTESIAN_POINT('',(-0.02665,-0.02454065,0.021));
#9171=CARTESIAN_POINT('',(0.01145,-0.00549065,0.021));
#9172=CARTESIAN_POINT('',(-0.0076,-0.00549065,0.021));
#9173=CARTESIAN_POINT('',(-0.02665,-0.00549065,0.021));
#9174=CARTESIAN_POINT('',(0.01145,0.01355935,0.021));
#9175=CARTESIAN_POINT('',(-0.0076,0.01355935,0.021));
#9176=CARTESIAN_POINT('',(-0.02665,0.01355935,0.021));
#9177=CARTESIAN_POINT('',(0.01145,0.03260935,0.021));
#9178=CARTESIAN_POINT('',(-0.0076,0.03260935,0.021));
#9179=CARTESIAN_POINT('',(-0.02665,0.03260935,0.021));
#9180=CARTESIAN_POINT('',(0.0395,-1.56142466891289E-19,0.021));
#9181=CARTESIAN_POINT('',(0.0394,0.00144654761414894,0.0195));
#9182=CARTESIAN_POINT('',(0.0394,-0.00144654761414894,0.0195));
#9183=CARTESIAN_POINT('',(0.0395,-0.05408065,0.021));
#9184=CARTESIAN_POINT('',(0.0394,-0.052634102385851,0.0195));
#9185=CARTESIAN_POINT('',(0.0394,-0.0555271976141489,0.0195));
#9186=CARTESIAN_POINT('',(-0.0407,8.87868929381831E-20,0.021));
#9187=CARTESIAN_POINT('',(-0.0408,0.00144654761414894,0.0195));
#9188=CARTESIAN_POINT('',(-0.0408,-0.00144654761414894,0.0195));
#9189=CARTESIAN_POINT('',(0.0406,-0.05558065,0.021));
#9190=CARTESIAN_POINT('',(-0.0260176154469391,0.0934483913112744,0.021));
#9191=CARTESIAN_POINT('',(-0.0266720727086067,0.101634353399277,0.0191));
#9192=CARTESIAN_POINT('',(-0.0266720727086067,0.101634353399277,0.0191));
#9193=CARTESIAN_POINT('',(-0.0266720727086067,0.101634353399277,0.021));
#9194=CARTESIAN_POINT('',(-0.0268721828014734,0.101615885377197,0.021));
#9195=CARTESIAN_POINT('',(-0.0268721828014734,0.101615885377197,0.0191));
#9196=CARTESIAN_POINT('',(-0.026872182801471,0.101615885377197,0.0191));
#9197=CARTESIAN_POINT('',(-0.0268721828014734,0.101615885377197,0.021));
#9198=CARTESIAN_POINT('',(-0.0268721828014734,0.101615885377197,0.0191));
#9199=CARTESIAN_POINT('',(-0.0279944735096377,0.101498355702669,0.021));
#9200=CARTESIAN_POINT('',(-0.0279944735096377,0.101498355702669,0.0191));
#9201=CARTESIAN_POINT('',(-0.0300949753710884,0.100801415421759,0.021));
#9202=CARTESIAN_POINT('',(-0.0300949753710884,0.100801415421759,0.0191));
#9203=CARTESIAN_POINT('',(-0.033810030604047,0.0982416139723688,0.021));
#9204=CARTESIAN_POINT('',(-0.033810030604047,0.0982416139723688,0.0191));
#9205=CARTESIAN_POINT('',(-0.0361978811748984,0.0954285293298841,0.021));
#9206=CARTESIAN_POINT('',(-0.0361978811748984,0.0954285293298841,0.0191));
#9207=CARTESIAN_POINT('',(-0.0377937342078918,0.0921874757895358,0.021));
#9208=CARTESIAN_POINT('',(-0.0377937342078918,0.0921874757895358,0.0191));
#9209=CARTESIAN_POINT('',(-0.0381219497323249,0.0894504888449021,0.021));
#9210=CARTESIAN_POINT('',(-0.0381219497323249,0.0894504888449021,0.0191));
#9211=CARTESIAN_POINT('',(-0.037970008523819,0.0876445194474171,0.021));
#9212=CARTESIAN_POINT('',(-0.037970008523819,0.0876445194474171,0.0191));
#9213=CARTESIAN_POINT('',(-0.0268721828014734,0.101615885377197,0.0191));
#9214=CARTESIAN_POINT('',(-0.0279869388862202,0.101499144751203,0.0191));
#9215=CARTESIAN_POINT('',(-0.0306012890587349,0.100635846406924,0.0191));
#9216=CARTESIAN_POINT('',(-0.0369746845015404,0.0958848351915684,0.0191));
#9217=CARTESIAN_POINT('',(-0.038199296915212,0.0903698355228005,0.0191));
#9218=CARTESIAN_POINT('',(-0.037970008523819,0.0876445194474171,0.0191));
#9219=CARTESIAN_POINT('',(-0.037970008523819,0.0876445194474171,0.0191));
#9220=CARTESIAN_POINT('',(-0.037970008523819,0.0876445194474171,0.021));
#9221=CARTESIAN_POINT('',(-0.037961073186984,0.0875445054976166,0.0210000000059063));
#9222=CARTESIAN_POINT('',(-0.0379702490393828,0.0876445194387174,0.0191));
#9223=CARTESIAN_POINT('',(-0.0379516594111797,0.087444519438594,0.021));
#9224=CARTESIAN_POINT('',(-0.0379516594111797,0.087444519438594,0.0191));
#9225=CARTESIAN_POINT('',(-0.0379518998926582,0.0874445194387174,0.0191));
#9226=CARTESIAN_POINT('',(-0.0379516594111797,0.087444519438594,0.021));
#9227=CARTESIAN_POINT('',(-0.0379516594111797,0.087444519438594,0.0191));
#9228=CARTESIAN_POINT('',(-0.0376758543738958,0.0846688342291662,0.021));
#9229=CARTESIAN_POINT('',(-0.0376758543738958,0.0846688342291662,0.0191));
#9230=CARTESIAN_POINT('',(-0.0353774751683352,0.0792306643707726,0.021));
#9231=CARTESIAN_POINT('',(-0.0353774751683352,0.0792306643707726,0.0191));
#9232=CARTESIAN_POINT('',(-0.0297231297400813,0.0768653652629224,0.021));
#9233=CARTESIAN_POINT('',(-0.0297231297400813,0.0768653652629224,0.0191));
#9234=CARTESIAN_POINT('',(-0.0270165966109392,0.0766323120590644,0.021));
#9235=CARTESIAN_POINT('',(-0.0270165966109392,0.0766323120590644,0.0191));
#9236=CARTESIAN_POINT('',(-0.0379516594111797,0.087444519438594,0.0191));
#9237=CARTESIAN_POINT('',(-0.0376732049336723,0.0846421704230432,0.0191));
#9238=CARTESIAN_POINT('',(-0.0353536437736056,0.0792076107803263,0.0191));
#9239=CARTESIAN_POINT('',(-0.029697130223142,0.0768631265056516,0.0191));
#9240=CARTESIAN_POINT('',(-0.0270165966109392,0.0766323120590644,0.0191));
#9241=CARTESIAN_POINT('',(-0.0270165966138892,0.0766323120590831,0.0191));
#9242=CARTESIAN_POINT('',(-0.0270165966109429,0.0766323120590658,0.021));
#9243=CARTESIAN_POINT('',(-0.0260068580802741,0.0883556126903208,0.021));
#9244=CARTESIAN_POINT('',(-0.0270165966138892,0.0766323120590831,0.0191));
#9245=CARTESIAN_POINT('',(-0.0268166828900576,0.0766168087720871,0.021));
#9246=CARTESIAN_POINT('',(-0.0268166828900576,0.0766168087720871,0.0191));
#9247=CARTESIAN_POINT('',(-0.0268166828900576,0.0766168087720871,0.0191));
#9248=CARTESIAN_POINT('',(-0.0268166828900576,0.0766168087720871,0.021));
#9249=CARTESIAN_POINT('',(-0.0268166828900576,0.0766168087720871,0.0191));
#9250=CARTESIAN_POINT('',(-0.025352226663891,0.0765158149347882,0.021));
#9251=CARTESIAN_POINT('',(-0.025352226663891,0.0765158149347882,0.0191));
#9252=CARTESIAN_POINT('',(-0.0225114142130293,0.0768707646482406,0.021));
#9253=CARTESIAN_POINT('',(-0.0225114142130293,0.0768707646482406,0.0191));
#9254=CARTESIAN_POINT('',(-0.0183660102959701,0.0784814857496535,0.021));
#9255=CARTESIAN_POINT('',(-0.0183660102959701,0.0784814857496535,0.0191));
#9256=CARTESIAN_POINT('',(-0.0149390128588237,0.0801157554540002,0.021));
#9257=CARTESIAN_POINT('',(-0.0149390128588237,0.0801157554540002,0.0191));
#9258=CARTESIAN_POINT('',(-0.0123336217083612,0.0809402186751387,0.021));
#9259=CARTESIAN_POINT('',(-0.0123336217083612,0.0809402186751387,0.0191));
#9260=CARTESIAN_POINT('',(-0.0104614802529035,0.0811489416603347,0.021));
#9261=CARTESIAN_POINT('',(-0.0104614802529035,0.0811489416603347,0.0191));
#9262=CARTESIAN_POINT('',(-0.00878383000127619,0.0809198602871542,0.021));
#9263=CARTESIAN_POINT('',(-0.00878383000127619,0.0809198602871542,0.0191));
#9264=CARTESIAN_POINT('',(-0.00743787768658759,0.0802444173541865,0.021));
#9265=CARTESIAN_POINT('',(-0.00743787768658759,0.0802444173541865,0.0191));
#9266=CARTESIAN_POINT('',(-0.0067021733583708,0.0793556959933889,0.021));
#9267=CARTESIAN_POINT('',(-0.0067021733583708,0.0793556959933889,0.0191));
#9268=CARTESIAN_POINT('',(-0.00641034160912216,0.0791428444249987,0.021));
#9269=CARTESIAN_POINT('',(-0.00641034160912216,0.0791428444249987,0.0191));
#9270=CARTESIAN_POINT('',(-0.00634103875974781,0.0794966377089711,0.021));
#9271=CARTESIAN_POINT('',(-0.00634103875974781,0.0794966377089711,0.0191));
#9272=CARTESIAN_POINT('',(-0.00660946692469197,0.0808244701411715,0.021));
#9273=CARTESIAN_POINT('',(-0.00660946692469197,0.0808244701411715,0.0191));
#9274=CARTESIAN_POINT('',(-0.00728886487464636,0.0831607839689713,0.021));
#9275=CARTESIAN_POINT('',(-0.00728886487464636,0.0831607839689713,0.0191));
#9276=CARTESIAN_POINT('',(-0.00808711644866009,0.0854874684979956,0.021));
#9277=CARTESIAN_POINT('',(-0.00808711644866009,0.0854874684979956,0.0191));
#9278=CARTESIAN_POINT('',(-0.00862849515061637,0.0868074731112098,0.021));
#9279=CARTESIAN_POINT('',(-0.00862849515061637,0.0868074731112098,0.0191));
#9280=CARTESIAN_POINT('',(-0.0089130128950291,0.0874445194312232,0.021));
#9281=CARTESIAN_POINT('',(-0.0089130128950291,0.0874445194312232,0.0191));
#9282=CARTESIAN_POINT('',(-0.0268166828900576,0.0766168087720871,0.0191));
#9283=CARTESIAN_POINT('',(-0.0241640582345073,0.076433874835182,0.0191));
#9284=CARTESIAN_POINT('',(-0.0191569941919167,0.0779028554218179,0.0191));
#9285=CARTESIAN_POINT('',(-0.0123239249757825,0.0815668852948681,0.0191));
#9286=CARTESIAN_POINT('',(-0.0076756550780284,0.0808667850924771,0.0191));
#9287=CARTESIAN_POINT('',(-0.00577926989100115,0.0779180063049179,0.0191));
#9288=CARTESIAN_POINT('',(-0.00730885247545034,0.0834922310128002,0.0191));
#9289=CARTESIAN_POINT('',(-0.00849881169917841,0.0865171068084834,0.0191));
#9290=CARTESIAN_POINT('',(-0.0089130128950291,0.0874445194312232,0.0191));
#9291=CARTESIAN_POINT('',(-0.0089130128950291,0.0874445194312232,0.0191));
#9292=CARTESIAN_POINT('',(-0.0089130128950291,0.0874445194312232,0.021));
#9293=CARTESIAN_POINT('',(-0.00895802116155942,0.0875446653379284,0.0210000000059063));
#9294=CARTESIAN_POINT('',(-0.00891288281025612,0.0874445194387174,0.0210000000059063));
#9295=CARTESIAN_POINT('',(-0.00900315807635652,0.0876445194278298,0.021));
#9296=CARTESIAN_POINT('',(-0.00900315807635652,0.0876445194278298,0.0191));
#9297=CARTESIAN_POINT('',(-0.0090030279917542,0.0876445194387174,0.0210000000059063));
#9298=CARTESIAN_POINT('',(-0.00900315807635652,0.0876445194278298,0.021));
#9299=CARTESIAN_POINT('',(-0.00900315807635652,0.0876445194278298,0.0191));
#9300=CARTESIAN_POINT('',(-0.00942840903305229,0.0885794269351364,0.021));
#9301=CARTESIAN_POINT('',(-0.00942840903305229,0.0885794269351364,0.0191));
#9302=CARTESIAN_POINT('',(-0.0103329581208315,0.0903223801149131,0.021));
#9303=CARTESIAN_POINT('',(-0.0103329581208315,0.0903223801149131,0.0191));
#9304=CARTESIAN_POINT('',(-0.011979101269094,0.0929720143360205,0.021));
#9305=CARTESIAN_POINT('',(-0.011979101269094,0.0929720143360205,0.0191));
#9306=CARTESIAN_POINT('',(-0.0139766559482607,0.0955979962770225,0.021));
#9307=CARTESIAN_POINT('',(-0.0139766559482607,0.0955979962770225,0.0191));
#9308=CARTESIAN_POINT('',(-0.0171772247037043,0.0986820537627018,0.021));
#9309=CARTESIAN_POINT('',(-0.0171772247037043,0.0986820537627018,0.0191));
#9310=CARTESIAN_POINT('',(-0.0221674169445887,0.101276039643169,0.021));
#9311=CARTESIAN_POINT('',(-0.0221674169445887,0.101276039643169,0.0191));
#9312=CARTESIAN_POINT('',(-0.0252730424347274,0.101746339343401,0.021));
#9313=CARTESIAN_POINT('',(-0.0252730424347274,0.101746339343401,0.0191));
#9314=CARTESIAN_POINT('',(-0.0266720727086068,0.101634353399277,0.021));
#9315=CARTESIAN_POINT('',(-0.0266720727086068,0.101634353399277,0.0191));
#9316=CARTESIAN_POINT('',(-0.00900315807635652,0.0876445194278298,0.0191));
#9317=CARTESIAN_POINT('',(-0.00957338233354881,0.0888981484450099,0.0191));
#9318=CARTESIAN_POINT('',(-0.0113376612015908,0.0921633572740008,0.0191));
#9319=CARTESIAN_POINT('',(-0.0154728053564529,0.0978598300975616,0.0191));
#9320=CARTESIAN_POINT('',(-0.0222268830635692,0.101325032450044,0.0191));
#9321=CARTESIAN_POINT('',(-0.0254138888914661,0.101735065231805,0.0191));
#9322=CARTESIAN_POINT('',(-0.0266720727086068,0.101634353399277,0.0191));
#9323=CARTESIAN_POINT('',(0.0331973467828161,0.0524577381641051,0.0204));
#9324=CARTESIAN_POINT('',(0.0396377932115354,0.0431844548962775,0.018));
#9325=CARTESIAN_POINT('',(-0.0341075147965193,0.0765591548963325,0.0212));
#9326=CARTESIAN_POINT('',(-0.0341075147965193,0.0765591548963325,0.021));
#9327=CARTESIAN_POINT('',(-0.0331257925972881,0.0757609306777601,0.0212));
#9328=CARTESIAN_POINT('',(-0.0331257925972881,0.0757609306777601,0.021));
#9329=CARTESIAN_POINT('',(-0.031667198594793,0.0745753419090818,0.0212));
#9330=CARTESIAN_POINT('',(-0.031667198594793,0.0745753419090818,0.021));
#9331=CARTESIAN_POINT('',(-0.0299072479557127,0.0731710324654809,0.0212));
#9332=CARTESIAN_POINT('',(-0.0299072479557127,0.0731710324654809,0.021));
#9333=CARTESIAN_POINT('',(-0.0285478518032928,0.0721066295142773,0.0212));
#9334=CARTESIAN_POINT('',(-0.0285478518032928,0.0721066295142773,0.021));
#9335=CARTESIAN_POINT('',(-0.0270678620711994,0.0709538970790036,0.0212));
#9336=CARTESIAN_POINT('',(-0.0270678620711994,0.0709538970790036,0.021));
#9337=CARTESIAN_POINT('',(-0.025467558600686,0.0699843654351488,0.0212));
#9338=CARTESIAN_POINT('',(-0.025467558600686,0.0699843654351488,0.021));
#9339=CARTESIAN_POINT('',(-0.0235850511724287,0.0693818466535961,0.0212));
#9340=CARTESIAN_POINT('',(-0.0235850511724287,0.0693818466535961,0.021));
#9341=CARTESIAN_POINT('',(-0.0211431404728588,0.0691117441399417,0.0212));
#9342=CARTESIAN_POINT('',(-0.0211431404728588,0.0691117441399417,0.021));
#9343=CARTESIAN_POINT('',(-0.0184200160769467,0.0690544243464831,0.0212));
#9344=CARTESIAN_POINT('',(-0.0184200160769467,0.0690544243464831,0.021));
#9345=CARTESIAN_POINT('',(-0.0155796101898616,0.069033017373951,0.0212));
#9346=CARTESIAN_POINT('',(-0.0155796101898616,0.069033017373951,0.021));
#9347=CARTESIAN_POINT('',(-0.0128326047995239,0.0689732850946831,0.0212));
#9348=CARTESIAN_POINT('',(-0.0128326047995239,0.0689732850946831,0.021));
#9349=CARTESIAN_POINT('',(-0.0093017064804661,0.0688964077420314,0.0212));
#9350=CARTESIAN_POINT('',(-0.0093017064804661,0.0688964077420314,0.021));
#9351=CARTESIAN_POINT('',(-0.00533036405006429,0.0688885893327076,0.0212));
#9352=CARTESIAN_POINT('',(-0.00533036405006429,0.0688885893327076,0.021));
#9353=CARTESIAN_POINT('',(-0.00223627442754831,0.0689031712489604,0.0212));
#9354=CARTESIAN_POINT('',(-0.00223627442754831,0.0689031712489604,0.021));
#9355=CARTESIAN_POINT('',(-0.000606376255742376,0.0688947659354654,0.0212));
#9356=CARTESIAN_POINT('',(-0.000606376255742376,0.0688947659354654,0.021));
#9357=CARTESIAN_POINT('',(-0.000606376506330566,0.068894765686479,0.02105));
#9358=CARTESIAN_POINT('',(-0.000606389138281127,0.0688953602837134,0.02105));
#9359=CARTESIAN_POINT('',(-0.0341075147965193,0.0765591548963325,0.02105));
#9360=CARTESIAN_POINT('',(-0.0341075147965193,0.0765591548963325,0.0212));
#9361=CARTESIAN_POINT('',(-0.0341075147965193,0.0765591548963325,0.0212));
#9362=CARTESIAN_POINT('',(-0.0336166228920824,0.0761600177400886,0.0212));
#9363=CARTESIAN_POINT('',(-0.0326347216804311,0.0753616801069887,0.0212));
#9364=CARTESIAN_POINT('',(-0.0314482685206869,0.0744028376873442,0.0212));
#9365=CARTESIAN_POINT('',(-0.0305400406175473,0.0736761220423701,0.0212));
#9366=CARTESIAN_POINT('',(-0.0298678877030939,0.0731425282976888,0.0212));
#9367=CARTESIAN_POINT('',(-0.0291869027586444,0.0726062233840447,0.0212));
#9368=CARTESIAN_POINT('',(-0.028597346384948,0.0721458572957434,0.0212));
#9369=CARTESIAN_POINT('',(-0.0281052068250399,0.0717630577104312,0.0212));
#9370=CARTESIAN_POINT('',(-0.0276101852377383,0.0713839903289101,0.0212));
#9371=CARTESIAN_POINT('',(-0.0269754856794653,0.0709227353682991,0.0212));
#9372=CARTESIAN_POINT('',(-0.0261747003461896,0.0704162095146298,0.0212));
#9373=CARTESIAN_POINT('',(-0.0254629743724814,0.0700529354480967,0.0212));
#9374=CARTESIAN_POINT('',(-0.0248572144900499,0.069807801769986,0.0212));
#9375=CARTESIAN_POINT('',(-0.024226857742705,0.0695979860017479,0.0212));
#9376=CARTESIAN_POINT('',(-0.023343928926592,0.0693913372249036,0.0212));
#9377=CARTESIAN_POINT('',(-0.0221589236825563,0.0692243368945853,0.0212));
#9378=CARTESIAN_POINT('',(-0.0208760074699679,0.0691249284445051,0.0212));
#9379=CARTESIAN_POINT('',(-0.0195210298593359,0.0690752839973708,0.0212));
#9380=CARTESIAN_POINT('',(-0.0181195014618521,0.0690557657140899,0.0212));
#9381=CARTESIAN_POINT('',(-0.0166893756926158,0.0690439893353008,0.0212));
#9382=CARTESIAN_POINT('',(-0.0152708239736543,0.0690220212958603,0.0212));
#9383=CARTESIAN_POINT('',(-0.0138730431825175,0.0689952450144535,0.0212));
#9384=CARTESIAN_POINT('',(-0.0120421315829476,0.0689565612420795,0.0212));
#9385=CARTESIAN_POINT('',(-0.0102700296939537,0.0689199174665771,0.0212));
#9386=CARTESIAN_POINT('',(-0.00857935475810027,0.0688979045066811,0.0212));
#9387=CARTESIAN_POINT('',(-0.00694193605634489,0.068889072821103,0.0212));
#9388=CARTESIAN_POINT('',(-0.0049589549530681,0.068894423931745,0.0212));
#9389=CARTESIAN_POINT('',(-0.00274080830481985,0.0689043889568614,0.0212));
#9390=CARTESIAN_POINT('',(-0.00127530181569734,0.0688982155552843,0.0212));
#9391=CARTESIAN_POINT('',(-0.000606376255742376,0.0688947659354654,0.0212));
#9392=CARTESIAN_POINT('',(-0.000606386994616794,0.0688952478082124,0.0212));
#9393=CARTESIAN_POINT('',(-0.000606376506330566,0.068894765686479,0.0212));
#9394=CARTESIAN_POINT('',(-0.0354014563462458,0.077697075528218,0.02105));
#9395=CARTESIAN_POINT('',(-0.0366953978955745,0.0788349961605613,0.02105));
#9396=CARTESIAN_POINT('',(-0.0341075147965193,0.0765591548963325,0.02105));
#9397=CARTESIAN_POINT('',(-0.0366953978955745,0.0669345120364424,0.02105));
#9398=CARTESIAN_POINT('',(-0.0366953978955745,0.0550340279123236,0.02105));
#9399=CARTESIAN_POINT('',(-0.0366953978955745,0.0550340279123236,0.018));
#9400=CARTESIAN_POINT('',(-0.0366953978955745,0.0550340279123236,0.0179));
#9401=CARTESIAN_POINT('',(-0.0366949888470915,0.0547886003729605,0.018));
#9402=CARTESIAN_POINT('',(-0.0366949888470915,0.0547886003729605,0.0179));
#9403=CARTESIAN_POINT('',(-0.0366942794537691,0.0544126799695997,0.018));
#9404=CARTESIAN_POINT('',(-0.0366942794537691,0.0544126799695997,0.0179));
#9405=CARTESIAN_POINT('',(-0.0366959790762831,0.0537985851046419,0.018));
#9406=CARTESIAN_POINT('',(-0.0366959790762831,0.0537985851046419,0.0179));
#9407=CARTESIAN_POINT('',(-0.0366998546914957,0.0529777027100998,0.018));
#9408=CARTESIAN_POINT('',(-0.0366998546914957,0.0529777027100998,0.0179));
#9409=CARTESIAN_POINT('',(-0.0366908842584736,0.0522310560686642,0.018));
#9410=CARTESIAN_POINT('',(-0.0366908842584736,0.0522310560686642,0.0179));
#9411=CARTESIAN_POINT('',(-0.0366853486820315,0.0518192636616073,0.018));
#9412=CARTESIAN_POINT('',(-0.0366853486820315,0.0518192636616073,0.0179));
#9413=CARTESIAN_POINT('',(-0.0367039088710844,0.0514808234886269,0.018));
#9414=CARTESIAN_POINT('',(-0.0367039088710844,0.0514808234886269,0.0179));
#9415=CARTESIAN_POINT('',(-0.0367330837787783,0.0510013986451467,0.018));
#9416=CARTESIAN_POINT('',(-0.0367330837787783,0.0510013986451467,0.0179));
#9417=CARTESIAN_POINT('',(-0.0366928435830036,0.0501579641841139,0.018));
#9418=CARTESIAN_POINT('',(-0.0366928435830036,0.0501579641841139,0.0179));
#9419=CARTESIAN_POINT('',(-0.0363181907839605,0.0491770166621355,0.018));
#9420=CARTESIAN_POINT('',(-0.0363181907839605,0.0491770166621355,0.0179));
#9421=CARTESIAN_POINT('',(-0.0357318059709836,0.048312460663891,0.018));
#9422=CARTESIAN_POINT('',(-0.0357318059709836,0.048312460663891,0.0179));
#9423=CARTESIAN_POINT('',(-0.034944193883538,0.0475235372712484,0.018));
#9424=CARTESIAN_POINT('',(-0.034944193883538,0.0475235372712484,0.0179));
#9425=CARTESIAN_POINT('',(-0.0339552564217053,0.0468269509743754,0.018));
#9426=CARTESIAN_POINT('',(-0.0339552564217053,0.0468269509743754,0.0179));
#9427=CARTESIAN_POINT('',(-0.0324338281985958,0.046077711328641,0.018));
#9428=CARTESIAN_POINT('',(-0.0324338281985958,0.046077711328641,0.0179));
#9429=CARTESIAN_POINT('',(-0.0303291849775816,0.0453867218906592,0.018));
#9430=CARTESIAN_POINT('',(-0.0303291849775816,0.0453867218906592,0.0179));
#9431=CARTESIAN_POINT('',(-0.0284900150122899,0.0448893292363591,0.018));
#9432=CARTESIAN_POINT('',(-0.0284900150122899,0.0448893292363591,0.0179));
#9433=CARTESIAN_POINT('',(-0.0274425496995097,0.0446726545966963,0.018));
#9434=CARTESIAN_POINT('',(-0.0274425496995097,0.0446726545966963,0.0179));
#9435=CARTESIAN_POINT('',(-0.0274425497107249,0.0446726545966913,0.02105));
#9436=CARTESIAN_POINT('',(-0.0176954153464846,0.0439346717277683,0.018));
#9437=CARTESIAN_POINT('',(-0.0176954153464846,0.0439346717277683,0.0179));
#9438=CARTESIAN_POINT('',(-0.016885337845923,0.0439335287520594,0.018));
#9439=CARTESIAN_POINT('',(-0.016885337845923,0.0439335287520594,0.0179));
#9440=CARTESIAN_POINT('',(-0.0152914881386758,0.0439443937004476,0.018));
#9441=CARTESIAN_POINT('',(-0.0152914881386758,0.0439443937004476,0.0179));
#9442=CARTESIAN_POINT('',(-0.0131252529513524,0.0439775273547715,0.018));
#9443=CARTESIAN_POINT('',(-0.0131252529513524,0.0439775273547715,0.0179));
#9444=CARTESIAN_POINT('',(-0.0113720156243984,0.0440032748970839,0.018));
#9445=CARTESIAN_POINT('',(-0.0113720156243984,0.0440032748970839,0.0179));
#9446=CARTESIAN_POINT('',(-0.0101123385822484,0.0440034154318339,0.018));
#9447=CARTESIAN_POINT('',(-0.0101123385822484,0.0440034154318339,0.0179));
#9448=CARTESIAN_POINT('',(-0.00885699878498834,0.0439883559292546,0.018));
#9449=CARTESIAN_POINT('',(-0.00885699878498834,0.0439883559292546,0.0179));
#9450=CARTESIAN_POINT('',(-0.00662187526756339,0.0439588525541662,0.018));
#9451=CARTESIAN_POINT('',(-0.00662187526756339,0.0439588525541662,0.0179));
#9452=CARTESIAN_POINT('',(-0.00368678182800527,0.0439395296573638,0.018));
#9453=CARTESIAN_POINT('',(-0.00368678182800527,0.0439395296573638,0.0179));
#9454=CARTESIAN_POINT('',(-0.000599999999999993,0.0439395296573638,0.018));
#9455=CARTESIAN_POINT('',(-0.000599999999999993,0.0439395296573638,0.0179));
#9456=CARTESIAN_POINT('',(-0.0175795450005351,0.0439345528182552,0.01795));
#9457=CARTESIAN_POINT('',(0.0262425496995098,0.0446726545966963,0.018));
#9458=CARTESIAN_POINT('',(0.0262425496995098,0.0446726545966963,0.0179));
#9459=CARTESIAN_POINT('',(0.0253876415838932,0.0444958115970896,0.018));
#9460=CARTESIAN_POINT('',(0.0253876415838932,0.0444958115970896,0.0179));
#9461=CARTESIAN_POINT('',(0.0235302248212563,0.044186627856111,0.018));
#9462=CARTESIAN_POINT('',(0.0235302248212563,0.044186627856111,0.0179));
#9463=CARTESIAN_POINT('',(0.0199912516182388,0.0439581864666993,0.018));
#9464=CARTESIAN_POINT('',(0.0199912516182388,0.0439581864666993,0.0179));
#9465=CARTESIAN_POINT('',(0.016071560678198,0.0439204642874279,0.018));
#9466=CARTESIAN_POINT('',(0.016071560678198,0.0439204642874279,0.0179));
#9467=CARTESIAN_POINT('',(0.013020688426695,0.0439597436392072,0.018));
#9468=CARTESIAN_POINT('',(0.013020688426695,0.0439597436392072,0.0179));
#9469=CARTESIAN_POINT('',(0.0109917373362384,0.0439922678640227,0.018));
#9470=CARTESIAN_POINT('',(0.0109917373362384,0.0439922678640227,0.0179));
#9471=CARTESIAN_POINT('',(0.00939863316933703,0.0440078355845978,0.018));
#9472=CARTESIAN_POINT('',(0.00939863316933703,0.0440078355845978,0.0179));
#9473=CARTESIAN_POINT('',(0.00793558978157253,0.0439929427667343,0.018));
#9474=CARTESIAN_POINT('',(0.00793558978157253,0.0439929427667343,0.0179));
#9475=CARTESIAN_POINT('',(0.00527105747021378,0.0439554022768257,0.018));
#9476=CARTESIAN_POINT('',(0.00527105747021378,0.0439554022768257,0.0179));
#9477=CARTESIAN_POINT('',(0.00182093380435801,0.0439395296573638,0.018));
#9478=CARTESIAN_POINT('',(0.00182093380435801,0.0439395296573638,0.0179));
#9479=CARTESIAN_POINT('',(-0.00059999999999999,0.0439395296573638,0.018));
#9480=CARTESIAN_POINT('',(-0.00059999999999999,0.0439395296573638,0.0179));
#9481=CARTESIAN_POINT('',(-0.0354453978955745,0.0602940805256367,0.02105));
#9482=CARTESIAN_POINT('',(-0.0354453978955745,0.0602940805256367,0.02005));
#9483=CARTESIAN_POINT('',(-0.0354453978955745,0.0655530914664269,0.02005));
#9484=CARTESIAN_POINT('',(-0.0354453978955745,0.0550350695848465,0.02005));
#9485=CARTESIAN_POINT('',(-0.0354453978955745,0.0655530914664269,0.02105));
#9486=CARTESIAN_POINT('',(-0.0354453978955745,0.0655530914664269,0.02105));
#9487=CARTESIAN_POINT('',(-0.0354453978955745,0.0913582719821865,0.02105));
#9488=CARTESIAN_POINT('',(-0.0354453978955746,0.0760711133480072,0.02105));
#9489=CARTESIAN_POINT('',(-0.0354453978955746,0.0760711133480072,0.0212));
#9490=CARTESIAN_POINT('',(-0.0354453978955746,0.0760711133480072,0.0212));
#9491=CARTESIAN_POINT('',(-0.0354453978955745,0.0602940805256367,0.0212));
#9492=CARTESIAN_POINT('',(-0.0354453978955745,0.0550350695848465,0.0212));
#9493=CARTESIAN_POINT('',(-0.0354453978955745,0.0550350695848465,0.02105));
#9494=CARTESIAN_POINT('',(-0.0318621686607599,0.0601605009287596,0.02105));
#9495=CARTESIAN_POINT('',(-0.0318621686607599,0.0601605009287596,0.02005));
#9496=CARTESIAN_POINT('',(-0.0282789394259453,0.0547679103910923,0.02005));
#9497=CARTESIAN_POINT('',(-0.0282789394259453,0.0547679103910923,0.02105));
#9498=CARTESIAN_POINT('',(-0.0282789394259453,0.0547679103910923,0.02105));
#9499=CARTESIAN_POINT('',(-0.0318621686607599,0.0601605009287596,0.02105));
#9500=CARTESIAN_POINT('',(-0.0260539201656577,0.0587827889954692,0.02105));
#9501=CARTESIAN_POINT('',(-0.0260539201656577,0.0587827889954692,0.02005));
#9502=CARTESIAN_POINT('',(-0.0238289009053703,0.062797667599846,0.02005));
#9503=CARTESIAN_POINT('',(-0.0238289009053703,0.062797667599846,0.02105));
#9504=CARTESIAN_POINT('',(-0.0238289009053703,0.062797667599846,0.02105));
#9505=CARTESIAN_POINT('',(-0.0260539201656577,0.0587827889954692,0.02105));
#9506=CARTESIAN_POINT('',(-0.0210500525437776,0.0598994504404942,0.02105));
#9507=CARTESIAN_POINT('',(-0.0210500525437776,0.0598994504404942,0.02005));
#9508=CARTESIAN_POINT('',(-0.018271204182185,0.0570012332811424,0.02005));
#9509=CARTESIAN_POINT('',(-0.018271204182185,0.0570012332811424,0.02105));
#9510=CARTESIAN_POINT('',(-0.018271204182185,0.0570012332811424,0.02105));
#9511=CARTESIAN_POINT('',(-0.0210500525437776,0.0598994504404942,0.02105));
#9512=CARTESIAN_POINT('',(-0.015248490593759,0.0598994504404942,0.02105));
#9513=CARTESIAN_POINT('',(-0.015248490593759,0.0598994504404942,0.02005));
#9514=CARTESIAN_POINT('',(-0.012225777005333,0.062797667599846,0.02005));
#9515=CARTESIAN_POINT('',(-0.012225777005333,0.062797667599846,0.02105));
#9516=CARTESIAN_POINT('',(-0.012225777005333,0.062797667599846,0.02105));
#9517=CARTESIAN_POINT('',(-0.015248490593759,0.0598994504404942,0.02105));
#9518=CARTESIAN_POINT('',(-0.00944692864374037,0.0598994504404942,0.02105));
#9519=CARTESIAN_POINT('',(-0.00944692864374037,0.0598994504404942,0.02005));
#9520=CARTESIAN_POINT('',(-0.00666808028214773,0.0570012332811424,0.02005));
#9521=CARTESIAN_POINT('',(-0.00666808028214773,0.0570012332811424,0.02105));
#9522=CARTESIAN_POINT('',(-0.00666808028214773,0.0570012332811424,0.02105));
#9523=CARTESIAN_POINT('',(-0.00944692864374037,0.0598994504404942,0.02105));
#9524=CARTESIAN_POINT('',(-0.00364536669372176,0.0598994504404942,0.02105));
#9525=CARTESIAN_POINT('',(-0.00364536669372176,0.0598994504404942,0.02005));
#9526=CARTESIAN_POINT('',(-0.0007,0.0627235063897622,0.02005));
#9527=CARTESIAN_POINT('',(-0.0007,0.0627235063897622,0.02105));
#9528=CARTESIAN_POINT('',(-0.0007,0.0627235063897622,0.02105));
#9529=CARTESIAN_POINT('',(-0.00364536669372176,0.0598994504404942,0.02105));
#9530=CARTESIAN_POINT('',(-0.0341075147965193,0.0765591548963325,0.018));
#9531=CARTESIAN_POINT('',(-0.0341075147965193,0.0765591548963325,0.0179));
#9532=CARTESIAN_POINT('',(-0.0331257925972881,0.0757609306777601,0.018));
#9533=CARTESIAN_POINT('',(-0.0331257925972881,0.0757609306777601,0.0179));
#9534=CARTESIAN_POINT('',(-0.031667198594793,0.0745753419090818,0.018));
#9535=CARTESIAN_POINT('',(-0.031667198594793,0.0745753419090818,0.0179));
#9536=CARTESIAN_POINT('',(-0.0299072479557127,0.0731710324654809,0.018));
#9537=CARTESIAN_POINT('',(-0.0299072479557127,0.0731710324654809,0.0179));
#9538=CARTESIAN_POINT('',(-0.0285478518032928,0.0721066295142773,0.018));
#9539=CARTESIAN_POINT('',(-0.0285478518032928,0.0721066295142773,0.0179));
#9540=CARTESIAN_POINT('',(-0.0270678620711994,0.0709538970790036,0.018));
#9541=CARTESIAN_POINT('',(-0.0270678620711994,0.0709538970790036,0.0179));
#9542=CARTESIAN_POINT('',(-0.025467558600686,0.0699843654351488,0.018));
#9543=CARTESIAN_POINT('',(-0.025467558600686,0.0699843654351488,0.0179));
#9544=CARTESIAN_POINT('',(-0.0235850511724287,0.0693818466535961,0.018));
#9545=CARTESIAN_POINT('',(-0.0235850511724287,0.0693818466535961,0.0179));
#9546=CARTESIAN_POINT('',(-0.0211431404728588,0.0691117441399417,0.018));
#9547=CARTESIAN_POINT('',(-0.0211431404728588,0.0691117441399417,0.0179));
#9548=CARTESIAN_POINT('',(-0.0184200160769467,0.0690544243464831,0.018));
#9549=CARTESIAN_POINT('',(-0.0184200160769467,0.0690544243464831,0.0179));
#9550=CARTESIAN_POINT('',(-0.0155796101898616,0.069033017373951,0.018));
#9551=CARTESIAN_POINT('',(-0.0155796101898616,0.069033017373951,0.0179));
#9552=CARTESIAN_POINT('',(-0.0128326047995239,0.0689732850946831,0.018));
#9553=CARTESIAN_POINT('',(-0.0128326047995239,0.0689732850946831,0.0179));
#9554=CARTESIAN_POINT('',(-0.0093017064804661,0.0688964077420314,0.018));
#9555=CARTESIAN_POINT('',(-0.0093017064804661,0.0688964077420314,0.0179));
#9556=CARTESIAN_POINT('',(-0.00533036405006429,0.0688885893327076,0.018));
#9557=CARTESIAN_POINT('',(-0.00533036405006429,0.0688885893327076,0.0179));
#9558=CARTESIAN_POINT('',(-0.00223627442754831,0.0689031712489604,0.018));
#9559=CARTESIAN_POINT('',(-0.00223627442754831,0.0689031712489604,0.0179));
#9560=CARTESIAN_POINT('',(-0.000606376255742376,0.0688947659354654,0.018));
#9561=CARTESIAN_POINT('',(-0.000606376255742376,0.0688947659354654,0.0179));
#9562=CARTESIAN_POINT('',(-0.000606376506330566,0.068894765686479,0.02105));
#9563=CARTESIAN_POINT('',(-0.0354014563462458,0.077697075528218,0.02105));
#9564=CARTESIAN_POINT('',(-0.0366953978955745,0.0788349961605613,0.02105));
#9565=CARTESIAN_POINT('',(-0.0366953978955745,0.0788349961605613,0.0212));
#9566=CARTESIAN_POINT('',(-0.0354014563462458,0.077697075528218,0.0212));
#9567=CARTESIAN_POINT('',(-0.0366953978955745,0.0669345120364424,0.02105));
#9568=CARTESIAN_POINT('',(-0.0366953978955745,0.0550340279123236,0.02105));
#9569=CARTESIAN_POINT('',(-0.0366953978955745,0.0550340279123236,0.0212));
#9570=CARTESIAN_POINT('',(-0.0366953978955745,0.0669345120364424,0.0212));
#9571=CARTESIAN_POINT('',(-0.0366953978955745,0.0550340279123236,0.0212));
#9572=CARTESIAN_POINT('',(-0.0366953978955745,0.0550340279123236,0.021));
#9573=CARTESIAN_POINT('',(-0.0366949888470915,0.0547886003729605,0.0212));
#9574=CARTESIAN_POINT('',(-0.0366949888470915,0.0547886003729605,0.021));
#9575=CARTESIAN_POINT('',(-0.0366942794537691,0.0544126799695997,0.0212));
#9576=CARTESIAN_POINT('',(-0.0366942794537691,0.0544126799695997,0.021));
#9577=CARTESIAN_POINT('',(-0.0366959790762831,0.0537985851046419,0.0212));
#9578=CARTESIAN_POINT('',(-0.0366959790762831,0.0537985851046419,0.021));
#9579=CARTESIAN_POINT('',(-0.0366998546914957,0.0529777027100998,0.0212));
#9580=CARTESIAN_POINT('',(-0.0366998546914957,0.0529777027100998,0.021));
#9581=CARTESIAN_POINT('',(-0.0366908842584736,0.0522310560686642,0.0212));
#9582=CARTESIAN_POINT('',(-0.0366908842584736,0.0522310560686642,0.021));
#9583=CARTESIAN_POINT('',(-0.0366853486820315,0.0518192636616073,0.0212));
#9584=CARTESIAN_POINT('',(-0.0366853486820315,0.0518192636616073,0.021));
#9585=CARTESIAN_POINT('',(-0.0367039088710844,0.0514808234886269,0.0212));
#9586=CARTESIAN_POINT('',(-0.0367039088710844,0.0514808234886269,0.021));
#9587=CARTESIAN_POINT('',(-0.0367330837787783,0.0510013986451467,0.0212));
#9588=CARTESIAN_POINT('',(-0.0367330837787783,0.0510013986451467,0.021));
#9589=CARTESIAN_POINT('',(-0.0366928435830036,0.0501579641841139,0.0212));
#9590=CARTESIAN_POINT('',(-0.0366928435830036,0.0501579641841139,0.021));
#9591=CARTESIAN_POINT('',(-0.0363181907839605,0.0491770166621355,0.0212));
#9592=CARTESIAN_POINT('',(-0.0363181907839605,0.0491770166621355,0.021));
#9593=CARTESIAN_POINT('',(-0.0357318059709836,0.048312460663891,0.0212));
#9594=CARTESIAN_POINT('',(-0.0357318059709836,0.048312460663891,0.021));
#9595=CARTESIAN_POINT('',(-0.034944193883538,0.0475235372712484,0.0212));
#9596=CARTESIAN_POINT('',(-0.034944193883538,0.0475235372712484,0.021));
#9597=CARTESIAN_POINT('',(-0.0339552564217053,0.0468269509743754,0.0212));
#9598=CARTESIAN_POINT('',(-0.0339552564217053,0.0468269509743754,0.021));
#9599=CARTESIAN_POINT('',(-0.0324338281985958,0.046077711328641,0.0212));
#9600=CARTESIAN_POINT('',(-0.0324338281985958,0.046077711328641,0.021));
#9601=CARTESIAN_POINT('',(-0.0303291849775816,0.0453867218906592,0.0212));
#9602=CARTESIAN_POINT('',(-0.0303291849775816,0.0453867218906592,0.021));
#9603=CARTESIAN_POINT('',(-0.0284900150122899,0.0448893292363591,0.0212));
#9604=CARTESIAN_POINT('',(-0.0284900150122899,0.0448893292363591,0.021));
#9605=CARTESIAN_POINT('',(-0.0274425496995097,0.0446726545966963,0.0212));
#9606=CARTESIAN_POINT('',(-0.0274425496995097,0.0446726545966963,0.021));
#9607=CARTESIAN_POINT('',(-0.0274425497107249,0.0446726545966913,0.02105));
#9608=CARTESIAN_POINT('',(-0.0274426728717757,0.044672731652299,0.02105));
#9609=CARTESIAN_POINT('',(-0.0274425497107249,0.0446726545966913,0.0212));
#9610=CARTESIAN_POINT('',(-0.02744279122522,0.0446727546454295,0.0212));
#9611=CARTESIAN_POINT('',(-0.0366953978955745,0.0550340279123236,0.0212));
#9612=CARTESIAN_POINT('',(-0.0366953973168648,0.0550336806886399,0.0212));
#9613=CARTESIAN_POINT('',(-0.036695396738155,0.0550333334649562,0.0212));
#9614=CARTESIAN_POINT('',(-0.0366953961594452,0.0550329862412725,0.0212));
#9615=CARTESIAN_POINT('',(-0.0366950247270649,0.0548101282180776,0.0212));
#9616=CARTESIAN_POINT('',(-0.0366945860675643,0.0545428196456423,0.0212));
#9617=CARTESIAN_POINT('',(-0.0366948756387908,0.0541953305657242,0.0212));
#9618=CARTESIAN_POINT('',(-0.0366957816053976,0.0539020887723835,0.0212));
#9619=CARTESIAN_POINT('',(-0.0366971476629928,0.0535634068541658,0.0212));
#9620=CARTESIAN_POINT('',(-0.0366980161534076,0.0532056536057101,0.0212));
#9621=CARTESIAN_POINT('',(-0.0366976870360722,0.0528481309594855,0.0212));
#9622=CARTESIAN_POINT('',(-0.0366939469393061,0.0523913424955922,0.0212));
#9623=CARTESIAN_POINT('',(-0.0366864520526859,0.0520352281709827,0.0212));
#9624=CARTESIAN_POINT('',(-0.0366900332681999,0.0517716806891905,0.0212));
#9625=CARTESIAN_POINT('',(-0.0366959569627911,0.051627040596068,0.0212));
#9626=CARTESIAN_POINT('',(-0.0367056658389353,0.0514543747981123,0.0212));
#9627=CARTESIAN_POINT('',(-0.0367210005716014,0.0511920220808231,0.0212));
#9628=CARTESIAN_POINT('',(-0.0367245243124716,0.0508724767337073,0.0212));
#9629=CARTESIAN_POINT('',(-0.0367064731090432,0.0505864772122718,0.0212));
#9630=CARTESIAN_POINT('',(-0.0366775563794953,0.0503546934563272,0.0212));
#9631=CARTESIAN_POINT('',(-0.036632111736029,0.050123217256486,0.0212));
#9632=CARTESIAN_POINT('',(-0.0365518783329682,0.0498209710632256,0.0212));
#9633=CARTESIAN_POINT('',(-0.0364163415110002,0.0494542855569379,0.0212));
#9634=CARTESIAN_POINT('',(-0.0361328105083926,0.048895121431306,0.0212));
#9635=CARTESIAN_POINT('',(-0.0356690526903941,0.048246939080196,0.0212));
#9636=CARTESIAN_POINT('',(-0.0350665427074316,0.0476520892847274,0.0212));
#9637=CARTESIAN_POINT('',(-0.034505252502644,0.0472162021540699,0.0212));
#9638=CARTESIAN_POINT('',(-0.0340442520004412,0.04691020675982,0.0212));
#9639=CARTESIAN_POINT('',(-0.0335480887736272,0.0466304895626157,0.0212));
#9640=CARTESIAN_POINT('',(-0.03285894064527,0.0462951203802882,0.0212));
#9641=CARTESIAN_POINT('',(-0.0319462577171351,0.0459288385913708,0.0212));
#9642=CARTESIAN_POINT('',(-0.0307873312660681,0.0455455471388419,0.0212));
#9643=CARTESIAN_POINT('',(-0.0295983417444564,0.045194308038407,0.0212));
#9644=CARTESIAN_POINT('',(-0.028482086535459,0.0449000741037784,0.0212));
#9645=CARTESIAN_POINT('',(-0.0277368378053145,0.0447335299006365,0.0212));
#9646=CARTESIAN_POINT('',(-0.0274425496995097,0.0446726545966963,0.0212));
#9647=CARTESIAN_POINT('',(-0.0175795449999774,0.0439345528182549,0.0212));
#9648=CARTESIAN_POINT('',(-0.0175795449999774,0.0439345528182549,0.021));
#9649=CARTESIAN_POINT('',(-0.0167755468226815,0.0439340345904404,0.0212));
#9650=CARTESIAN_POINT('',(-0.0167755468226815,0.0439340345904404,0.021));
#9651=CARTESIAN_POINT('',(-0.0151962184025094,0.0439456163342816,0.0212));
#9652=CARTESIAN_POINT('',(-0.0151962184025094,0.0439456163342816,0.021));
#9653=CARTESIAN_POINT('',(-0.0130543015644277,0.0439787420549444,0.0212));
#9654=CARTESIAN_POINT('',(-0.0130543015644277,0.0439787420549444,0.021));
#9655=CARTESIAN_POINT('',(-0.0113302501468222,0.044003568367529,0.0212));
#9656=CARTESIAN_POINT('',(-0.0113302501468222,0.044003568367529,0.021));
#9657=CARTESIAN_POINT('',(-0.0100841989933522,0.0440031666286554,0.0212));
#9658=CARTESIAN_POINT('',(-0.0100841989933522,0.0440031666286554,0.021));
#9659=CARTESIAN_POINT('',(-0.00883106254854365,0.0439879829647864,0.0212));
#9660=CARTESIAN_POINT('',(-0.00883106254854365,0.0439879829647864,0.021));
#9661=CARTESIAN_POINT('',(-0.00659600153060915,0.0439586217852605,0.0212));
#9662=CARTESIAN_POINT('',(-0.00659600153060915,0.0439586217852605,0.021));
#9663=CARTESIAN_POINT('',(-0.00366837106864725,0.0439395296573638,0.0212));
#9664=CARTESIAN_POINT('',(-0.00366837106864725,0.0439395296573638,0.021));
#9665=CARTESIAN_POINT('',(-0.000599999999999993,0.0439395296573638,0.0212));
#9666=CARTESIAN_POINT('',(-0.000599999999999993,0.0439395296573638,0.021));
#9667=CARTESIAN_POINT('',(-0.0274425496995097,0.0446726545966963,0.0212));
#9668=CARTESIAN_POINT('',(-0.0272612676032652,0.0446351552805835,0.0212));
#9669=CARTESIAN_POINT('',(-0.0265914809942645,0.0445031150742773,0.0212));
#9670=CARTESIAN_POINT('',(-0.0253488959875372,0.0443023203854666,0.0212));
#9671=CARTESIAN_POINT('',(-0.0235844905430207,0.0441115558968622,0.0212));
#9672=CARTESIAN_POINT('',(-0.0215912461461717,0.0439968188670082,0.0212));
#9673=CARTESIAN_POINT('',(-0.018768034823662,0.0439236083895156,0.0212));
#9674=CARTESIAN_POINT('',(-0.0158859678811357,0.0439363619805149,0.0212));
#9675=CARTESIAN_POINT('',(-0.0133618477873735,0.0439735066578773,0.0212));
#9676=CARTESIAN_POINT('',(-0.0117504556944524,0.0439985971977261,0.0212));
#9677=CARTESIAN_POINT('',(-0.0105518581048037,0.0440048255831441,0.0212));
#9678=CARTESIAN_POINT('',(-0.00913665689337448,0.0439940360747388,0.0212));
#9679=CARTESIAN_POINT('',(-0.00695895651843948,0.0439591570740537,0.0212));
#9680=CARTESIAN_POINT('',(-0.00329344496199058,0.0439395296573638,0.0212));
#9681=CARTESIAN_POINT('',(-0.000599999999999993,0.0439395296573638,0.0212));
#9682=CARTESIAN_POINT('',(-0.000799999996627839,0.0439395480779964,0.0212));
#9683=CARTESIAN_POINT('',(-0.000599999999999993,0.0439395296573638,0.0212));
#9684=CARTESIAN_POINT('',(-0.0276425496995098,0.0446726545966963,0.0212));
#9685=CARTESIAN_POINT('',(-0.0274612676032653,0.0446351552805835,0.0212));
#9686=CARTESIAN_POINT('',(-0.0267914809942646,0.0445031150742773,0.0212));
#9687=CARTESIAN_POINT('',(-0.0255488959875372,0.0443023203854667,0.0212));
#9688=CARTESIAN_POINT('',(-0.0237844905430208,0.0441115558968622,0.0212));
#9689=CARTESIAN_POINT('',(-0.0217912461461717,0.0439968188670082,0.0212));
#9690=CARTESIAN_POINT('',(-0.018968034823662,0.0439236083895156,0.0212));
#9691=CARTESIAN_POINT('',(-0.0160859678811357,0.0439363619805149,0.0212));
#9692=CARTESIAN_POINT('',(-0.0135618477873735,0.0439735066578774,0.0212));
#9693=CARTESIAN_POINT('',(-0.0119504556944524,0.0439985971977261,0.0212));
#9694=CARTESIAN_POINT('',(-0.0107518581048037,0.0440048255831441,0.0212));
#9695=CARTESIAN_POINT('',(-0.0093366568933745,0.0439940360747388,0.0212));
#9696=CARTESIAN_POINT('',(-0.00715895651843949,0.0439591570740537,0.0212));
#9697=CARTESIAN_POINT('',(-0.0034934449619906,0.0439395296573638,0.0212));
#9698=CARTESIAN_POINT('',(-0.00080000000000001,0.0439395296573638,0.0212));
#9699=CARTESIAN_POINT('',(-0.0107479505580742,0.0440024032951672,0.0212));
#9700=CARTESIAN_POINT('',(-0.0274425496995097,0.0446726545966963,0.0212));
#9701=CARTESIAN_POINT('',(-0.0272612676032652,0.0446351552805835,0.0212));
#9702=CARTESIAN_POINT('',(-0.0265914809942645,0.0445031150742773,0.0212));
#9703=CARTESIAN_POINT('',(-0.0253488959875372,0.0443023203854666,0.0212));
#9704=CARTESIAN_POINT('',(-0.0235844905430207,0.0441115558968622,0.0212));
#9705=CARTESIAN_POINT('',(-0.0215912461461717,0.0439968188670082,0.0212));
#9706=CARTESIAN_POINT('',(-0.018768034823662,0.0439236083895156,0.0212));
#9707=CARTESIAN_POINT('',(-0.0158859678811357,0.0439363619805149,0.0212));
#9708=CARTESIAN_POINT('',(-0.0133618477873735,0.0439735066578773,0.0212));
#9709=CARTESIAN_POINT('',(-0.0117504556944524,0.0439985971977261,0.0212));
#9710=CARTESIAN_POINT('',(-0.0105518581048037,0.0440048255831441,0.0212));
#9711=CARTESIAN_POINT('',(-0.00913665689337448,0.0439940360747388,0.0212));
#9712=CARTESIAN_POINT('',(-0.00695895651843948,0.0439591570740537,0.0212));
#9713=CARTESIAN_POINT('',(-0.00329344496199058,0.0439395296573638,0.0212));
#9714=CARTESIAN_POINT('',(-0.000599999999999993,0.0439395296573638,0.0212));
#9715=CARTESIAN_POINT('',(-0.0109739818900422,0.0440018788009343,0.0212));
#9716=CARTESIAN_POINT('',(-0.0276425496995098,0.0446726545966963,0.0212));
#9717=CARTESIAN_POINT('',(-0.0274612676032653,0.0446351552805835,0.0212));
#9718=CARTESIAN_POINT('',(-0.0267914809942646,0.0445031150742773,0.0212));
#9719=CARTESIAN_POINT('',(-0.0255488959875372,0.0443023203854667,0.0212));
#9720=CARTESIAN_POINT('',(-0.0237844905430208,0.0441115558968622,0.0212));
#9721=CARTESIAN_POINT('',(-0.0217912461461717,0.0439968188670082,0.0212));
#9722=CARTESIAN_POINT('',(-0.018968034823662,0.0439236083895156,0.0212));
#9723=CARTESIAN_POINT('',(-0.0160859678811357,0.0439363619805149,0.0212));
#9724=CARTESIAN_POINT('',(-0.0135618477873735,0.0439735066578774,0.0212));
#9725=CARTESIAN_POINT('',(-0.0119504556944524,0.0439985971977261,0.0212));
#9726=CARTESIAN_POINT('',(-0.0107518581048037,0.0440048255831441,0.0212));
#9727=CARTESIAN_POINT('',(-0.0093366568933745,0.0439940360747388,0.0212));
#9728=CARTESIAN_POINT('',(-0.00715895651843949,0.0439591570740537,0.0212));
#9729=CARTESIAN_POINT('',(-0.0034934449619906,0.0439395296573638,0.0212));
#9730=CARTESIAN_POINT('',(-0.00080000000000001,0.0439395296573638,0.0212));
#9731=CARTESIAN_POINT('',(-0.0172536167168559,0.0439346821722824,0.0212));
#9732=CARTESIAN_POINT('',(-0.0274425496995097,0.0446726545966963,0.0212));
#9733=CARTESIAN_POINT('',(-0.0272612676032652,0.0446351552805835,0.0212));
#9734=CARTESIAN_POINT('',(-0.0265914809942645,0.0445031150742773,0.0212));
#9735=CARTESIAN_POINT('',(-0.0253488959875372,0.0443023203854666,0.0212));
#9736=CARTESIAN_POINT('',(-0.0235844905430207,0.0441115558968622,0.0212));
#9737=CARTESIAN_POINT('',(-0.0215912461461717,0.0439968188670082,0.0212));
#9738=CARTESIAN_POINT('',(-0.018768034823662,0.0439236083895156,0.0212));
#9739=CARTESIAN_POINT('',(-0.0158859678811357,0.0439363619805149,0.0212));
#9740=CARTESIAN_POINT('',(-0.0133618477873735,0.0439735066578773,0.0212));
#9741=CARTESIAN_POINT('',(-0.0117504556944524,0.0439985971977261,0.0212));
#9742=CARTESIAN_POINT('',(-0.0105518581048037,0.0440048255831441,0.0212));
#9743=CARTESIAN_POINT('',(-0.00913665689337448,0.0439940360747388,0.0212));
#9744=CARTESIAN_POINT('',(-0.00695895651843948,0.0439591570740537,0.0212));
#9745=CARTESIAN_POINT('',(-0.00329344496199058,0.0439395296573638,0.0212));
#9746=CARTESIAN_POINT('',(-0.000599999999999993,0.0439395296573638,0.0212));
#9747=CARTESIAN_POINT('',(-0.0175771242922523,0.0439345543753315,0.0212));
#9748=CARTESIAN_POINT('',(-0.0175795450005378,0.0439345528182552,0.0212));
#9749=CARTESIAN_POINT('',(-0.0175789398233785,0.0439345532075244,0.02105));
#9750=CARTESIAN_POINT('',(-0.0274425496995097,0.0446726545966963,0.02105));
#9751=CARTESIAN_POINT('',(-0.0272612676032652,0.0446351552805835,0.02105));
#9752=CARTESIAN_POINT('',(-0.0265914809942645,0.0445031150742773,0.02105));
#9753=CARTESIAN_POINT('',(-0.0253488959875372,0.0443023203854666,0.02105));
#9754=CARTESIAN_POINT('',(-0.0235844905430207,0.0441115558968622,0.02105));
#9755=CARTESIAN_POINT('',(-0.0215912461461717,0.0439968188670082,0.02105));
#9756=CARTESIAN_POINT('',(-0.018768034823662,0.0439236083895156,0.02105));
#9757=CARTESIAN_POINT('',(-0.0158859678811357,0.0439363619805149,0.02105));
#9758=CARTESIAN_POINT('',(-0.0133618477873735,0.0439735066578773,0.02105));
#9759=CARTESIAN_POINT('',(-0.0117504556944524,0.0439985971977261,0.02105));
#9760=CARTESIAN_POINT('',(-0.0105518581048037,0.0440048255831441,0.02105));
#9761=CARTESIAN_POINT('',(-0.00913665689337448,0.0439940360747388,0.02105));
#9762=CARTESIAN_POINT('',(-0.00695895651843948,0.0439591570740537,0.02105));
#9763=CARTESIAN_POINT('',(-0.00329344496199058,0.0439395296573638,0.02105));
#9764=CARTESIAN_POINT('',(-0.000599999999999993,0.0439395296573638,0.02105));
#9765=CARTESIAN_POINT('',(-0.0172536167168565,0.0439346821722824,0.02105));
#9766=CARTESIAN_POINT('',(-0.0175795450005378,0.0439345528182552,0.02105));
#9767=CARTESIAN_POINT('',(-0.000599999999999993,0.0439395296573638,0.02105));
#9768=CARTESIAN_POINT('',(-0.000599999999999993,0.0439395296573638,0.02105));
#9769=CARTESIAN_POINT('',(-0.000599999999999993,0.0439395296573638,0.0212));
#9770=CARTESIAN_POINT('',(0.0262425496995098,0.0446726545966963,0.0212));
#9771=CARTESIAN_POINT('',(0.0262425496995098,0.0446726545966963,0.021));
#9772=CARTESIAN_POINT('',(0.0253876415838932,0.0444958115970896,0.0212));
#9773=CARTESIAN_POINT('',(0.0253876415838932,0.0444958115970896,0.021));
#9774=CARTESIAN_POINT('',(0.0235302248212563,0.044186627856111,0.0212));
#9775=CARTESIAN_POINT('',(0.0235302248212563,0.044186627856111,0.021));
#9776=CARTESIAN_POINT('',(0.0199912516182388,0.0439581864666993,0.0212));
#9777=CARTESIAN_POINT('',(0.0199912516182388,0.0439581864666993,0.021));
#9778=CARTESIAN_POINT('',(0.016071560678198,0.0439204642874279,0.0212));
#9779=CARTESIAN_POINT('',(0.016071560678198,0.0439204642874279,0.021));
#9780=CARTESIAN_POINT('',(0.013020688426695,0.0439597436392072,0.0212));
#9781=CARTESIAN_POINT('',(0.013020688426695,0.0439597436392072,0.021));
#9782=CARTESIAN_POINT('',(0.0109917373362384,0.0439922678640227,0.0212));
#9783=CARTESIAN_POINT('',(0.0109917373362384,0.0439922678640227,0.021));
#9784=CARTESIAN_POINT('',(0.00939863316933703,0.0440078355845978,0.0212));
#9785=CARTESIAN_POINT('',(0.00939863316933703,0.0440078355845978,0.021));
#9786=CARTESIAN_POINT('',(0.00793558978157253,0.0439929427667343,0.0212));
#9787=CARTESIAN_POINT('',(0.00793558978157253,0.0439929427667343,0.021));
#9788=CARTESIAN_POINT('',(0.00527105747021378,0.0439554022768257,0.0212));
#9789=CARTESIAN_POINT('',(0.00527105747021378,0.0439554022768257,0.021));
#9790=CARTESIAN_POINT('',(0.00182093380435801,0.0439395296573638,0.0212));
#9791=CARTESIAN_POINT('',(0.00182093380435801,0.0439395296573638,0.021));
#9792=CARTESIAN_POINT('',(-0.00059999999999999,0.0439395296573638,0.0212));
#9793=CARTESIAN_POINT('',(-0.00059999999999999,0.0439395296573638,0.021));
#9794=CARTESIAN_POINT('',(0.0262425496995098,0.0446726545966963,0.0212));
#9795=CARTESIAN_POINT('',(0.0260612676032653,0.0446351552805835,0.0212));
#9796=CARTESIAN_POINT('',(0.0253914809942646,0.0445031150742773,0.0212));
#9797=CARTESIAN_POINT('',(0.0241488959875372,0.0443023203854667,0.0212));
#9798=CARTESIAN_POINT('',(0.0223844905430207,0.0441115558968622,0.0212));
#9799=CARTESIAN_POINT('',(0.0203912461461717,0.0439968188670082,0.0212));
#9800=CARTESIAN_POINT('',(0.0175680348236621,0.0439236083895156,0.0212));
#9801=CARTESIAN_POINT('',(0.0146859678811356,0.0439363619805149,0.0212));
#9802=CARTESIAN_POINT('',(0.0121618477873735,0.0439735066578774,0.0212));
#9803=CARTESIAN_POINT('',(0.0105504556944524,0.0439985971977261,0.0212));
#9804=CARTESIAN_POINT('',(0.00935185810480369,0.0440048255831441,0.0212));
#9805=CARTESIAN_POINT('',(0.0079366568933745,0.0439940360747388,0.0212));
#9806=CARTESIAN_POINT('',(0.00575895651843949,0.0439591570740537,0.0212));
#9807=CARTESIAN_POINT('',(0.0020934449619906,0.0439395296573638,0.0212));
#9808=CARTESIAN_POINT('',(-0.00059999999999999,0.0439395296573638,0.0212));
#9809=CARTESIAN_POINT('',(0.0161757563045732,0.0439345552715002,0.0212));
#9810=CARTESIAN_POINT('',(0.0262425496995098,0.0446726545966963,0.0212));
#9811=CARTESIAN_POINT('',(0.0260612676032653,0.0446351552805835,0.0212));
#9812=CARTESIAN_POINT('',(0.0253914809942646,0.0445031150742773,0.0212));
#9813=CARTESIAN_POINT('',(0.0241488959875372,0.0443023203854667,0.0212));
#9814=CARTESIAN_POINT('',(0.0223844905430207,0.0441115558968622,0.0212));
#9815=CARTESIAN_POINT('',(0.0203912461461717,0.0439968188670082,0.0212));
#9816=CARTESIAN_POINT('',(0.0175680348236621,0.0439236083895156,0.0212));
#9817=CARTESIAN_POINT('',(0.0146859678811356,0.0439363619805149,0.0212));
#9818=CARTESIAN_POINT('',(0.0121618477873735,0.0439735066578774,0.0212));
#9819=CARTESIAN_POINT('',(0.0105504556944524,0.0439985971977261,0.0212));
#9820=CARTESIAN_POINT('',(0.00935185810480369,0.0440048255831441,0.0212));
#9821=CARTESIAN_POINT('',(0.0079366568933745,0.0439940360747388,0.0212));
#9822=CARTESIAN_POINT('',(0.00575895651843949,0.0439591570740537,0.0212));
#9823=CARTESIAN_POINT('',(0.0020934449619906,0.0439395296573638,0.0212));
#9824=CARTESIAN_POINT('',(-0.00059999999999999,0.0439395296573638,0.0212));
#9825=CARTESIAN_POINT('',(0.00934794996411298,0.0440024127008229,0.0212));
#9826=CARTESIAN_POINT('',(0.0262425496995098,0.0446726545966963,0.0212));
#9827=CARTESIAN_POINT('',(0.0260612676032653,0.0446351552805835,0.0212));
#9828=CARTESIAN_POINT('',(0.0253914809942646,0.0445031150742773,0.0212));
#9829=CARTESIAN_POINT('',(0.0241488959875372,0.0443023203854667,0.0212));
#9830=CARTESIAN_POINT('',(0.0223844905430207,0.0441115558968622,0.0212));
#9831=CARTESIAN_POINT('',(0.0203912461461717,0.0439968188670082,0.0212));
#9832=CARTESIAN_POINT('',(0.0175680348236621,0.0439236083895156,0.0212));
#9833=CARTESIAN_POINT('',(0.0146859678811356,0.0439363619805149,0.0212));
#9834=CARTESIAN_POINT('',(0.0121618477873735,0.0439735066578774,0.0212));
#9835=CARTESIAN_POINT('',(0.0105504556944524,0.0439985971977261,0.0212));
#9836=CARTESIAN_POINT('',(0.00935185810480369,0.0440048255831441,0.0212));
#9837=CARTESIAN_POINT('',(0.0079366568933745,0.0439940360747388,0.0212));
#9838=CARTESIAN_POINT('',(0.00575895651843949,0.0439591570740537,0.0212));
#9839=CARTESIAN_POINT('',(0.0020934449619906,0.0439395296573638,0.0212));
#9840=CARTESIAN_POINT('',(-0.00059999999999999,0.0439395296573638,0.0212));
#9841=CARTESIAN_POINT('',(0.000156613709953763,0.045189899194268,0.0210500000053162));
#9842=CARTESIAN_POINT('',(0.000156613709953763,0.045189899194268,0.02005));
#9843=CARTESIAN_POINT('',(-0.000594548925167959,0.0451893589876921,0.02005));
#9844=CARTESIAN_POINT('',(-0.000594548925167959,0.0451893589876921,0.0210500000053162));
#9845=CARTESIAN_POINT('',(-0.000594548925167959,0.0451893589876921,0.02105));
#9846=CARTESIAN_POINT('',(-0.000594548925167959,0.0451893589876921,0.0210500000053162));
#9847=CARTESIAN_POINT('',(-0.000594548925167959,0.0451893589876921,0.0212));
#9848=CARTESIAN_POINT('',(0.000156613709953763,0.045189899194268,0.0212));
#9849=CARTESIAN_POINT('',(-0.00134901944871964,0.0451898958111388,0.0210500000053162));
#9850=CARTESIAN_POINT('',(-0.00134901944871964,0.0451898958111388,0.02005));
#9851=CARTESIAN_POINT('',(-0.00208331874258394,0.0451905964886313,0.02005));
#9852=CARTESIAN_POINT('',(-0.00208331873174116,0.045190596499066,0.02105));
#9853=CARTESIAN_POINT('',(-0.00208331873174116,0.045190596499066,0.02105));
#9854=CARTESIAN_POINT('',(-0.00208331873174116,0.045190596499066,0.0212));
#9855=CARTESIAN_POINT('',(-0.00208331873174116,0.045190596499066,0.0212));
#9856=CARTESIAN_POINT('',(-0.00134901944871964,0.0451898958111388,0.0212));
#9857=CARTESIAN_POINT('',(-0.0354453978955746,0.0550350695848465,0.0212));
#9858=CARTESIAN_POINT('',(-0.0354453978955746,0.0550350695848465,0.02005));
#9859=CARTESIAN_POINT('',(-0.0354446641302469,0.0545948131638484,0.0212));
#9860=CARTESIAN_POINT('',(-0.0354446641302469,0.0545948131638484,0.02005));
#9861=CARTESIAN_POINT('',(-0.0354462996536383,0.0540236313011778,0.0212));
#9862=CARTESIAN_POINT('',(-0.0354462996536383,0.0540236313011778,0.02005));
#9863=CARTESIAN_POINT('',(-0.0354458164620119,0.0524579282648359,0.0212));
#9864=CARTESIAN_POINT('',(-0.0354458164620119,0.0524579282648359,0.02005));
#9865=CARTESIAN_POINT('',(-0.035440629603773,0.0515040919270837,0.0212));
#9866=CARTESIAN_POINT('',(-0.035440629603773,0.0515040919270837,0.02005));
#9867=CARTESIAN_POINT('',(-0.0355105974084365,0.0503120170635635,0.0212));
#9868=CARTESIAN_POINT('',(-0.0355105974084365,0.0503120170635635,0.02005));
#9869=CARTESIAN_POINT('',(-0.0348498486159576,0.0491330168133928,0.0212));
#9870=CARTESIAN_POINT('',(-0.0348498486159576,0.0491330168133928,0.02005));
#9871=CARTESIAN_POINT('',(-0.0331855998529151,0.0476352607506628,0.0212));
#9872=CARTESIAN_POINT('',(-0.0331855998529151,0.0476352607506628,0.02005));
#9873=CARTESIAN_POINT('',(-0.0303301958229029,0.0466666728289449,0.0212));
#9874=CARTESIAN_POINT('',(-0.0303301958229029,0.0466666728289449,0.02005));
#9875=CARTESIAN_POINT('',(-0.0270622413240341,0.0458231794822948,0.0212));
#9876=CARTESIAN_POINT('',(-0.0270622413240341,0.0458231794822948,0.02005));
#9877=CARTESIAN_POINT('',(-0.0240427545787948,0.0453623132860506,0.0212));
#9878=CARTESIAN_POINT('',(-0.0240427545787948,0.0453623132860506,0.02005));
#9879=CARTESIAN_POINT('',(-0.0200632645994909,0.0451781878074823,0.0212));
#9880=CARTESIAN_POINT('',(-0.0200632645994909,0.0451781878074823,0.02005));
#9881=CARTESIAN_POINT('',(-0.016502816064797,0.0451808232261182,0.0212));
#9882=CARTESIAN_POINT('',(-0.016502816064797,0.0451808232261182,0.02005));
#9883=CARTESIAN_POINT('',(-0.0139369559510652,0.0452143834326376,0.0212));
#9884=CARTESIAN_POINT('',(-0.0139369559510652,0.0452143834326376,0.02005));
#9885=CARTESIAN_POINT('',(-0.0122419931984395,0.045241876142973,0.0212));
#9886=CARTESIAN_POINT('',(-0.0122419931984395,0.045241876142973,0.02005));
#9887=CARTESIAN_POINT('',(-0.0109187895459496,0.0452548289544148,0.0212));
#9888=CARTESIAN_POINT('',(-0.0109187895459496,0.0452548289544148,0.02005));
#9889=CARTESIAN_POINT('',(-0.0094888181994032,0.0452492000226422,0.0212));
#9890=CARTESIAN_POINT('',(-0.0094888181994032,0.0452492000226422,0.02005));
#9891=CARTESIAN_POINT('',(-0.00756279445885387,0.0452172780671684,0.0212));
#9892=CARTESIAN_POINT('',(-0.00756279445885387,0.0452172780671684,0.02005));
#9893=CARTESIAN_POINT('',(-0.0044221156006917,0.0451940891109229,0.0212));
#9894=CARTESIAN_POINT('',(-0.0044221156006917,0.0451940891109229,0.02005));
#9895=CARTESIAN_POINT('',(-0.00208331874258395,0.0451905964886313,0.0212));
#9896=CARTESIAN_POINT('',(-0.00208331874258395,0.0451905964886313,0.02005));
#9897=CARTESIAN_POINT('',(-0.0354453978955745,0.0550350695848465,0.02005));
#9898=CARTESIAN_POINT('',(-0.0354447375828414,0.0546388844426867,0.02005));
#9899=CARTESIAN_POINT('',(-0.0354437918858542,0.0540761157697518,0.02005));
#9900=CARTESIAN_POINT('',(-0.0354530323176388,0.0525757052131858,0.02005));
#9901=CARTESIAN_POINT('',(-0.0354221037002241,0.0516340701476338,0.02005));
#9902=CARTESIAN_POINT('',(-0.0355405634736338,0.0505435291147347,0.02005));
#9903=CARTESIAN_POINT('',(-0.034991331440483,0.0492574856560893,0.02005));
#9904=CARTESIAN_POINT('',(-0.0333221987232342,0.0477063937869682,0.02005));
#9905=CARTESIAN_POINT('',(-0.0295258354583034,0.0463978088833031,0.02005));
#9906=CARTESIAN_POINT('',(-0.0235389476915541,0.0449608690785114,0.02005));
#9907=CARTESIAN_POINT('',(-0.00976099945423913,0.0453523929512219,0.02005));
#9908=CARTESIAN_POINT('',(-0.00860205762373759,0.045200331191605,0.02005));
#9909=CARTESIAN_POINT('',(-0.00208331874258394,0.0451905964886313,0.02005));
#9910=CARTESIAN_POINT('',(-0.0354453978955745,0.0550350695848465,0.0212));
#9911=CARTESIAN_POINT('',(-0.0354447375828414,0.0546388844426867,0.0212));
#9912=CARTESIAN_POINT('',(-0.0354437918858542,0.0540761157697518,0.0212));
#9913=CARTESIAN_POINT('',(-0.0354530323176388,0.0525757052131858,0.0212));
#9914=CARTESIAN_POINT('',(-0.0354221037002241,0.0516340701476338,0.0212));
#9915=CARTESIAN_POINT('',(-0.0355405634736338,0.0505435291147347,0.0212));
#9916=CARTESIAN_POINT('',(-0.034991331440483,0.0492574856560893,0.0212));
#9917=CARTESIAN_POINT('',(-0.0333221987232342,0.0477063937869682,0.0212));
#9918=CARTESIAN_POINT('',(-0.0295258354583034,0.0463978088833031,0.0212));
#9919=CARTESIAN_POINT('',(-0.0235389476915541,0.0449608690785114,0.0212));
#9920=CARTESIAN_POINT('',(-0.00976099945423913,0.0453523929512219,0.0212));
#9921=CARTESIAN_POINT('',(-0.00860205762373759,0.045200331191605,0.0212));
#9922=CARTESIAN_POINT('',(-0.00208331874258394,0.0451905964886313,0.0212));
#9923=CARTESIAN_POINT('',(-0.0293406120919786,0.0913582719821865,0.02105));
#9924=CARTESIAN_POINT('',(0.0335148474633694,0.075604535639286,0.02105));
#9925=CARTESIAN_POINT('',(0.0324740076584629,0.0747582432707543,0.02105));
#9926=CARTESIAN_POINT('',(0.0304694123535813,0.0731283343483885,0.02105));
#9927=CARTESIAN_POINT('',(0.0276956056984882,0.0709374727060241,0.02105));
#9928=CARTESIAN_POINT('',(0.0235832070153896,0.0677859209124487,0.02105));
#9929=CARTESIAN_POINT('',(0.0154679057786348,0.067849940390726,0.02105));
#9930=CARTESIAN_POINT('',(0.00740215392402068,0.0675991163373353,0.02105));
#9931=CARTESIAN_POINT('',(0.002485722193069,0.0676602832812426,0.02105));
#9932=CARTESIAN_POINT('',(-0.000239307270479542,0.0676477831360595,0.02105));
#9933=CARTESIAN_POINT('',(-0.000787966804919875,0.0676448541347247,0.02105));
#9934=CARTESIAN_POINT('',(-0.000612035574552838,0.0676453159604455,0.02105));
#9935=CARTESIAN_POINT('',(0.0335148474633694,0.075604535639286,0.02105));
#9936=CARTESIAN_POINT('',(-0.0349148474633693,0.075604535639286,0.02105));
#9937=CARTESIAN_POINT('',(-0.0338740076584629,0.0747582432707543,0.02105));
#9938=CARTESIAN_POINT('',(-0.0318694123535813,0.0731283343483885,0.02105));
#9939=CARTESIAN_POINT('',(-0.0290956056984882,0.0709374727060241,0.02105));
#9940=CARTESIAN_POINT('',(-0.0249832070153896,0.0677859209124487,0.02105));
#9941=CARTESIAN_POINT('',(-0.0168679057786349,0.067849940390726,0.02105));
#9942=CARTESIAN_POINT('',(-0.00880215392402068,0.0675991163373353,0.02105));
#9943=CARTESIAN_POINT('',(-0.003885722193069,0.0676602832812426,0.02105));
#9944=CARTESIAN_POINT('',(-0.00116069272952046,0.0676477831360595,0.02105));
#9945=CARTESIAN_POINT('',(-0.000612033195080125,0.0676448541347247,0.02105));
#9946=CARTESIAN_POINT('',(-0.000787962045974448,0.0676457777861669,0.02105));
#9947=CARTESIAN_POINT('',(-0.0349148474633693,0.075604535639286,0.02105));
#9948=CARTESIAN_POINT('',(-0.0338740076584629,0.0747582432707543,0.02105));
#9949=CARTESIAN_POINT('',(-0.0318694123535813,0.0731283343483885,0.02105));
#9950=CARTESIAN_POINT('',(-0.0290956056984882,0.0709374727060241,0.02105));
#9951=CARTESIAN_POINT('',(-0.0249832070153896,0.0677859209124487,0.02105));
#9952=CARTESIAN_POINT('',(-0.0168679057786349,0.067849940390726,0.02105));
#9953=CARTESIAN_POINT('',(-0.00880215392402068,0.0675991163373353,0.02105));
#9954=CARTESIAN_POINT('',(-0.003885722193069,0.0676602832812426,0.02105));
#9955=CARTESIAN_POINT('',(-0.00116069272952046,0.0676477831360595,0.02105));
#9956=CARTESIAN_POINT('',(-0.000612033195080125,0.0676448541347247,0.02105));
#9957=CARTESIAN_POINT('',(-0.0349148474633693,0.075604535639286,0.02105));
#9958=CARTESIAN_POINT('',(-0.0395838594629029,0.0797105673914031,0.02105));
#9959=CARTESIAN_POINT('',(0.00224536669372175,0.0598994504404942,0.02105));
#9960=CARTESIAN_POINT('',(0.00526808028214773,0.0570012332811424,0.02105));
#9961=CARTESIAN_POINT('',(0.00804692864374037,0.0598994504404942,0.02105));
#9962=CARTESIAN_POINT('',(0.010825777005333,0.062797667599846,0.02105));
#9963=CARTESIAN_POINT('',(0.013848490593759,0.0598994504404942,0.02105));
#9964=CARTESIAN_POINT('',(0.0168712041821849,0.0570012332811424,0.02105));
#9965=CARTESIAN_POINT('',(0.0196500525437776,0.0598994504404942,0.02105));
#9966=CARTESIAN_POINT('',(0.0224289009053702,0.062797667599846,0.02105));
#9967=CARTESIAN_POINT('',(0.0246539201656578,0.0587827889954692,0.02105));
#9968=CARTESIAN_POINT('',(0.0268789394259453,0.0547679103910923,0.02105));
#9969=CARTESIAN_POINT('',(0.0304621686607599,0.0601605009287596,0.02105));
#9970=CARTESIAN_POINT('',(0.0058833220835854,0.0513047650282539,0.02105));
#9971=CARTESIAN_POINT('',(-0.0276425496995098,0.0446726545966963,0.0212));
#9972=CARTESIAN_POINT('',(-0.0276425496995098,0.0446726545966963,0.021));
#9973=CARTESIAN_POINT('',(-0.0263595751468605,0.0444072634228788,0.0212));
#9974=CARTESIAN_POINT('',(-0.0263595751468605,0.0444072634228788,0.021));
#9975=CARTESIAN_POINT('',(-0.0233989241746305,0.0439892682052407,0.0212));
#9976=CARTESIAN_POINT('',(-0.0233989241746305,0.0439892682052407,0.021));
#9977=CARTESIAN_POINT('',(-0.0194051949715531,0.0439325784527085,0.0212));
#9978=CARTESIAN_POINT('',(-0.0194051949715531,0.0439325784527085,0.021));
#9979=CARTESIAN_POINT('',(-0.0175092380199306,0.0439346129233241,0.0212));
#9980=CARTESIAN_POINT('',(-0.0175092380199306,0.0439346129233241,0.021));
#9981=CARTESIAN_POINT('',(-0.0274425496995097,0.0446726545966963,0.0212));
#9982=CARTESIAN_POINT('',(-0.0272612676032652,0.0446351552805835,0.0212));
#9983=CARTESIAN_POINT('',(-0.0265914809942645,0.0445031150742773,0.0212));
#9984=CARTESIAN_POINT('',(-0.0253488959875372,0.0443023203854666,0.0212));
#9985=CARTESIAN_POINT('',(-0.0235844905430207,0.0441115558968622,0.0212));
#9986=CARTESIAN_POINT('',(-0.0215912461461717,0.0439968188670082,0.0212));
#9987=CARTESIAN_POINT('',(-0.018768034823662,0.0439236083895156,0.0212));
#9988=CARTESIAN_POINT('',(-0.0158859678811357,0.0439363619805149,0.0212));
#9989=CARTESIAN_POINT('',(-0.0133618477873735,0.0439735066578773,0.0212));
#9990=CARTESIAN_POINT('',(-0.0117504556944524,0.0439985971977261,0.0212));
#9991=CARTESIAN_POINT('',(-0.0105518581048037,0.0440048255831441,0.0212));
#9992=CARTESIAN_POINT('',(-0.00913665689337448,0.0439940360747388,0.0212));
#9993=CARTESIAN_POINT('',(-0.00695895651843948,0.0439591570740537,0.0212));
#9994=CARTESIAN_POINT('',(-0.00329344496199058,0.0439395296573638,0.0212));
#9995=CARTESIAN_POINT('',(-0.000599999999999993,0.0439395296573638,0.0212));
#9996=CARTESIAN_POINT('',(-0.017891061233648,0.0439348775716295,0.0212));
#9997=CARTESIAN_POINT('',(-0.0276425496995098,0.0446726545966963,0.0212));
#9998=CARTESIAN_POINT('',(-0.0274612676032653,0.0446351552805835,0.0212));
#9999=CARTESIAN_POINT('',(-0.0267914809942646,0.0445031150742773,0.0212));
#10000=CARTESIAN_POINT('',(-0.0255488959875372,0.0443023203854667,0.0212));
#10001=CARTESIAN_POINT('',(-0.0237844905430208,0.0441115558968622,0.0212));
#10002=CARTESIAN_POINT('',(-0.0217912461461717,0.0439968188670082,0.0212));
#10003=CARTESIAN_POINT('',(-0.018968034823662,0.0439236083895156,0.0212));
#10004=CARTESIAN_POINT('',(-0.0160859678811357,0.0439363619805149,0.0212));
#10005=CARTESIAN_POINT('',(-0.0135618477873735,0.0439735066578774,0.0212));
#10006=CARTESIAN_POINT('',(-0.0119504556944524,0.0439985971977261,0.0212));
#10007=CARTESIAN_POINT('',(-0.0107518581048037,0.0440048255831441,0.0212));
#10008=CARTESIAN_POINT('',(-0.0093366568933745,0.0439940360747388,0.0212));
#10009=CARTESIAN_POINT('',(-0.00715895651843949,0.0439591570740537,0.0212));
#10010=CARTESIAN_POINT('',(-0.0034934449619906,0.0439395296573638,0.0212));
#10011=CARTESIAN_POINT('',(-0.00080000000000001,0.0439395296573638,0.0212));
#10012=CARTESIAN_POINT('',(-0.0276425497107249,0.0446726545966913,0.0212));
#10013=CARTESIAN_POINT('',(-0.0276425497107249,0.0446726545966913,0.02105));
#10014=CARTESIAN_POINT('',(-0.0289844169147224,2.80938719852388,0.02116));
#10015=CARTESIAN_POINT('',(-0.0276425497107249,0.0446726545966913,0.0212));
#10016=CARTESIAN_POINT('',(-0.0266482768616507,0.0446731364301129,0.0212));
#10017=CARTESIAN_POINT('',(-0.0233712804905949,0.0446765056490204,0.0212));
#10018=CARTESIAN_POINT('',(-0.0176909425150253,0.0446678365043487,0.0212));
#10019=CARTESIAN_POINT('',(-0.0147427784127522,0.0446924883937208,0.0212));
#10020=CARTESIAN_POINT('',(-0.00786872154658792,0.0445933494945471,0.0212));
#10021=CARTESIAN_POINT('',(-0.00589734387790855,0.0448456698280517,0.0212));
#10022=CARTESIAN_POINT('',(-0.00361329353941503,0.0441594147085509,0.0212));
#10023=CARTESIAN_POINT('',(-0.0025091071536339,0.0449730492793092,0.0212));
#10024=CARTESIAN_POINT('',(-0.00228331873174111,0.045190596499066,0.0212));
#10025=CARTESIAN_POINT('',(0.0246176154469397,0.0934483913112812,0.021));
#10026=CARTESIAN_POINT('',(0.0246174788628746,0.0934481278705677,0.0190999999999973));
#10027=CARTESIAN_POINT('',(0.0254721794603626,0.101615885357884,0.0191));
#10028=CARTESIAN_POINT('',(0.0252720727086067,0.101634353399277,0.0191));
#10029=CARTESIAN_POINT('',(0.0254721829420106,0.101615886720376,0.0191));
#10030=CARTESIAN_POINT('',(0.0254721829420106,0.101615886720376,0.0197333333333333));
#10031=CARTESIAN_POINT('',(0.0254721829420106,0.101615886720376,0.0203666666666667));
#10032=CARTESIAN_POINT('',(0.0254721829420106,0.101615886720376,0.021));
#10033=CARTESIAN_POINT('',(0.0252720727086067,0.101634353399277,0.021));
#10034=CARTESIAN_POINT('',(0.0254721828014734,0.101615885377197,0.021));
#10035=CARTESIAN_POINT('',(0.0254721828014734,0.101615885377197,0.018));
#10036=CARTESIAN_POINT('',(0.0265944735096377,0.101498355702669,0.021));
#10037=CARTESIAN_POINT('',(0.0265944735096377,0.101498355702669,0.018));
#10038=CARTESIAN_POINT('',(0.0286949753710884,0.100801415421759,0.021));
#10039=CARTESIAN_POINT('',(0.0286949753710884,0.100801415421759,0.018));
#10040=CARTESIAN_POINT('',(0.032410030604047,0.0982416139723688,0.021));
#10041=CARTESIAN_POINT('',(0.032410030604047,0.0982416139723688,0.018));
#10042=CARTESIAN_POINT('',(0.0347978811748984,0.0954285293298841,0.021));
#10043=CARTESIAN_POINT('',(0.0347978811748984,0.0954285293298841,0.018));
#10044=CARTESIAN_POINT('',(0.0363937342078918,0.0921874757895358,0.021));
#10045=CARTESIAN_POINT('',(0.0363937342078918,0.0921874757895358,0.018));
#10046=CARTESIAN_POINT('',(0.0367219497323249,0.0894504888449021,0.021));
#10047=CARTESIAN_POINT('',(0.0367219497323249,0.0894504888449021,0.018));
#10048=CARTESIAN_POINT('',(0.036570008523819,0.0876445194474171,0.021));
#10049=CARTESIAN_POINT('',(0.036570008523819,0.0876445194474171,0.018));
#10050=CARTESIAN_POINT('',(0.0254721828014734,0.101615885377197,0.0191));
#10051=CARTESIAN_POINT('',(0.0265869388862202,0.101499144751203,0.0191));
#10052=CARTESIAN_POINT('',(0.0292012890587348,0.100635846406924,0.0191));
#10053=CARTESIAN_POINT('',(0.0355746845015404,0.0958848351915684,0.0191));
#10054=CARTESIAN_POINT('',(0.036799296915212,0.0903698355228005,0.0191));
#10055=CARTESIAN_POINT('',(0.036570008523819,0.0876445194474171,0.0191));
#10056=CARTESIAN_POINT('',(0.036570008523819,0.0876445194387174,0.0191));
#10057=CARTESIAN_POINT('',(0.0256723187499341,0.10159236630841,0.0191));
#10058=CARTESIAN_POINT('',(0.036570008523819,0.0876445194474171,0.021));
#10059=CARTESIAN_POINT('',(0.0254721828014734,0.101615885377197,0.021));
#10060=CARTESIAN_POINT('',(0.036570008523819,0.0876445194474171,0.021));
#10061=CARTESIAN_POINT('',(0.036570008523819,0.0876445194474171,0.019));
#10062=CARTESIAN_POINT('',(0.0254721828014734,0.101615885377197,0.019));
#10063=CARTESIAN_POINT('',(0.0265869388862202,0.101499144751203,0.019));
#10064=CARTESIAN_POINT('',(0.0292012890587348,0.100635846406924,0.019));
#10065=CARTESIAN_POINT('',(0.0355746845015404,0.0958848351915684,0.019));
#10066=CARTESIAN_POINT('',(0.036799296915212,0.0903698355228005,0.019));
#10067=CARTESIAN_POINT('',(0.036570008523819,0.0876445194474171,0.019));
#10068=CARTESIAN_POINT('',(0.0256723187499341,0.10159236630841,0.019));
#10069=CARTESIAN_POINT('',(0.0256723187499341,0.10159236630841,0.021));
#10070=CARTESIAN_POINT('',(0.036561073186984,0.0875445054976166,0.0210000000059063));
#10071=CARTESIAN_POINT('',(0.0365516594111797,0.087444519438594,0.021));
#10072=CARTESIAN_POINT('',(0.0365516594111797,0.087444519438594,0.019));
#10073=CARTESIAN_POINT('',(0.0365518998926583,0.0874445194387174,0.0191));
#10074=CARTESIAN_POINT('',(0.0365516594111797,0.0874445194387174,0.0191));
#10075=CARTESIAN_POINT('',(0.0365516594111797,0.087444519438594,0.021));
#10076=CARTESIAN_POINT('',(0.0365702490393828,0.0876445194387174,0.0210000000059063));
#10077=CARTESIAN_POINT('',(0.0365516594111797,0.087444519438594,0.021));
#10078=CARTESIAN_POINT('',(0.0365516594111797,0.087444519438594,0.018));
#10079=CARTESIAN_POINT('',(0.0362758543738958,0.0846688342291662,0.021));
#10080=CARTESIAN_POINT('',(0.0362758543738958,0.0846688342291662,0.018));
#10081=CARTESIAN_POINT('',(0.0339774751683352,0.0792306643707726,0.021));
#10082=CARTESIAN_POINT('',(0.0339774751683352,0.0792306643707726,0.018));
#10083=CARTESIAN_POINT('',(0.0283231297400813,0.0768653652629224,0.021));
#10084=CARTESIAN_POINT('',(0.0283231297400813,0.0768653652629224,0.018));
#10085=CARTESIAN_POINT('',(0.0256165966109392,0.0766323120590644,0.021));
#10086=CARTESIAN_POINT('',(0.0256165966109392,0.0766323120590644,0.018));
#10087=CARTESIAN_POINT('',(0.0365516594111797,0.087444519438594,0.0191));
#10088=CARTESIAN_POINT('',(0.0362732049336723,0.0846421704230432,0.0191));
#10089=CARTESIAN_POINT('',(0.0339536437736056,0.0792076107803263,0.0191));
#10090=CARTESIAN_POINT('',(0.0282971302231419,0.0768631265056516,0.0191));
#10091=CARTESIAN_POINT('',(0.0256165966109392,0.0766323120590644,0.0191));
#10092=CARTESIAN_POINT('',(0.0258164872983027,0.0766512241532423,0.0191));
#10093=CARTESIAN_POINT('',(0.0258164872982995,0.0766512241538014,0.021));
#10094=CARTESIAN_POINT('',(0.0258164872983027,0.0766512241532423,0.019));
#10095=CARTESIAN_POINT('',(0.0365516594111797,0.087444519438594,0.019));
#10096=CARTESIAN_POINT('',(0.0362732049336723,0.0846421704230432,0.019));
#10097=CARTESIAN_POINT('',(0.0339536437736056,0.0792076107803263,0.019));
#10098=CARTESIAN_POINT('',(0.0282971302231419,0.0768631265056516,0.019));
#10099=CARTESIAN_POINT('',(0.0256165966109392,0.0766323120590644,0.019));
#10100=CARTESIAN_POINT('',(0.0256165966109465,0.0766323120590673,0.021));
#10101=CARTESIAN_POINT('',(0.0256165932788255,0.0766323115048545,0.0191));
#10102=CARTESIAN_POINT('',(0.0256165965820138,0.0766323123948952,0.021));
#10103=CARTESIAN_POINT('',(0.0256165965820138,0.0766323123948952,0.0203666666666667));
#10104=CARTESIAN_POINT('',(0.0256165965820138,0.0766323123948952,0.0197333333333333));
#10105=CARTESIAN_POINT('',(0.0256165965820138,0.0766323123948952,0.0191));
#10106=CARTESIAN_POINT('',(0.0246068580802728,0.0883556126903385,0.021));
#10107=CARTESIAN_POINT('',(0.0246069021610849,0.0883555582849422,0.0190999999999987));
#10108=CARTESIAN_POINT('',(0.0254166828900576,0.0766168087720871,0.0191));
#10109=CARTESIAN_POINT('',(0.0254166828900576,0.0766168087720871,0.021));
#10110=CARTESIAN_POINT('',(0.0254166828900576,0.0766168087720871,0.021));
#10111=CARTESIAN_POINT('',(0.0254166828900576,0.0766168087720871,0.018));
#10112=CARTESIAN_POINT('',(0.023952226663891,0.0765158149347882,0.021));
#10113=CARTESIAN_POINT('',(0.023952226663891,0.0765158149347882,0.018));
#10114=CARTESIAN_POINT('',(0.0211114142130293,0.0768707646482406,0.021));
#10115=CARTESIAN_POINT('',(0.0211114142130293,0.0768707646482406,0.018));
#10116=CARTESIAN_POINT('',(0.0169660102959701,0.0784814857496535,0.021));
#10117=CARTESIAN_POINT('',(0.0169660102959701,0.0784814857496535,0.018));
#10118=CARTESIAN_POINT('',(0.0135390128588237,0.0801157554540002,0.021));
#10119=CARTESIAN_POINT('',(0.0135390128588237,0.0801157554540002,0.018));
#10120=CARTESIAN_POINT('',(0.0109336217083612,0.0809402186751387,0.021));
#10121=CARTESIAN_POINT('',(0.0109336217083612,0.0809402186751387,0.018));
#10122=CARTESIAN_POINT('',(0.00906148025290351,0.0811489416603347,0.021));
#10123=CARTESIAN_POINT('',(0.00906148025290351,0.0811489416603347,0.018));
#10124=CARTESIAN_POINT('',(0.00738383000127619,0.0809198602871542,0.021));
#10125=CARTESIAN_POINT('',(0.00738383000127619,0.0809198602871542,0.018));
#10126=CARTESIAN_POINT('',(0.00603787768658759,0.0802444173541865,0.021));
#10127=CARTESIAN_POINT('',(0.00603787768658759,0.0802444173541865,0.018));
#10128=CARTESIAN_POINT('',(0.0053021733583708,0.0793556959933889,0.021));
#10129=CARTESIAN_POINT('',(0.0053021733583708,0.0793556959933889,0.018));
#10130=CARTESIAN_POINT('',(0.00501034160912216,0.0791428444249987,0.021));
#10131=CARTESIAN_POINT('',(0.00501034160912216,0.0791428444249987,0.018));
#10132=CARTESIAN_POINT('',(0.00494103875974781,0.0794966377089711,0.021));
#10133=CARTESIAN_POINT('',(0.00494103875974781,0.0794966377089711,0.018));
#10134=CARTESIAN_POINT('',(0.00520946692469197,0.0808244701411715,0.021));
#10135=CARTESIAN_POINT('',(0.00520946692469197,0.0808244701411715,0.018));
#10136=CARTESIAN_POINT('',(0.00588886487464636,0.0831607839689713,0.021));
#10137=CARTESIAN_POINT('',(0.00588886487464636,0.0831607839689713,0.018));
#10138=CARTESIAN_POINT('',(0.00668711644866009,0.0854874684979956,0.021));
#10139=CARTESIAN_POINT('',(0.00668711644866009,0.0854874684979956,0.018));
#10140=CARTESIAN_POINT('',(0.00722849515061636,0.0868074731112098,0.021));
#10141=CARTESIAN_POINT('',(0.00722849515061636,0.0868074731112098,0.018));
#10142=CARTESIAN_POINT('',(0.0075130128950291,0.0874445194312232,0.021));
#10143=CARTESIAN_POINT('',(0.0075130128950291,0.0874445194312232,0.018));
#10144=CARTESIAN_POINT('',(0.0254166828900576,0.0766168087720871,0.0191));
#10145=CARTESIAN_POINT('',(0.0227640582345073,0.076433874835182,0.0191));
#10146=CARTESIAN_POINT('',(0.0177569941919168,0.0779028554218179,0.0191));
#10147=CARTESIAN_POINT('',(0.0109239249757825,0.0815668852948681,0.0191));
#10148=CARTESIAN_POINT('',(0.0062756550780284,0.0808667850924771,0.0191));
#10149=CARTESIAN_POINT('',(0.00437926989100115,0.0779180063049179,0.0191));
#10150=CARTESIAN_POINT('',(0.00590885247545034,0.0834922310128002,0.0191));
#10151=CARTESIAN_POINT('',(0.0070988116991784,0.0865171068084834,0.0191));
#10152=CARTESIAN_POINT('',(0.0075130128950291,0.0874445194312232,0.0191));
#10153=CARTESIAN_POINT('',(0.00519157273755586,0.0792868651034081,0.0191));
#10154=CARTESIAN_POINT('',(0.00924713569072091,0.0810754819824673,0.0191));
#10155=CARTESIAN_POINT('',(0.00519157273632601,0.0792868651087651,0.0191));
#10156=CARTESIAN_POINT('',(0.00519157273755586,0.0792868651034081,0.019));
#10157=CARTESIAN_POINT('',(0.0254166828900576,0.0766168087720871,0.019));
#10158=CARTESIAN_POINT('',(0.0227640582345073,0.076433874835182,0.019));
#10159=CARTESIAN_POINT('',(0.0177569941919168,0.0779028554218179,0.019));
#10160=CARTESIAN_POINT('',(0.0109239249757825,0.0815668852948681,0.019));
#10161=CARTESIAN_POINT('',(0.0062756550780284,0.0808667850924771,0.019));
#10162=CARTESIAN_POINT('',(0.00437926989100115,0.0779180063049179,0.019));
#10163=CARTESIAN_POINT('',(0.00590885247545034,0.0834922310128002,0.019));
#10164=CARTESIAN_POINT('',(0.0070988116991784,0.0865171068084834,0.019));
#10165=CARTESIAN_POINT('',(0.0075130128950291,0.0874445194312232,0.019));
#10166=CARTESIAN_POINT('',(0.00924713564096708,0.0810754819818744,0.019));
#10167=CARTESIAN_POINT('',(0.0092471356443533,0.0810754819818283,0.0191));
#10168=CARTESIAN_POINT('',(0.0254166828900576,0.0766168087720871,0.0191));
#10169=CARTESIAN_POINT('',(0.0227640582345073,0.076433874835182,0.0191));
#10170=CARTESIAN_POINT('',(0.0177569941919168,0.0779028554218179,0.0191));
#10171=CARTESIAN_POINT('',(0.0109239249757825,0.0815668852948681,0.0191));
#10172=CARTESIAN_POINT('',(0.0062756550780284,0.0808667850924771,0.0191));
#10173=CARTESIAN_POINT('',(0.00437926989100115,0.0779180063049179,0.0191));
#10174=CARTESIAN_POINT('',(0.00590885247545034,0.0834922310128002,0.0191));
#10175=CARTESIAN_POINT('',(0.0070988116991784,0.0865171068084834,0.0191));
#10176=CARTESIAN_POINT('',(0.0075130128950291,0.0874445194312232,0.0191));
#10177=CARTESIAN_POINT('',(0.0247009993044276,0.0765892879578464,0.0191));
#10178=CARTESIAN_POINT('',(0.0247009991577022,0.0765892879590591,0.0191));
#10179=CARTESIAN_POINT('',(0.0247009993044276,0.0765892879578464,0.019));
#10180=CARTESIAN_POINT('',(0.0254166828900576,0.0766168087720871,0.019));
#10181=CARTESIAN_POINT('',(0.0227640582345073,0.076433874835182,0.019));
#10182=CARTESIAN_POINT('',(0.0177569941919168,0.0779028554218179,0.019));
#10183=CARTESIAN_POINT('',(0.0109239249757825,0.0815668852948681,0.019));
#10184=CARTESIAN_POINT('',(0.0062756550780284,0.0808667850924771,0.019));
#10185=CARTESIAN_POINT('',(0.00437926989100115,0.0779180063049179,0.019));
#10186=CARTESIAN_POINT('',(0.00590885247545034,0.0834922310128002,0.019));
#10187=CARTESIAN_POINT('',(0.0070988116991784,0.0865171068084834,0.019));
#10188=CARTESIAN_POINT('',(0.0075130128950291,0.0874445194312232,0.019));
#10189=CARTESIAN_POINT('',(0.0075130128950291,0.0874445194312232,0.021));
#10190=CARTESIAN_POINT('',(0.00755802116155942,0.0875446653379284,0.0210000000059063));
#10191=CARTESIAN_POINT('',(0.00760315807635652,0.0876445194278298,0.021));
#10192=CARTESIAN_POINT('',(0.00760315807635652,0.0876445194278298,0.021));
#10193=CARTESIAN_POINT('',(0.00760315807635652,0.0876445194278298,0.018));
#10194=CARTESIAN_POINT('',(0.00802840903305229,0.0885794269351364,0.021));
#10195=CARTESIAN_POINT('',(0.00802840903305229,0.0885794269351364,0.018));
#10196=CARTESIAN_POINT('',(0.00893295812083152,0.0903223801149131,0.021));
#10197=CARTESIAN_POINT('',(0.00893295812083152,0.0903223801149131,0.018));
#10198=CARTESIAN_POINT('',(0.010579101269094,0.0929720143360205,0.021));
#10199=CARTESIAN_POINT('',(0.010579101269094,0.0929720143360205,0.018));
#10200=CARTESIAN_POINT('',(0.0125766559482607,0.0955979962770225,0.021));
#10201=CARTESIAN_POINT('',(0.0125766559482607,0.0955979962770225,0.018));
#10202=CARTESIAN_POINT('',(0.0157772247037043,0.0986820537627018,0.021));
#10203=CARTESIAN_POINT('',(0.0157772247037043,0.0986820537627018,0.018));
#10204=CARTESIAN_POINT('',(0.0207674169445887,0.101276039643169,0.021));
#10205=CARTESIAN_POINT('',(0.0207674169445887,0.101276039643169,0.018));
#10206=CARTESIAN_POINT('',(0.0238730424347274,0.101746339343401,0.021));
#10207=CARTESIAN_POINT('',(0.0238730424347274,0.101746339343401,0.018));
#10208=CARTESIAN_POINT('',(0.0252720727086067,0.101634353399277,0.021));
#10209=CARTESIAN_POINT('',(0.0252720727086067,0.101634353399277,0.018));
#10210=CARTESIAN_POINT('',(0.00760315807635652,0.0876445194278298,0.0191));
#10211=CARTESIAN_POINT('',(0.00817338233354881,0.0888981484450099,0.0191));
#10212=CARTESIAN_POINT('',(0.00993766120159077,0.0921633572740008,0.0191));
#10213=CARTESIAN_POINT('',(0.0140728053564529,0.0978598300975616,0.0191));
#10214=CARTESIAN_POINT('',(0.0208268830635692,0.101325032450044,0.0191));
#10215=CARTESIAN_POINT('',(0.0240138888914662,0.101735065231805,0.0191));
#10216=CARTESIAN_POINT('',(0.0252720727086067,0.101634353399277,0.0191));
#10217=CARTESIAN_POINT('',(0.0246852856583102,0.101660963090257,0.0191));
#10218=CARTESIAN_POINT('',(0.00760315807635652,0.0876445194278298,0.019));
#10219=CARTESIAN_POINT('',(0.00817338233354881,0.0888981484450099,0.019));
#10220=CARTESIAN_POINT('',(0.00993766120159077,0.0921633572740008,0.019));
#10221=CARTESIAN_POINT('',(0.0140728053564529,0.0978598300975616,0.019));
#10222=CARTESIAN_POINT('',(0.0208268830635692,0.101325032450044,0.019));
#10223=CARTESIAN_POINT('',(0.0240138888914662,0.101735065231805,0.019));
#10224=CARTESIAN_POINT('',(0.0252720727086067,0.101634353399277,0.019));
#10225=CARTESIAN_POINT('',(0.0246852855622923,0.101660963089321,0.019));
#10226=CARTESIAN_POINT('',(0.0246852855686088,0.10166096308925,0.0191));
#10227=CARTESIAN_POINT('',(0.0340014563462459,0.077697075528218,0.02105));
#10228=CARTESIAN_POINT('',(0.0327075147965193,0.0765591548963325,0.02105));
#10229=CARTESIAN_POINT('',(0.0327075147965193,0.0765591548963325,0.0212));
#10230=CARTESIAN_POINT('',(0.0340014563462459,0.077697075528218,0.0212));
#10231=CARTESIAN_POINT('',(0.0352953978955746,0.0788349961605613,0.0212));
#10232=CARTESIAN_POINT('',(0.0352953978955746,0.0788349961605613,0.02105));
#10233=CARTESIAN_POINT('',(0.0352953978955746,0.0669345120364424,0.02105));
#10234=CARTESIAN_POINT('',(0.0352953978955746,0.0669345120364424,0.0212));
#10235=CARTESIAN_POINT('',(0.0352953978955746,0.0550340279123236,0.0212));
#10236=CARTESIAN_POINT('',(0.0352953978955746,0.0550340279123236,0.02105));
#10237=CARTESIAN_POINT('',(0.0352953978955746,0.0669345120364424,0.02105));
#10238=CARTESIAN_POINT('',(0.0352953978955746,0.0550340279123236,0.02105));
#10239=CARTESIAN_POINT('',(0.0352953978955746,0.0788349961605613,0.02105));
#10240=CARTESIAN_POINT('',(0.0340014563462459,0.077697075528218,0.02105));
#10241=CARTESIAN_POINT('',(0.0327075147965193,0.0765591548963325,0.02105));
#10242=CARTESIAN_POINT('',(0.00804692864374037,0.0598994504404942,0.02105));
#10243=CARTESIAN_POINT('',(0.00804692864374037,0.0598994504404942,0.02005));
#10244=CARTESIAN_POINT('',(0.00526808028214773,0.0570012332811424,0.02005));
#10245=CARTESIAN_POINT('',(0.010825777005333,0.062797667599846,0.02005));
#10246=CARTESIAN_POINT('',(0.010825777005333,0.062797667599846,0.02105));
#10247=CARTESIAN_POINT('',(0.00526808028214773,0.0570012332811424,0.02105));
#10248=CARTESIAN_POINT('',(0.013848490593759,0.0598994504404942,0.02105));
#10249=CARTESIAN_POINT('',(0.013848490593759,0.0598994504404942,0.02005));
#10250=CARTESIAN_POINT('',(0.0168712041821849,0.0570012332811424,0.02005));
#10251=CARTESIAN_POINT('',(0.0168712041821849,0.0570012332811424,0.02105));
#10252=CARTESIAN_POINT('',(0.0196500525437776,0.0598994504404942,0.02105));
#10253=CARTESIAN_POINT('',(0.0196500525437776,0.0598994504404942,0.02005));
#10254=CARTESIAN_POINT('',(0.0224289009053702,0.062797667599846,0.02005));
#10255=CARTESIAN_POINT('',(0.0224289009053702,0.062797667599846,0.02105));
#10256=CARTESIAN_POINT('',(0.0246539201656578,0.0587827889954692,0.02105));
#10257=CARTESIAN_POINT('',(0.0246539201656578,0.0587827889954692,0.02005));
#10258=CARTESIAN_POINT('',(0.0268789394259453,0.0547679103910923,0.02005));
#10259=CARTESIAN_POINT('',(0.0268789394259453,0.0547679103910923,0.02105));
#10260=CARTESIAN_POINT('',(0.0304621686607599,0.0601605009287596,0.02105));
#10261=CARTESIAN_POINT('',(0.0304621686607599,0.0601605009287596,0.02005));
#10262=CARTESIAN_POINT('',(0.0340453978955746,0.0602940805256367,0.02105));
#10263=CARTESIAN_POINT('',(0.0340453978955746,0.0602940805256367,0.01905));
#10264=CARTESIAN_POINT('',(0.0340453978955746,0.0550350695848465,0.01905));
#10265=CARTESIAN_POINT('',(0.0340453978955746,0.0550350695848465,0.02105));
#10266=CARTESIAN_POINT('',(0.00224536669372175,0.0598994504404942,0.02105));
#10267=CARTESIAN_POINT('',(0.00224536669372175,0.0598994504404942,0.02005));
#10268=CARTESIAN_POINT('',(0.0352953978955746,0.0550340279123236,0.0212));
#10269=CARTESIAN_POINT('',(0.0352953978955746,0.0550340279123236,0.021));
#10270=CARTESIAN_POINT('',(0.0352949888470915,0.0547886003729605,0.0212));
#10271=CARTESIAN_POINT('',(0.0352949888470915,0.0547886003729605,0.021));
#10272=CARTESIAN_POINT('',(0.0352942794537691,0.0544126799695997,0.0212));
#10273=CARTESIAN_POINT('',(0.0352942794537691,0.0544126799695997,0.021));
#10274=CARTESIAN_POINT('',(0.0352959790762831,0.0537985851046419,0.0212));
#10275=CARTESIAN_POINT('',(0.0352959790762831,0.0537985851046419,0.021));
#10276=CARTESIAN_POINT('',(0.0352998546914958,0.0529777027100998,0.0212));
#10277=CARTESIAN_POINT('',(0.0352998546914958,0.0529777027100998,0.021));
#10278=CARTESIAN_POINT('',(0.0352908842584736,0.0522310560686642,0.0212));
#10279=CARTESIAN_POINT('',(0.0352908842584736,0.0522310560686642,0.021));
#10280=CARTESIAN_POINT('',(0.0352853486820315,0.0518192636616073,0.0212));
#10281=CARTESIAN_POINT('',(0.0352853486820315,0.0518192636616073,0.021));
#10282=CARTESIAN_POINT('',(0.0353039088710844,0.0514808234886269,0.0212));
#10283=CARTESIAN_POINT('',(0.0353039088710844,0.0514808234886269,0.021));
#10284=CARTESIAN_POINT('',(0.0353330837787783,0.0510013986451467,0.0212));
#10285=CARTESIAN_POINT('',(0.0353330837787783,0.0510013986451467,0.021));
#10286=CARTESIAN_POINT('',(0.0352928435830036,0.0501579641841139,0.0212));
#10287=CARTESIAN_POINT('',(0.0352928435830036,0.0501579641841139,0.021));
#10288=CARTESIAN_POINT('',(0.0349181907839605,0.0491770166621355,0.0212));
#10289=CARTESIAN_POINT('',(0.0349181907839605,0.0491770166621355,0.021));
#10290=CARTESIAN_POINT('',(0.0343318059709837,0.048312460663891,0.0212));
#10291=CARTESIAN_POINT('',(0.0343318059709837,0.048312460663891,0.021));
#10292=CARTESIAN_POINT('',(0.033544193883538,0.0475235372712484,0.0212));
#10293=CARTESIAN_POINT('',(0.033544193883538,0.0475235372712484,0.021));
#10294=CARTESIAN_POINT('',(0.0325552564217053,0.0468269509743754,0.0212));
#10295=CARTESIAN_POINT('',(0.0325552564217053,0.0468269509743754,0.021));
#10296=CARTESIAN_POINT('',(0.0310338281985959,0.046077711328641,0.0212));
#10297=CARTESIAN_POINT('',(0.0310338281985959,0.046077711328641,0.021));
#10298=CARTESIAN_POINT('',(0.0289291849775816,0.0453867218906592,0.0212));
#10299=CARTESIAN_POINT('',(0.0289291849775816,0.0453867218906592,0.021));
#10300=CARTESIAN_POINT('',(0.0270900150122899,0.0448893292363591,0.0212));
#10301=CARTESIAN_POINT('',(0.0270900150122899,0.0448893292363591,0.021));
#10302=CARTESIAN_POINT('',(0.0260425496995096,0.0446726545966963,0.0212));
#10303=CARTESIAN_POINT('',(0.0260425496995096,0.0446726545966963,0.021));
#10304=CARTESIAN_POINT('',(0.0352953978955746,0.0550340279123236,0.0212));
#10305=CARTESIAN_POINT('',(0.0352953973168648,0.0550336806886399,0.0212));
#10306=CARTESIAN_POINT('',(0.035295396738155,0.0550333334649562,0.0212));
#10307=CARTESIAN_POINT('',(0.0352953961594452,0.0550329862412725,0.0212));
#10308=CARTESIAN_POINT('',(0.0352950247270648,0.0548101282180776,0.0212));
#10309=CARTESIAN_POINT('',(0.0352945860675643,0.0545428196456423,0.0212));
#10310=CARTESIAN_POINT('',(0.0352948756387908,0.0541953305657242,0.0212));
#10311=CARTESIAN_POINT('',(0.0352957816053976,0.0539020887723835,0.0212));
#10312=CARTESIAN_POINT('',(0.0352971476629928,0.0535634068541658,0.0212));
#10313=CARTESIAN_POINT('',(0.0352980161534076,0.0532056536057101,0.0212));
#10314=CARTESIAN_POINT('',(0.0352976870360723,0.0528481309594855,0.0212));
#10315=CARTESIAN_POINT('',(0.0352939469393061,0.0523913424955922,0.0212));
#10316=CARTESIAN_POINT('',(0.0352864520526859,0.0520352281709827,0.0212));
#10317=CARTESIAN_POINT('',(0.0352900332681999,0.0517716806891905,0.0212));
#10318=CARTESIAN_POINT('',(0.0352959569627911,0.051627040596068,0.0212));
#10319=CARTESIAN_POINT('',(0.0353056658389353,0.0514543747981123,0.0212));
#10320=CARTESIAN_POINT('',(0.0353210005716014,0.0511920220808231,0.0212));
#10321=CARTESIAN_POINT('',(0.0353245243124716,0.0508724767337073,0.0212));
#10322=CARTESIAN_POINT('',(0.0353064731090432,0.0505864772122718,0.0212));
#10323=CARTESIAN_POINT('',(0.0352775563794953,0.0503546934563272,0.0212));
#10324=CARTESIAN_POINT('',(0.035232111736029,0.050123217256486,0.0212));
#10325=CARTESIAN_POINT('',(0.0351518783329682,0.0498209710632256,0.0212));
#10326=CARTESIAN_POINT('',(0.0350163415110002,0.0494542855569379,0.0212));
#10327=CARTESIAN_POINT('',(0.0347328105083926,0.048895121431306,0.0212));
#10328=CARTESIAN_POINT('',(0.0342690526903941,0.048246939080196,0.0212));
#10329=CARTESIAN_POINT('',(0.0336665427074316,0.0476520892847274,0.0212));
#10330=CARTESIAN_POINT('',(0.033105252502644,0.0472162021540699,0.0212));
#10331=CARTESIAN_POINT('',(0.0326442520004412,0.04691020675982,0.0212));
#10332=CARTESIAN_POINT('',(0.0321480887736272,0.0466304895626157,0.0212));
#10333=CARTESIAN_POINT('',(0.03145894064527,0.0462951203802882,0.0212));
#10334=CARTESIAN_POINT('',(0.0305462577171352,0.0459288385913708,0.0212));
#10335=CARTESIAN_POINT('',(0.0293873312660681,0.0455455471388419,0.0212));
#10336=CARTESIAN_POINT('',(0.0281983417444564,0.045194308038407,0.0212));
#10337=CARTESIAN_POINT('',(0.0270820865354591,0.0449000741037784,0.0212));
#10338=CARTESIAN_POINT('',(0.0263368378053144,0.0447335299006365,0.0212));
#10339=CARTESIAN_POINT('',(0.0260425496995096,0.0446726545966963,0.0212));
#10340=CARTESIAN_POINT('',(0.0352953978955746,0.0550340279123236,0.018));
#10341=CARTESIAN_POINT('',(0.0352953978955746,0.0550340279123236,0.0179));
#10342=CARTESIAN_POINT('',(0.0352949888470915,0.0547886003729605,0.018));
#10343=CARTESIAN_POINT('',(0.0352949888470915,0.0547886003729605,0.0179));
#10344=CARTESIAN_POINT('',(0.0352942794537691,0.0544126799695997,0.018));
#10345=CARTESIAN_POINT('',(0.0352942794537691,0.0544126799695997,0.0179));
#10346=CARTESIAN_POINT('',(0.0352959790762831,0.0537985851046419,0.018));
#10347=CARTESIAN_POINT('',(0.0352959790762831,0.0537985851046419,0.0179));
#10348=CARTESIAN_POINT('',(0.0352998546914958,0.0529777027100998,0.018));
#10349=CARTESIAN_POINT('',(0.0352998546914958,0.0529777027100998,0.0179));
#10350=CARTESIAN_POINT('',(0.0352908842584736,0.0522310560686642,0.018));
#10351=CARTESIAN_POINT('',(0.0352908842584736,0.0522310560686642,0.0179));
#10352=CARTESIAN_POINT('',(0.0352853486820315,0.0518192636616073,0.018));
#10353=CARTESIAN_POINT('',(0.0352853486820315,0.0518192636616073,0.0179));
#10354=CARTESIAN_POINT('',(0.0353039088710844,0.0514808234886269,0.018));
#10355=CARTESIAN_POINT('',(0.0353039088710844,0.0514808234886269,0.0179));
#10356=CARTESIAN_POINT('',(0.0353330837787783,0.0510013986451467,0.018));
#10357=CARTESIAN_POINT('',(0.0353330837787783,0.0510013986451467,0.0179));
#10358=CARTESIAN_POINT('',(0.0352928435830036,0.0501579641841139,0.018));
#10359=CARTESIAN_POINT('',(0.0352928435830036,0.0501579641841139,0.0179));
#10360=CARTESIAN_POINT('',(0.0349181907839605,0.0491770166621355,0.018));
#10361=CARTESIAN_POINT('',(0.0349181907839605,0.0491770166621355,0.0179));
#10362=CARTESIAN_POINT('',(0.0343318059709837,0.048312460663891,0.018));
#10363=CARTESIAN_POINT('',(0.0343318059709837,0.048312460663891,0.0179));
#10364=CARTESIAN_POINT('',(0.033544193883538,0.0475235372712484,0.018));
#10365=CARTESIAN_POINT('',(0.033544193883538,0.0475235372712484,0.0179));
#10366=CARTESIAN_POINT('',(0.0325552564217053,0.0468269509743754,0.018));
#10367=CARTESIAN_POINT('',(0.0325552564217053,0.0468269509743754,0.0179));
#10368=CARTESIAN_POINT('',(0.0310338281985959,0.046077711328641,0.018));
#10369=CARTESIAN_POINT('',(0.0310338281985959,0.046077711328641,0.0179));
#10370=CARTESIAN_POINT('',(0.0289291849775816,0.0453867218906592,0.018));
#10371=CARTESIAN_POINT('',(0.0289291849775816,0.0453867218906592,0.0179));
#10372=CARTESIAN_POINT('',(0.0270900150122899,0.0448893292363591,0.018));
#10373=CARTESIAN_POINT('',(0.0270900150122899,0.0448893292363591,0.0179));
#10374=CARTESIAN_POINT('',(0.0260425496995096,0.0446726545966963,0.018));
#10375=CARTESIAN_POINT('',(0.0260425496995096,0.0446726545966963,0.0179));
#10376=CARTESIAN_POINT('',(-0.000700000031412896,0.120532061203393,0.021));
#10377=CARTESIAN_POINT('',(-0.000700000031412896,0.120532061203393,0.0180000000000001));
#10378=CARTESIAN_POINT('',(-0.000518802155948874,0.120719145658368,0.021));
#10379=CARTESIAN_POINT('',(-0.000518802155948874,0.120719145658368,0.0180000000000001));
#10380=CARTESIAN_POINT('',(7.35843757353928E-5,0.120999922401931,0.021));
#10381=CARTESIAN_POINT('',(7.35843757353928E-5,0.120999922401931,0.0180000000000001));
#10382=CARTESIAN_POINT('',(0.00131505254027762,0.12084645573208,0.021));
#10383=CARTESIAN_POINT('',(0.00131505254027762,0.12084645573208,0.018));
#10384=CARTESIAN_POINT('',(0.00256993400315598,0.120114813653879,0.021));
#10385=CARTESIAN_POINT('',(0.00256993400315598,0.120114813653879,0.0180000000000001));
#10386=CARTESIAN_POINT('',(0.00354824224031248,0.119493957630725,0.021));
#10387=CARTESIAN_POINT('',(0.00354824224031248,0.119493957630725,0.018));
#10388=CARTESIAN_POINT('',(0.00378782584227192,0.119564674914036,0.021));
#10389=CARTESIAN_POINT('',(0.00378782584227192,0.119564674914036,0.0180000000000001));
#10390=CARTESIAN_POINT('',(0.00415424785128402,0.12016098085251,0.021));
#10391=CARTESIAN_POINT('',(0.00415424785128402,0.12016098085251,0.018));
#10392=CARTESIAN_POINT('',(0.00473717836703341,0.121116984897225,0.021));
#10393=CARTESIAN_POINT('',(0.00473717836703341,0.121116984897225,0.0180000000000001));
#10394=CARTESIAN_POINT('',(0.00577632664391222,0.122876684274271,0.021));
#10395=CARTESIAN_POINT('',(0.00577632664391222,0.122876684274271,0.0180000000000001));
#10396=CARTESIAN_POINT('',(0.007378136777647,0.125600816546003,0.021));
#10397=CARTESIAN_POINT('',(0.007378136777647,0.125600816546003,0.018));
#10398=CARTESIAN_POINT('',(0.00917467852956975,0.128640525545796,0.021));
#10399=CARTESIAN_POINT('',(0.00917467852956975,0.128640525545796,0.0180000000000001));
#10400=CARTESIAN_POINT('',(0.0110094244518427,0.131697249323624,0.021));
#10401=CARTESIAN_POINT('',(0.0110094244518427,0.131697249323624,0.018));
#10402=CARTESIAN_POINT('',(0.0127297111280755,0.134484906961349,0.021));
#10403=CARTESIAN_POINT('',(0.0127297111280755,0.134484906961349,0.0180000000000001));
#10404=CARTESIAN_POINT('',(0.0141638458806332,0.136669139072097,0.021));
#10405=CARTESIAN_POINT('',(0.0141638458806332,0.136669139072097,0.0180000000000001));
#10406=CARTESIAN_POINT('',(0.0153034863741789,0.138321437337129,0.021));
#10407=CARTESIAN_POINT('',(0.0153034863741789,0.138321437337129,0.018));
#10408=CARTESIAN_POINT('',(0.016177672185486,0.139598932555781,0.021));
#10409=CARTESIAN_POINT('',(0.016177672185486,0.139598932555781,0.0180000000000001));
#10410=CARTESIAN_POINT('',(0.0168030563378894,0.140653247357094,0.021));
#10411=CARTESIAN_POINT('',(0.0168030563378894,0.140653247357094,0.0180000000000001));
#10412=CARTESIAN_POINT('',(0.0171421323753943,0.141421655915185,0.021));
#10413=CARTESIAN_POINT('',(0.0171421323753943,0.141421655915185,0.018));
#10414=CARTESIAN_POINT('',(0.0174044026647659,0.141485837787927,0.021));
#10415=CARTESIAN_POINT('',(0.0174044026647659,0.141485837787927,0.018));
#10416=CARTESIAN_POINT('',(0.0176866854070968,0.141076492217425,0.021));
#10417=CARTESIAN_POINT('',(0.0176866854070968,0.141076492217425,0.0180000000000001));
#10418=CARTESIAN_POINT('',(0.0179820818500634,0.14024117662089,0.021));
#10419=CARTESIAN_POINT('',(0.0179820818500634,0.14024117662089,0.018));
#10420=CARTESIAN_POINT('',(0.0182654837169976,0.139476624536152,0.021));
#10421=CARTESIAN_POINT('',(0.0182654837169976,0.139476624536152,0.0180000000000001));
#10422=CARTESIAN_POINT('',(0.0185325296297688,0.138929339515017,0.021));
#10423=CARTESIAN_POINT('',(0.0185325296297688,0.138929339515017,0.018));
#10424=CARTESIAN_POINT('',(0.0189263199457324,0.138432304805641,0.021));
#10425=CARTESIAN_POINT('',(0.0189263199457324,0.138432304805641,0.018));
#10426=CARTESIAN_POINT('',(0.0198511549053437,0.137281286992183,0.021));
#10427=CARTESIAN_POINT('',(0.0198511549053437,0.137281286992183,0.0180000000000001));
#10428=CARTESIAN_POINT('',(0.0213971950427605,0.135118750545911,0.021));
#10429=CARTESIAN_POINT('',(0.0213971950427605,0.135118750545911,0.018));
#10430=CARTESIAN_POINT('',(0.0233597117972333,0.132276914937028,0.021));
#10431=CARTESIAN_POINT('',(0.0233597117972333,0.132276914937028,0.0180000000000001));
#10432=CARTESIAN_POINT('',(0.0263435354640217,0.12784599402174,0.021));
#10433=CARTESIAN_POINT('',(0.0263435354640217,0.12784599402174,0.018));
#10434=CARTESIAN_POINT('',(0.0303673303010699,0.121686249874925,0.021));
#10435=CARTESIAN_POINT('',(0.0303673303010699,0.121686249874925,0.0180000000000001));
#10436=CARTESIAN_POINT('',(0.0344324652372866,0.115106698192107,0.021));
#10437=CARTESIAN_POINT('',(0.0344324652372866,0.115106698192107,0.0180000000000001));
#10438=CARTESIAN_POINT('',(0.0364990867797146,0.111142667660854,0.021));
#10439=CARTESIAN_POINT('',(0.0364990867797146,0.111142667660854,0.0180000000000001));
#10440=CARTESIAN_POINT('',(0.0376213898834085,0.109300263025564,0.021));
#10441=CARTESIAN_POINT('',(0.0376213898834085,0.109300263025564,0.018));
#10442=CARTESIAN_POINT('',(0.0387803729383936,0.108241759359577,0.021));
#10443=CARTESIAN_POINT('',(0.0387803729383936,0.108241759359577,0.0180000000000001));
#10444=CARTESIAN_POINT('',(0.0398232072649347,0.107347188551745,0.021));
#10445=CARTESIAN_POINT('',(0.0398232072649347,0.107347188551745,0.018));
#10446=CARTESIAN_POINT('',(0.0411049241455676,0.106043934267593,0.021));
#10447=CARTESIAN_POINT('',(0.0411049241455676,0.106043934267593,0.0180000000000001));
#10448=CARTESIAN_POINT('',(0.0426487269218073,0.104105301004934,0.021));
#10449=CARTESIAN_POINT('',(0.0426487269218073,0.104105301004934,0.0180000000000001));
#10450=CARTESIAN_POINT('',(0.0442769555545014,0.101759132746217,0.021));
#10451=CARTESIAN_POINT('',(0.0442769555545014,0.101759132746217,0.0180000000000001));
#10452=CARTESIAN_POINT('',(0.0458350346289931,0.0991832257013136,0.021));
#10453=CARTESIAN_POINT('',(0.0458350346289931,0.0991832257013136,0.018));
#10454=CARTESIAN_POINT('',(0.0471577215653062,0.0965690489527827,0.021));
#10455=CARTESIAN_POINT('',(0.0471577215653062,0.0965690489527827,0.018));
#10456=CARTESIAN_POINT('',(0.048099357820245,0.0941034278650035,0.021));
#10457=CARTESIAN_POINT('',(0.048099357820245,0.0941034278650035,0.0180000000000001));
#10458=CARTESIAN_POINT('',(0.0484466158688113,0.0919780898023914,0.021));
#10459=CARTESIAN_POINT('',(0.0484466158688113,0.0919780898023914,0.0180000000000001));
#10460=CARTESIAN_POINT('',(0.0484357864391838,0.0903576179621523,0.021));
#10461=CARTESIAN_POINT('',(0.0484357864391838,0.0903576179621523,0.0180000000000001));
#10462=CARTESIAN_POINT('',(0.0484599002897498,0.0893944665974471,0.021));
#10463=CARTESIAN_POINT('',(0.0484599002897498,0.0893944665974471,0.018));
#10464=CARTESIAN_POINT('',(0.0490192060751041,0.0892054455554654,0.021));
#10465=CARTESIAN_POINT('',(0.0490192060751041,0.0892054455554654,0.018));
#10466=CARTESIAN_POINT('',(0.0511800966387699,0.0910460713120498,0.021));
#10467=CARTESIAN_POINT('',(0.0511800966387699,0.0910460713120498,0.0180000000000001));
#10468=CARTESIAN_POINT('',(0.0542658447639501,0.094350083230098,0.021));
#10469=CARTESIAN_POINT('',(0.0542658447639501,0.094350083230098,0.018));
#10470=CARTESIAN_POINT('',(0.0565073551526293,0.0969906963682501,0.021));
#10471=CARTESIAN_POINT('',(0.0565073551526293,0.0969906963682501,0.018));
#10472=CARTESIAN_POINT('',(0.057898941036477,0.0987647795808361,0.021));
#10473=CARTESIAN_POINT('',(0.057898941036477,0.0987647795808361,0.0180000000000001));
#10474=CARTESIAN_POINT('',(0.0587430530361096,0.100001357375877,0.021));
#10475=CARTESIAN_POINT('',(0.0587430530361096,0.100001357375877,0.018));
#10476=CARTESIAN_POINT('',(0.059180299389492,0.100799460521377,0.021));
#10477=CARTESIAN_POINT('',(0.059180299389492,0.100799460521377,0.018));
#10478=CARTESIAN_POINT('',(0.0593827643688076,0.101293805193055,0.021));
#10479=CARTESIAN_POINT('',(0.0593827643688076,0.101293805193055,0.0180000000000001));
#10480=CARTESIAN_POINT('',(0.0594274676614584,0.101663185145064,0.021));
#10481=CARTESIAN_POINT('',(0.0594274676614584,0.101663185145064,0.0180000000000001));
#10482=CARTESIAN_POINT('',(0.0593948910994108,0.101939166866966,0.021));
#10483=CARTESIAN_POINT('',(0.0593948910994108,0.101939166866966,0.018));
#10484=CARTESIAN_POINT('',(0.0595336860635515,0.102231850084342,0.021));
#10485=CARTESIAN_POINT('',(0.0595336860635515,0.102231850084342,0.0180000000000001));
#10486=CARTESIAN_POINT('',(0.0600979545479248,0.102652283282926,0.021));
#10487=CARTESIAN_POINT('',(0.0600979545479248,0.102652283282926,0.0180000000000001));
#10488=CARTESIAN_POINT('',(0.0611638550777681,0.103236537050452,0.021));
#10489=CARTESIAN_POINT('',(0.0611638550777681,0.103236537050452,0.0180000000000001));
#10490=CARTESIAN_POINT('',(0.0631302660483677,0.104186592783254,0.021));
#10491=CARTESIAN_POINT('',(0.0631302660483677,0.104186592783254,0.018));
#10492=CARTESIAN_POINT('',(0.0678040664451086,0.106227247138626,0.021));
#10493=CARTESIAN_POINT('',(0.0678040664451086,0.106227247138626,0.018));
#10494=CARTESIAN_POINT('',(0.0767139849944699,0.109751978355105,0.021));
#10495=CARTESIAN_POINT('',(0.0767139849944699,0.109751978355105,0.0180000000000001));
#10496=CARTESIAN_POINT('',(0.0852016779264121,0.112849857903969,0.021));
#10497=CARTESIAN_POINT('',(0.0852016779264121,0.112849857903969,0.0180000000000001));
#10498=CARTESIAN_POINT('',(0.0896965964308632,0.114327425647442,0.021));
#10499=CARTESIAN_POINT('',(0.0896965964308632,0.114327425647442,0.0180000000000001));
#10500=CARTESIAN_POINT('',(0.0914089603548639,0.114748783505092,0.021));
#10501=CARTESIAN_POINT('',(0.0914089603548639,0.114748783505092,0.0180000000000001));
#10502=CARTESIAN_POINT('',(0.0910312034478925,0.11437366865128,0.021));
#10503=CARTESIAN_POINT('',(0.0910312034478925,0.11437366865128,0.0180000000000001));
#10504=CARTESIAN_POINT('',(0.0902396432420594,0.113867429247791,0.021));
#10505=CARTESIAN_POINT('',(0.0902396432420594,0.113867429247791,0.018));
#10506=CARTESIAN_POINT('',(0.0893325720119291,0.11330586787061,0.021));
#10507=CARTESIAN_POINT('',(0.0893325720119291,0.11330586787061,0.0180000000000001));
#10508=CARTESIAN_POINT('',(0.0880540061609891,0.112514701130978,0.021));
#10509=CARTESIAN_POINT('',(0.0880540061609891,0.112514701130978,0.018));
#10510=CARTESIAN_POINT('',(0.0863917626437855,0.111413309201593,0.021));
#10511=CARTESIAN_POINT('',(0.0863917626437855,0.111413309201593,0.018));
#10512=CARTESIAN_POINT('',(0.0847144898342219,0.110157801778283,0.021));
#10513=CARTESIAN_POINT('',(0.0847144898342219,0.110157801778283,0.0180000000000001));
#10514=CARTESIAN_POINT('',(0.0826268291636064,0.108268252888173,0.021));
#10515=CARTESIAN_POINT('',(0.0826268291636064,0.108268252888173,0.018));
#10516=CARTESIAN_POINT('',(0.0804142682548867,0.105528484166075,0.021));
#10517=CARTESIAN_POINT('',(0.0804142682548867,0.105528484166075,0.018));
#10518=CARTESIAN_POINT('',(0.0782590532296155,0.101846981325841,0.021));
#10519=CARTESIAN_POINT('',(0.0782590532296155,0.101846981325841,0.0180000000000001));
#10520=CARTESIAN_POINT('',(0.0765227573996422,0.0979413513039795,0.021));
#10521=CARTESIAN_POINT('',(0.0765227573996422,0.0979413513039795,0.018));
#10522=CARTESIAN_POINT('',(0.0752436484916704,0.0937131793915143,0.021));
#10523=CARTESIAN_POINT('',(0.0752436484916704,0.0937131793915143,0.0180000000000001));
#10524=CARTESIAN_POINT('',(0.074431803246883,0.0890501049478746,0.021));
#10525=CARTESIAN_POINT('',(0.074431803246883,0.0890501049478746,0.018));
#10526=CARTESIAN_POINT('',(0.0744044010505927,0.0850708325147023,0.021));
#10527=CARTESIAN_POINT('',(0.0744044010505927,0.0850708325147023,0.0180000000000001));
#10528=CARTESIAN_POINT('',(0.0749464933274522,0.0820173892258409,0.021));
#10529=CARTESIAN_POINT('',(0.0749464933274522,0.0820173892258409,0.0180000000000001));
#10530=CARTESIAN_POINT('',(0.0756724997177578,0.0798379123174947,0.021));
#10531=CARTESIAN_POINT('',(0.0756724997177578,0.0798379123174947,0.018));
#10532=CARTESIAN_POINT('',(0.0765789481720847,0.0778703361341377,0.021));
#10533=CARTESIAN_POINT('',(0.0765789481720847,0.0778703361341377,0.0180000000000001));
#10534=CARTESIAN_POINT('',(0.0775304343957763,0.0762144112774399,0.021));
#10535=CARTESIAN_POINT('',(0.0775304343957763,0.0762144112774399,0.0180000000000001));
#10536=CARTESIAN_POINT('',(0.0783956646943803,0.0749689684599843,0.021));
#10537=CARTESIAN_POINT('',(0.0783956646943803,0.0749689684599843,0.018));
#10538=CARTESIAN_POINT('',(0.0789185935052693,0.074359924363102,0.021));
#10539=CARTESIAN_POINT('',(0.0789185935052693,0.074359924363102,0.0180000000000001));
#10540=CARTESIAN_POINT('',(0.0788902733268693,0.0742878125759693,0.021));
#10541=CARTESIAN_POINT('',(0.0788902733268693,0.0742878125759693,0.0180000000000001));
#10542=CARTESIAN_POINT('',(0.0785015553116661,0.074509532808715,0.021));
#10543=CARTESIAN_POINT('',(0.0785015553116661,0.074509532808715,0.0180000000000001));
#10544=CARTESIAN_POINT('',(0.077470180965157,0.0751629963425927,0.021));
#10545=CARTESIAN_POINT('',(0.077470180965157,0.0751629963425927,0.0180000000000001));
#10546=CARTESIAN_POINT('',(0.0756656528237295,0.076099453479845,0.021));
#10547=CARTESIAN_POINT('',(0.0756656528237295,0.076099453479845,0.018));
#10548=CARTESIAN_POINT('',(0.0736437503300063,0.0766567032393714,0.021));
#10549=CARTESIAN_POINT('',(0.0736437503300063,0.0766567032393714,0.0180000000000001));
#10550=CARTESIAN_POINT('',(0.0715625802112103,0.0767251482859201,0.021));
#10551=CARTESIAN_POINT('',(0.0715625802112103,0.0767251482859201,0.018));
#10552=CARTESIAN_POINT('',(0.0687957949597327,0.0762818863510234,0.021));
#10553=CARTESIAN_POINT('',(0.0687957949597327,0.0762818863510234,0.0180000000000001));
#10554=CARTESIAN_POINT('',(0.0656071426962026,0.0748259047872444,0.021));
#10555=CARTESIAN_POINT('',(0.0656071426962026,0.0748259047872444,0.0180000000000001));
#10556=CARTESIAN_POINT('',(0.0632091869470894,0.0725191101708517,0.021));
#10557=CARTESIAN_POINT('',(0.0632091869470894,0.0725191101708517,0.018));
#10558=CARTESIAN_POINT('',(0.0617550720162505,0.0703911554330135,0.021));
#10559=CARTESIAN_POINT('',(0.0617550720162505,0.0703911554330135,0.0180000000000001));
#10560=CARTESIAN_POINT('',(0.0609125845359494,0.068709162175076,0.021));
#10561=CARTESIAN_POINT('',(0.0609125845359494,0.068709162175076,0.0180000000000001));
#10562=CARTESIAN_POINT('',(0.0602938159997342,0.0670044895315356,0.021));
#10563=CARTESIAN_POINT('',(0.0602938159997342,0.0670044895315356,0.0180000000000001));
#10564=CARTESIAN_POINT('',(0.059854490786467,0.0653484917115007,0.021));
#10565=CARTESIAN_POINT('',(0.059854490786467,0.0653484917115007,0.0180000000000001));
#10566=CARTESIAN_POINT('',(0.0595553761915813,0.0638013925139566,0.021));
#10567=CARTESIAN_POINT('',(0.0595553761915813,0.0638013925139566,0.018));
#10568=CARTESIAN_POINT('',(0.0593541267766844,0.0624613026378306,0.021));
#10569=CARTESIAN_POINT('',(0.0593541267766844,0.0624613026378306,0.0180000000000001));
#10570=CARTESIAN_POINT('',(0.0592264949027628,0.0620753170205551,0.021));
#10571=CARTESIAN_POINT('',(0.0592264949027628,0.0620753170205551,0.018));
#10572=CARTESIAN_POINT('',(0.0591088193028865,0.0630665341711006,0.021));
#10573=CARTESIAN_POINT('',(0.0591088193028865,0.0630665341711006,0.0180000000000001));
#10574=CARTESIAN_POINT('',(0.058796504653411,0.0647447131731474,0.021));
#10575=CARTESIAN_POINT('',(0.058796504653411,0.0647447131731474,0.018));
#10576=CARTESIAN_POINT('',(0.0580715989161578,0.0664907524863623,0.021));
#10577=CARTESIAN_POINT('',(0.0580715989161578,0.0664907524863623,0.0180000000000001));
#10578=CARTESIAN_POINT('',(0.0569203072479326,0.0680956968347899,0.021));
#10579=CARTESIAN_POINT('',(0.0569203072479326,0.0680956968347899,0.0180000000000001));
#10580=CARTESIAN_POINT('',(0.0554055418821994,0.0695258756937769,0.021));
#10581=CARTESIAN_POINT('',(0.0554055418821994,0.0695258756937769,0.0180000000000001));
#10582=CARTESIAN_POINT('',(0.0535773290503789,0.0707044475978095,0.021));
#10583=CARTESIAN_POINT('',(0.0535773290503789,0.0707044475978095,0.0180000000000001));
#10584=CARTESIAN_POINT('',(0.0514661997191633,0.0715641240154014,0.021));
#10585=CARTESIAN_POINT('',(0.0514661997191633,0.0715641240154014,0.0180000000000001));
#10586=CARTESIAN_POINT('',(0.0492442018834846,0.0720465080111906,0.021));
#10587=CARTESIAN_POINT('',(0.0492442018834846,0.0720465080111906,0.0180000000000001));
#10588=CARTESIAN_POINT('',(0.0471628095071033,0.072096684988529,0.021));
#10589=CARTESIAN_POINT('',(0.0471628095071033,0.072096684988529,0.0180000000000001));
#10590=CARTESIAN_POINT('',(0.0454365380524727,0.0716697032517336,0.021));
#10591=CARTESIAN_POINT('',(0.0454365380524727,0.0716697032517336,0.0180000000000001));
#10592=CARTESIAN_POINT('',(0.0443562231686629,0.0706778914506319,0.021));
#10593=CARTESIAN_POINT('',(0.0443562231686629,0.0706778914506319,0.0180000000000001));
#10594=CARTESIAN_POINT('',(0.0437696955949216,0.0692985506911663,0.021));
#10595=CARTESIAN_POINT('',(0.0437696955949216,0.0692985506911663,0.018));
#10596=CARTESIAN_POINT('',(0.0433574661419183,0.0678015941655766,0.021));
#10597=CARTESIAN_POINT('',(0.0433574661419183,0.0678015941655766,0.0180000000000001));
#10598=CARTESIAN_POINT('',(0.0427854858442103,0.0664927643513941,0.021));
#10599=CARTESIAN_POINT('',(0.0427854858442103,0.0664927643513941,0.018));
#10600=CARTESIAN_POINT('',(0.0420914645195115,0.0652812644944804,0.021));
#10601=CARTESIAN_POINT('',(0.0420914645195115,0.0652812644944804,0.0180000000000001));
#10602=CARTESIAN_POINT('',(0.0414545361401909,0.0639322524133509,0.021));
#10603=CARTESIAN_POINT('',(0.0414545361401909,0.0639322524133509,0.0180000000000001));
#10604=CARTESIAN_POINT('',(0.0410430610801913,0.0622107181096027,0.021));
#10605=CARTESIAN_POINT('',(0.0410430610801913,0.0622107181096027,0.0180000000000001));
#10606=CARTESIAN_POINT('',(0.0408662649345014,0.0601208315238729,0.021));
#10607=CARTESIAN_POINT('',(0.0408662649345014,0.0601208315238729,0.0180000000000001));
#10608=CARTESIAN_POINT('',(0.040866860700749,0.0569786466376622,0.021));
#10609=CARTESIAN_POINT('',(0.040866860700749,0.0569786466376622,0.018));
#10610=CARTESIAN_POINT('',(0.0413460513118483,0.0508137121552714,0.021));
#10611=CARTESIAN_POINT('',(0.0413460513118483,0.0508137121552714,0.0180000000000001));
#10612=CARTESIAN_POINT('',(0.0420313298738088,0.0454047250340751,0.021));
#10613=CARTESIAN_POINT('',(0.0420313298738088,0.0454047250340751,0.0180000000000001));
#10614=CARTESIAN_POINT('',(0.0413,0.04467435,0.021));
#10615=CARTESIAN_POINT('',(0.0413,0.04467435,0.0180000000000001));
#10616=CARTESIAN_POINT('',(-0.000699999995928349,0.119681544791873,0.021));
#10617=CARTESIAN_POINT('',(-0.000699999995928349,0.119681544791873,0.018));
#10618=CARTESIAN_POINT('',(-0.000681518560862953,0.119847332418252,0.021));
#10619=CARTESIAN_POINT('',(-0.000681518560862953,0.119847332418252,0.018));
#10620=CARTESIAN_POINT('',(-0.000675897908489301,0.119999004366433,0.021));
#10621=CARTESIAN_POINT('',(-0.000675897908489301,0.119999004366433,0.018));
#10622=CARTESIAN_POINT('',(-0.000700000000151526,0.120136726714741,0.021));
#10623=CARTESIAN_POINT('',(-0.000700000000151526,0.120136726714741,0.018));
#10624=CARTESIAN_POINT('',(0.0340453978955746,0.0550350695848465,0.01905));
#10625=CARTESIAN_POINT('',(0.0340453978955746,0.0550350695848465,0.0179));
#10626=CARTESIAN_POINT('',(0.0340446654498898,0.0545956049446072,0.01905));
#10627=CARTESIAN_POINT('',(0.0340446654498898,0.0545956049446072,0.0179));
#10628=CARTESIAN_POINT('',(0.0340461836052382,0.0540257860722829,0.01905));
#10629=CARTESIAN_POINT('',(0.0340461836052382,0.0540257860722829,0.0179));
#10630=CARTESIAN_POINT('',(0.0340461719891087,0.0524626807277141,0.01905));
#10631=CARTESIAN_POINT('',(0.0340461719891087,0.0524626807277141,0.0179));
#10632=CARTESIAN_POINT('',(0.0340396324331284,0.0515096102738443,0.01905));
#10633=CARTESIAN_POINT('',(0.0340396324331284,0.0515096102738443,0.0179));
#10634=CARTESIAN_POINT('',(0.0341122457339675,0.0503206566836068,0.01905));
#10635=CARTESIAN_POINT('',(0.0341122457339675,0.0503206566836068,0.0179));
#10636=CARTESIAN_POINT('',(0.0334579923701035,0.0491437181417905,0.01905));
#10637=CARTESIAN_POINT('',(0.0334579923701035,0.0491437181417905,0.0179));
#10638=CARTESIAN_POINT('',(0.0318052025781959,0.0476461780641643,0.01905));
#10639=CARTESIAN_POINT('',(0.0318052025781959,0.0476461780641643,0.0179));
#10640=CARTESIAN_POINT('',(0.0289604883864929,0.0466762820395103,0.01905));
#10641=CARTESIAN_POINT('',(0.0289604883864929,0.0466762820395103,0.0179));
#10642=CARTESIAN_POINT('',(0.0257049535443849,0.0458325072533151,0.01905));
#10643=CARTESIAN_POINT('',(0.0257049535443849,0.0458325072533151,0.0179));
#10644=CARTESIAN_POINT('',(0.0227045301198802,0.0453684939070128,0.01905));
#10645=CARTESIAN_POINT('',(0.0227045301198802,0.0453684939070128,0.0179));
#10646=CARTESIAN_POINT('',(0.0187480804062783,0.0451796037551825,0.01905));
#10647=CARTESIAN_POINT('',(0.0187480804062783,0.0451796037551825,0.0179));
#10648=CARTESIAN_POINT('',(0.0151913733740511,0.0451801670995262,0.01905));
#10649=CARTESIAN_POINT('',(0.0151913733740511,0.0451801670995262,0.0179));
#10650=CARTESIAN_POINT('',(0.0126193189789195,0.0452130985069456,0.01905));
#10651=CARTESIAN_POINT('',(0.0126193189789195,0.0452130985069456,0.0179));
#10652=CARTESIAN_POINT('',(0.0109145357712937,0.0452407638841509,0.01905));
#10653=CARTESIAN_POINT('',(0.0109145357712937,0.0452407638841509,0.0179));
#10654=CARTESIAN_POINT('',(0.00957443118860246,0.0452546714128117,0.01905));
#10655=CARTESIAN_POINT('',(0.00957443118860246,0.0452546714128117,0.0179));
#10656=CARTESIAN_POINT('',(0.00814121575657773,0.0452498928072791,0.01905));
#10657=CARTESIAN_POINT('',(0.00814121575657773,0.0452498928072791,0.0179));
#10658=CARTESIAN_POINT('',(0.00624523102300506,0.0452184730966435,0.01905));
#10659=CARTESIAN_POINT('',(0.00624523102300506,0.0452184730966435,0.0179));
#10660=CARTESIAN_POINT('',(0.00317409290020195,0.045194862102497,0.01905));
#10661=CARTESIAN_POINT('',(0.00317409290020195,0.045194862102497,0.0179));
#10662=CARTESIAN_POINT('',(0.000883318189217522,0.0451909178797197,0.01905));
#10663=CARTESIAN_POINT('',(0.000883318189217522,0.0451909178797197,0.0179));
#10664=CARTESIAN_POINT('',(0.0340453978955746,0.0550350695848465,0.01905));
#10665=CARTESIAN_POINT('',(0.0340447375828414,0.0546388844426867,0.01905));
#10666=CARTESIAN_POINT('',(0.0340437918858542,0.0540761157697518,0.01905));
#10667=CARTESIAN_POINT('',(0.0340530323176388,0.0525757052131858,0.01905));
#10668=CARTESIAN_POINT('',(0.0340221037002241,0.0516340701476338,0.01905));
#10669=CARTESIAN_POINT('',(0.0341405634736337,0.0505435291147347,0.01905));
#10670=CARTESIAN_POINT('',(0.033591331440483,0.0492574856560893,0.01905));
#10671=CARTESIAN_POINT('',(0.0319221987232342,0.0477063937869682,0.01905));
#10672=CARTESIAN_POINT('',(0.0281258354583034,0.0463978088833031,0.01905));
#10673=CARTESIAN_POINT('',(0.0221389476915541,0.0449608690785114,0.01905));
#10674=CARTESIAN_POINT('',(0.00840961956275436,0.0453510113280042,0.01905));
#10675=CARTESIAN_POINT('',(0.00721366884994261,0.0452018164996382,0.01905));
#10676=CARTESIAN_POINT('',(0.000883197538452113,0.0451909176719933,0.01905));
#10677=CARTESIAN_POINT('',(0.0327075147965193,0.0765591548963325,0.018));
#10678=CARTESIAN_POINT('',(0.0327075147965193,0.0765591548963325,0.0179));
#10679=CARTESIAN_POINT('',(0.031730500141628,0.0757647583144429,0.018));
#10680=CARTESIAN_POINT('',(0.031730500141628,0.0757647583144429,0.0179));
#10681=CARTESIAN_POINT('',(0.0302787139547961,0.0745847580606194,0.018));
#10682=CARTESIAN_POINT('',(0.0302787139547961,0.0745847580606194,0.0179));
#10683=CARTESIAN_POINT('',(0.0285258821574075,0.0731857013987011,0.018));
#10684=CARTESIAN_POINT('',(0.0285258821574075,0.0731857013987011,0.0179));
#10685=CARTESIAN_POINT('',(0.027175247339038,0.0721283796549455,0.018));
#10686=CARTESIAN_POINT('',(0.027175247339038,0.0721283796549455,0.0179));
#10687=CARTESIAN_POINT('',(0.025704214891159,0.0709804604671939,0.018));
#10688=CARTESIAN_POINT('',(0.025704214891159,0.0709804604671939,0.0179));
#10689=CARTESIAN_POINT('',(0.0241153183170768,0.0700085331654079,0.018));
#10690=CARTESIAN_POINT('',(0.0241153183170768,0.0700085331654079,0.0179));
#10691=CARTESIAN_POINT('',(0.0222574466805614,0.069396429552921,0.018));
#10692=CARTESIAN_POINT('',(0.0222574466805614,0.069396429552921,0.0179));
#10693=CARTESIAN_POINT('',(0.0198427222074648,0.0691177734207952,0.018));
#10694=CARTESIAN_POINT('',(0.0198427222074648,0.0691177734207952,0.0179));
#10695=CARTESIAN_POINT('',(0.0171414739960244,0.0690546470944987,0.018));
#10696=CARTESIAN_POINT('',(0.0171414739960244,0.0690546470944987,0.0179));
#10697=CARTESIAN_POINT('',(0.0143143049759241,0.069035414083724,0.018));
#10698=CARTESIAN_POINT('',(0.0143143049759241,0.069035414083724,0.0179));
#10699=CARTESIAN_POINT('',(0.0115754669150976,0.0689764551089448,0.018));
#10700=CARTESIAN_POINT('',(0.0115754669150976,0.0689764551089448,0.0179));
#10701=CARTESIAN_POINT('',(0.00805185505288816,0.0688991316868539,0.018));
#10702=CARTESIAN_POINT('',(0.00805185505288816,0.0688991316868539,0.0179));
#10703=CARTESIAN_POINT('',(0.00408337256978757,0.0688864699253636,0.018));
#10704=CARTESIAN_POINT('',(0.00408337256978757,0.0688864699253636,0.0179));
#10705=CARTESIAN_POINT('',(0.00100997592836264,0.0689037288377817,0.018));
#10706=CARTESIAN_POINT('',(0.00100997592836264,0.0689037288377817,0.0179));
#10707=CARTESIAN_POINT('',(-0.000606380955809208,0.0688957137738643,0.018));
#10708=CARTESIAN_POINT('',(-0.000606380955809208,0.0688957137738643,0.0179));
#10709=CARTESIAN_POINT('',(0.0327075147965193,0.0765591548963325,0.0212));
#10710=CARTESIAN_POINT('',(0.0327075147965193,0.0765591548963325,0.021));
#10711=CARTESIAN_POINT('',(0.0317257925972881,0.0757609306777601,0.0212));
#10712=CARTESIAN_POINT('',(0.0317257925972881,0.0757609306777601,0.021));
#10713=CARTESIAN_POINT('',(0.030267198594793,0.0745753419090818,0.0212));
#10714=CARTESIAN_POINT('',(0.030267198594793,0.0745753419090818,0.021));
#10715=CARTESIAN_POINT('',(0.0285072479557127,0.0731710324654809,0.0212));
#10716=CARTESIAN_POINT('',(0.0285072479557127,0.0731710324654809,0.021));
#10717=CARTESIAN_POINT('',(0.0271478518032928,0.0721066295142773,0.0212));
#10718=CARTESIAN_POINT('',(0.0271478518032928,0.0721066295142773,0.021));
#10719=CARTESIAN_POINT('',(0.0256678620711994,0.0709538970790036,0.0212));
#10720=CARTESIAN_POINT('',(0.0256678620711994,0.0709538970790036,0.021));
#10721=CARTESIAN_POINT('',(0.024067558600686,0.0699843654351488,0.0212));
#10722=CARTESIAN_POINT('',(0.024067558600686,0.0699843654351488,0.021));
#10723=CARTESIAN_POINT('',(0.0221850511724287,0.0693818466535961,0.0212));
#10724=CARTESIAN_POINT('',(0.0221850511724287,0.0693818466535961,0.021));
#10725=CARTESIAN_POINT('',(0.0197431404728588,0.0691117441399417,0.0212));
#10726=CARTESIAN_POINT('',(0.0197431404728588,0.0691117441399417,0.021));
#10727=CARTESIAN_POINT('',(0.0170200160769467,0.0690544243464831,0.0212));
#10728=CARTESIAN_POINT('',(0.0170200160769467,0.0690544243464831,0.021));
#10729=CARTESIAN_POINT('',(0.0141796101898616,0.069033017373951,0.0212));
#10730=CARTESIAN_POINT('',(0.0141796101898616,0.069033017373951,0.021));
#10731=CARTESIAN_POINT('',(0.0114326047995239,0.0689732850946831,0.0212));
#10732=CARTESIAN_POINT('',(0.0114326047995239,0.0689732850946831,0.021));
#10733=CARTESIAN_POINT('',(0.00790170648046611,0.0688964077420314,0.0212));
#10734=CARTESIAN_POINT('',(0.00790170648046611,0.0688964077420314,0.021));
#10735=CARTESIAN_POINT('',(0.00393036405006429,0.0688885893327076,0.0212));
#10736=CARTESIAN_POINT('',(0.00393036405006429,0.0688885893327076,0.021));
#10737=CARTESIAN_POINT('',(0.000836274427548314,0.0689031712489604,0.0212));
#10738=CARTESIAN_POINT('',(0.000836274427548314,0.0689031712489604,0.021));
#10739=CARTESIAN_POINT('',(-0.000793623744257625,0.0688947659354654,0.0212));
#10740=CARTESIAN_POINT('',(-0.000793623744257625,0.0688947659354654,0.021));
#10741=CARTESIAN_POINT('',(0.0327075147965193,0.0765591548963325,0.0212));
#10742=CARTESIAN_POINT('',(0.0322166228920824,0.0761600177400886,0.0212));
#10743=CARTESIAN_POINT('',(0.0312347216804311,0.0753616801069887,0.0212));
#10744=CARTESIAN_POINT('',(0.0300482685206869,0.0744028376873442,0.0212));
#10745=CARTESIAN_POINT('',(0.0291400406175473,0.0736761220423701,0.0212));
#10746=CARTESIAN_POINT('',(0.0284678877030939,0.0731425282976888,0.0212));
#10747=CARTESIAN_POINT('',(0.0277869027586444,0.0726062233840447,0.0212));
#10748=CARTESIAN_POINT('',(0.027197346384948,0.0721458572957434,0.0212));
#10749=CARTESIAN_POINT('',(0.0267052068250399,0.0717630577104312,0.0212));
#10750=CARTESIAN_POINT('',(0.0262101852377382,0.0713839903289101,0.0212));
#10751=CARTESIAN_POINT('',(0.0255754856794653,0.0709227353682991,0.0212));
#10752=CARTESIAN_POINT('',(0.0247747003461896,0.0704162095146298,0.0212));
#10753=CARTESIAN_POINT('',(0.0240629743724814,0.0700529354480967,0.0212));
#10754=CARTESIAN_POINT('',(0.0234572144900499,0.069807801769986,0.0212));
#10755=CARTESIAN_POINT('',(0.022826857742705,0.0695979860017479,0.0212));
#10756=CARTESIAN_POINT('',(0.021943928926592,0.0693913372249036,0.0212));
#10757=CARTESIAN_POINT('',(0.0207589236825562,0.0692243368945853,0.0212));
#10758=CARTESIAN_POINT('',(0.0194760074699679,0.0691249284445051,0.0212));
#10759=CARTESIAN_POINT('',(0.0181210298593359,0.0690752839973708,0.0212));
#10760=CARTESIAN_POINT('',(0.0167195014618522,0.0690557657140899,0.0212));
#10761=CARTESIAN_POINT('',(0.0152893756926158,0.0690439893353008,0.0212));
#10762=CARTESIAN_POINT('',(0.0138708239736543,0.0690220212958603,0.0212));
#10763=CARTESIAN_POINT('',(0.0124730431825175,0.0689952450144535,0.0212));
#10764=CARTESIAN_POINT('',(0.0106421315829476,0.0689565612420795,0.0212));
#10765=CARTESIAN_POINT('',(0.00887002969395375,0.0689199174665771,0.0212));
#10766=CARTESIAN_POINT('',(0.00717935475810027,0.0688979045066811,0.0212));
#10767=CARTESIAN_POINT('',(0.00554193605634489,0.068889072821103,0.0212));
#10768=CARTESIAN_POINT('',(0.0035589549530681,0.068894423931745,0.0212));
#10769=CARTESIAN_POINT('',(0.00134080830481985,0.0689043889568614,0.0212));
#10770=CARTESIAN_POINT('',(-0.000124698184302655,0.0688982155552843,0.0212));
#10771=CARTESIAN_POINT('',(-0.000793623744257625,0.0688947659354654,0.0212));
#10772=CARTESIAN_POINT('',(-0.0276425496995098,0.0446726545966963,0.018));
#10773=CARTESIAN_POINT('',(-0.0276425496995098,0.0446726545966963,0.0179));
#10774=CARTESIAN_POINT('',(-0.0263596347982121,0.0444072757621276,0.018));
#10775=CARTESIAN_POINT('',(-0.0263596347982121,0.0444072757621276,0.0179));
#10776=CARTESIAN_POINT('',(-0.0233991535491425,0.0439892916709842,0.018));
#10777=CARTESIAN_POINT('',(-0.0233991535491425,0.0439892916709842,0.0179));
#10778=CARTESIAN_POINT('',(-0.0194056529335506,0.0439325841547151,0.018));
#10779=CARTESIAN_POINT('',(-0.0194056529335506,0.0439325841547151,0.0179));
#10780=CARTESIAN_POINT('',(-0.017509766932562,0.0439346123566343,0.018));
#10781=CARTESIAN_POINT('',(-0.017509766932562,0.0439346123566343,0.0179));
#10782=CARTESIAN_POINT('',(-0.0276425497107249,0.0446726545966913,0.02105));
#10783=CARTESIAN_POINT('',(-0.0289844169147224,2.80938719852388,0.01798));
#10784=CARTESIAN_POINT('',(-0.0345973467828161,0.0524577381641052,0.0204));
#10785=CARTESIAN_POINT('',(-0.039553973984112,0.0423135289729296,0.018));
#10786=CARTESIAN_POINT('',(-0.0409,0.04177435,0.021));
#10787=CARTESIAN_POINT('',(0.0393,0.04177435,0.021));
#10788=CARTESIAN_POINT('',(-0.042,-0.05558065,0.021));
#10789=CARTESIAN_POINT('',(-0.0429,-0.05558065,0.018));
#10790=CARTESIAN_POINT('',(-0.0429,-0.00590315,0.021));
#10791=CARTESIAN_POINT('',(-0.0429,0.04467435,0.021));
#10792=CARTESIAN_POINT('',(-0.0409,0.04467435,0.021));
#10793=CARTESIAN_POINT('',(-0.0409,-1.56142466891289E-19,0.021));
#10794=CARTESIAN_POINT('',(0.0393,-0.05408065,0.021));
#10795=CARTESIAN_POINT('',(0.0393,8.87868929381831E-20,0.021));
#10796=CARTESIAN_POINT('',(-0.0409,-0.05408065,0.021));
#10797=CARTESIAN_POINT('',(-0.01285,0.03260935,0.021));
#10798=CARTESIAN_POINT('',(-0.01285,0.02610935,0.021));
#10799=CARTESIAN_POINT('',(-0.01285,0.03910935,0.021));
#10800=CARTESIAN_POINT('',(-0.01335,0.02610935,0.021));
#10801=CARTESIAN_POINT('',(-0.01335,0.03910935,0.021));
#10802=CARTESIAN_POINT('',(0.0062,0.03260935,0.021));
#10803=CARTESIAN_POINT('',(0.0062,0.02610935,0.021));
#10804=CARTESIAN_POINT('',(0.0062,0.03910935,0.021));
#10805=CARTESIAN_POINT('',(0.0057,0.02610935,0.021));
#10806=CARTESIAN_POINT('',(0.0057,0.03910935,0.021));
#10807=CARTESIAN_POINT('',(0.02525,0.03260935,0.021));
#10808=CARTESIAN_POINT('',(0.02525,0.02610935,0.021));
#10809=CARTESIAN_POINT('',(0.02525,0.03910935,0.021));
#10810=CARTESIAN_POINT('',(0.02475,0.02610935,0.021));
#10811=CARTESIAN_POINT('',(0.02475,0.03910935,0.021));
#10812=CARTESIAN_POINT('',(-0.01285,0.01355935,0.021));
#10813=CARTESIAN_POINT('',(-0.01285,0.00705935,0.021));
#10814=CARTESIAN_POINT('',(-0.01285,0.02005935,0.021));
#10815=CARTESIAN_POINT('',(-0.01335,0.00705935,0.021));
#10816=CARTESIAN_POINT('',(-0.01335,0.02005935,0.021));
#10817=CARTESIAN_POINT('',(0.0062,0.01355935,0.021));
#10818=CARTESIAN_POINT('',(0.0062,0.00705935,0.021));
#10819=CARTESIAN_POINT('',(0.0062,0.02005935,0.021));
#10820=CARTESIAN_POINT('',(0.0057,0.00705935,0.021));
#10821=CARTESIAN_POINT('',(0.0057,0.02005935,0.021));
#10822=CARTESIAN_POINT('',(0.02525,0.01355935,0.021));
#10823=CARTESIAN_POINT('',(0.02525,0.00705935,0.021));
#10824=CARTESIAN_POINT('',(0.02525,0.02005935,0.021));
#10825=CARTESIAN_POINT('',(0.02475,0.00705935,0.021));
#10826=CARTESIAN_POINT('',(0.02475,0.02005935,0.021));
#10827=CARTESIAN_POINT('',(-0.01285,-0.00549065,0.021));
#10828=CARTESIAN_POINT('',(-0.01285,-0.01199065,0.021));
#10829=CARTESIAN_POINT('',(-0.01285,0.00100935,0.021));
#10830=CARTESIAN_POINT('',(-0.01335,-0.01199065,0.021));
#10831=CARTESIAN_POINT('',(-0.01335,0.00100935,0.021));
#10832=CARTESIAN_POINT('',(0.0062,-0.00549065,0.021));
#10833=CARTESIAN_POINT('',(0.0062,-0.01199065,0.021));
#10834=CARTESIAN_POINT('',(0.0062,0.00100935,0.021));
#10835=CARTESIAN_POINT('',(0.0057,-0.01199065,0.021));
#10836=CARTESIAN_POINT('',(0.0057,0.00100935,0.021));
#10837=CARTESIAN_POINT('',(0.02525,-0.00549065,0.021));
#10838=CARTESIAN_POINT('',(0.02525,-0.01199065,0.021));
#10839=CARTESIAN_POINT('',(0.02525,0.00100935,0.021));
#10840=CARTESIAN_POINT('',(0.02475,-0.01199065,0.021));
#10841=CARTESIAN_POINT('',(0.02475,0.00100935,0.021));
#10842=CARTESIAN_POINT('',(-0.01285,-0.02454065,0.021));
#10843=CARTESIAN_POINT('',(-0.01285,-0.03104065,0.021));
#10844=CARTESIAN_POINT('',(-0.01285,-0.01804065,0.021));
#10845=CARTESIAN_POINT('',(-0.01335,-0.03104065,0.021));
#10846=CARTESIAN_POINT('',(-0.01335,-0.01804065,0.021));
#10847=CARTESIAN_POINT('',(0.0062,-0.02454065,0.021));
#10848=CARTESIAN_POINT('',(0.0062,-0.03104065,0.021));
#10849=CARTESIAN_POINT('',(0.0062,-0.01804065,0.021));
#10850=CARTESIAN_POINT('',(0.0057,-0.03104065,0.021));
#10851=CARTESIAN_POINT('',(0.0057,-0.01804065,0.021));
#10852=CARTESIAN_POINT('',(0.02475,-0.01804065,0.021));
#10853=CARTESIAN_POINT('',(0.02525,-0.01804065,0.021));
#10854=CARTESIAN_POINT('',(0.02475,-0.03104065,0.021));
#10855=CARTESIAN_POINT('',(0.02525,-0.03104065,0.021));
#10856=CARTESIAN_POINT('',(0.02525,-0.02454065,0.021));
#10857=CARTESIAN_POINT('',(0.025512505781829,0.0946394364189971,0.0191));
#10858=CARTESIAN_POINT('',(0.025512505781829,0.0946394364189971,0.019));
#10859=CARTESIAN_POINT('',(0.0255529388550512,0.0876445194387174,0.019));
#10860=CARTESIAN_POINT('',(0.025512505781829,0.0946394364189971,0.0191));
#10861=CARTESIAN_POINT('',(0.0255529388550512,0.0876445194387174,0.0191));
#10862=CARTESIAN_POINT('',(0.0255529388550512,0.0876445194387174,0.0191));
#10863=CARTESIAN_POINT('',(0.00780315807635655,0.0876445194278298,0.0191));
#10864=CARTESIAN_POINT('',(0.00780315807635655,0.0876445194278298,0.019));
#10865=CARTESIAN_POINT('',(0.00820885355520324,0.0885364345261549,0.0191));
#10866=CARTESIAN_POINT('',(0.00820885355520324,0.0885364345261549,0.019));
#10867=CARTESIAN_POINT('',(0.00906959130903429,0.0902050385202994,0.0191));
#10868=CARTESIAN_POINT('',(0.00906959130903429,0.0902050385202994,0.019));
#10869=CARTESIAN_POINT('',(0.0106182236617113,0.0927244037027989,0.0191));
#10870=CARTESIAN_POINT('',(0.0106182236617113,0.0927244037027989,0.019));
#10871=CARTESIAN_POINT('',(0.0124859361938967,0.0952439868230701,0.0191));
#10872=CARTESIAN_POINT('',(0.0124859361938967,0.0952439868230701,0.019));
#10873=CARTESIAN_POINT('',(0.0147057564374541,0.097514573630721,0.0191));
#10874=CARTESIAN_POINT('',(0.0147057564374541,0.097514573630721,0.019));
#10875=CARTESIAN_POINT('',(0.0173142482884444,0.0993396848897479,0.0191));
#10876=CARTESIAN_POINT('',(0.0173142482884444,0.0993396848897479,0.019));
#10877=CARTESIAN_POINT('',(0.0200326606866494,0.100676989579663,0.0191));
#10878=CARTESIAN_POINT('',(0.0200326606866494,0.100676989579663,0.019));
#10879=CARTESIAN_POINT('',(0.0225373949267498,0.101477284243564,0.0191));
#10880=CARTESIAN_POINT('',(0.0225373949267498,0.101477284243564,0.019));
#10881=CARTESIAN_POINT('',(0.0239918014185364,0.101653181507276,0.0191));
#10882=CARTESIAN_POINT('',(0.0239918014185364,0.101653181507276,0.019));
#10883=CARTESIAN_POINT('',(0.0246852856583253,0.101660963090257,0.0191));
#10884=CARTESIAN_POINT('',(0.0246852856583253,0.101660963090257,0.019));
#10885=CARTESIAN_POINT('',(0.00780315807635655,0.0876445194278298,0.0191));
#10886=CARTESIAN_POINT('',(0.00837338233354883,0.0888981484450099,0.0191));
#10887=CARTESIAN_POINT('',(0.0101376612015908,0.0921633572740008,0.0191));
#10888=CARTESIAN_POINT('',(0.0142728053564529,0.0978598300975616,0.0191));
#10889=CARTESIAN_POINT('',(0.0210268830635691,0.101325032450044,0.0191));
#10890=CARTESIAN_POINT('',(0.0242138888914662,0.101735065231805,0.0191));
#10891=CARTESIAN_POINT('',(0.0254720727086067,0.101634353399277,0.0191));
#10892=CARTESIAN_POINT('',(0.00780315807635654,0.0876445194278299,0.0191));
#10893=CARTESIAN_POINT('',(0.00780315807635655,0.0876445194278298,0.019));
#10894=CARTESIAN_POINT('',(0.00837338233354883,0.0888981484450099,0.019));
#10895=CARTESIAN_POINT('',(0.0101376612015908,0.0921633572740008,0.019));
#10896=CARTESIAN_POINT('',(0.0142728053564529,0.0978598300975616,0.019));
#10897=CARTESIAN_POINT('',(0.0210268830635691,0.101325032450044,0.019));
#10898=CARTESIAN_POINT('',(0.0242138888914662,0.101735065231805,0.019));
#10899=CARTESIAN_POINT('',(0.0254720727086067,0.101634353399277,0.019));
#10900=CARTESIAN_POINT('',(0.00780315807635654,0.0876445194278299,0.019));
#10901=CARTESIAN_POINT('',(0.00780315807635654,0.0876445194278299,0.0191));
#10902=CARTESIAN_POINT('',(0.0166780484681801,0.0876445194387174,0.0191));
#10903=CARTESIAN_POINT('',(0.0166780484681801,0.0876445194387174,0.019));
#10904=CARTESIAN_POINT('',(0.0166780484681801,0.0876445194387174,0.0191));
#10905=CARTESIAN_POINT('',(-0.0293406120919786,0.0913582719821865,0.0191));
#10906=CARTESIAN_POINT('',(-0.0293406120919786,0.0913582719821865,0.019));
#10907=CARTESIAN_POINT('',(0.0247009993044267,0.0765892879578464,0.0191));
#10908=CARTESIAN_POINT('',(0.0247009993044267,0.0765892879578464,0.019));
#10909=CARTESIAN_POINT('',(0.0233247703252215,0.0766006632914133,0.0191));
#10910=CARTESIAN_POINT('',(0.0233247703252215,0.0766006632914133,0.019));
#10911=CARTESIAN_POINT('',(0.0206452111008147,0.0770861024434698,0.0191));
#10912=CARTESIAN_POINT('',(0.0206452111008147,0.0770861024434698,0.019));
#10913=CARTESIAN_POINT('',(0.0167015989381096,0.0787066317303302,0.0191));
#10914=CARTESIAN_POINT('',(0.0167015989381096,0.0787066317303302,0.019));
#10915=CARTESIAN_POINT('',(0.0128155596423071,0.0805388686214111,0.0191));
#10916=CARTESIAN_POINT('',(0.0128155596423071,0.0805388686214111,0.019));
#10917=CARTESIAN_POINT('',(0.0103696520659476,0.0810909515935703,0.0191));
#10918=CARTESIAN_POINT('',(0.0103696520659476,0.0810909515935703,0.019));
#10919=CARTESIAN_POINT('',(0.00924713569062862,0.081075481982466,0.0191));
#10920=CARTESIAN_POINT('',(0.00924713569062862,0.081075481982466,0.019));
#10921=CARTESIAN_POINT('',(0.0256166828900576,0.0766168087720871,0.019));
#10922=CARTESIAN_POINT('',(0.0229640582345073,0.076433874835182,0.019));
#10923=CARTESIAN_POINT('',(0.0179569941919168,0.0779028554218179,0.019));
#10924=CARTESIAN_POINT('',(0.0111239249757825,0.0815668852948681,0.019));
#10925=CARTESIAN_POINT('',(0.0064756550780284,0.0808667850924771,0.019));
#10926=CARTESIAN_POINT('',(0.00457926989100115,0.0779180063049179,0.019));
#10927=CARTESIAN_POINT('',(0.00610885247545034,0.0834922310128002,0.019));
#10928=CARTESIAN_POINT('',(0.0072988116991784,0.0865171068084834,0.019));
#10929=CARTESIAN_POINT('',(0.0077130128950291,0.0874445194312232,0.019));
#10930=CARTESIAN_POINT('',(0.0256166828900576,0.0766168087720871,0.0191));
#10931=CARTESIAN_POINT('',(0.0229640582345073,0.076433874835182,0.0191));
#10932=CARTESIAN_POINT('',(0.0179569941919168,0.0779028554218179,0.0191));
#10933=CARTESIAN_POINT('',(0.0111239249757825,0.0815668852948681,0.0191));
#10934=CARTESIAN_POINT('',(0.0064756550780284,0.0808667850924771,0.0191));
#10935=CARTESIAN_POINT('',(0.00457926989100115,0.0779180063049179,0.0191));
#10936=CARTESIAN_POINT('',(0.00610885247545034,0.0834922310128002,0.0191));
#10937=CARTESIAN_POINT('',(0.0072988116991784,0.0865171068084834,0.0191));
#10938=CARTESIAN_POINT('',(0.0077130128950291,0.0874445194312232,0.0191));
#10939=CARTESIAN_POINT('',(0.0255853889076238,0.0820306641054023,0.0191));
#10940=CARTESIAN_POINT('',(0.0255853889076238,0.0820306641054023,0.0191));
#10941=CARTESIAN_POINT('',(0.0255540949251901,0.0874445194387174,0.0191));
#10942=CARTESIAN_POINT('',(0.0255853889076238,0.0820306641054023,0.019));
#10943=CARTESIAN_POINT('',(0.0255540949251901,0.0874445194387174,0.019));
#10944=CARTESIAN_POINT('',(0.0255540949251901,0.0874445194387174,0.0191));
#10945=CARTESIAN_POINT('',(0.0166335539117828,0.0874445194387174,0.0191));
#10946=CARTESIAN_POINT('',(0.0166335539117828,0.0874445194387174,0.019));
#10947=CARTESIAN_POINT('',(0.0077130128950291,0.0874445194312232,0.019));
#10948=CARTESIAN_POINT('',(0.0077130128950291,0.0874445194312232,0.0191));
#10949=CARTESIAN_POINT('',(0.0077130128950291,0.0874445194312232,0.0191));
#10950=CARTESIAN_POINT('',(0.0166335539117828,0.0874445194387174,0.0191));
#10951=CARTESIAN_POINT('',(0.00519157274066875,0.079286865089849,0.0191));
#10952=CARTESIAN_POINT('',(0.00519157274066875,0.079286865089849,0.019));
#10953=CARTESIAN_POINT('',(0.00515073794741681,0.0794647338378702,0.0191));
#10954=CARTESIAN_POINT('',(0.00515073794741681,0.0794647338378702,0.019));
#10955=CARTESIAN_POINT('',(0.00530385468354099,0.0804178182672425,0.0191));
#10956=CARTESIAN_POINT('',(0.00530385468354099,0.0804178182672425,0.019));
#10957=CARTESIAN_POINT('',(0.00598578254056718,0.0828408428646165,0.0191));
#10958=CARTESIAN_POINT('',(0.00598578254056718,0.0828408428646165,0.019));
#10959=CARTESIAN_POINT('',(0.00683610600940308,0.0853592132460068,0.0191));
#10960=CARTESIAN_POINT('',(0.00683610600940308,0.0853592132460068,0.019));
#10961=CARTESIAN_POINT('',(0.00741013423330419,0.086766362301654,0.0191));
#10962=CARTESIAN_POINT('',(0.00741013423330419,0.086766362301654,0.019));
#10963=CARTESIAN_POINT('',(0.0077130128950291,0.0874445194312232,0.0191));
#10964=CARTESIAN_POINT('',(0.0077130128950291,0.0874445194312232,0.019));
#10965=CARTESIAN_POINT('',(0.0256166828900576,0.0766168087720871,0.019));
#10966=CARTESIAN_POINT('',(0.0229640582345073,0.076433874835182,0.019));
#10967=CARTESIAN_POINT('',(0.0179569941919168,0.0779028554218179,0.019));
#10968=CARTESIAN_POINT('',(0.0111239249757825,0.0815668852948681,0.019));
#10969=CARTESIAN_POINT('',(0.0064756550780284,0.0808667850924771,0.019));
#10970=CARTESIAN_POINT('',(0.00457926989100115,0.0779180063049179,0.019));
#10971=CARTESIAN_POINT('',(0.00610885247545034,0.0834922310128002,0.019));
#10972=CARTESIAN_POINT('',(0.0072988116991784,0.0865171068084834,0.019));
#10973=CARTESIAN_POINT('',(0.0077130128950291,0.0874445194312232,0.019));
#10974=CARTESIAN_POINT('',(0.0256166828900576,0.0766168087720871,0.0191));
#10975=CARTESIAN_POINT('',(0.0229640582345073,0.076433874835182,0.0191));
#10976=CARTESIAN_POINT('',(0.0179569941919168,0.0779028554218179,0.0191));
#10977=CARTESIAN_POINT('',(0.0111239249757825,0.0815668852948681,0.0191));
#10978=CARTESIAN_POINT('',(0.0064756550780284,0.0808667850924771,0.0191));
#10979=CARTESIAN_POINT('',(0.00457926989100115,0.0779180063049179,0.0191));
#10980=CARTESIAN_POINT('',(0.00610885247545034,0.0834922310128002,0.0191));
#10981=CARTESIAN_POINT('',(0.0072988116991784,0.0865171068084834,0.0191));
#10982=CARTESIAN_POINT('',(0.0077130128950291,0.0874445194312232,0.0191));
#10983=CARTESIAN_POINT('',(-0.0293406120919786,0.0913582719821865,0.0191));
#10984=CARTESIAN_POINT('',(-0.0293406120919786,0.0913582719821865,0.019));
#10985=CARTESIAN_POINT('',(0.0312528788387997,0.0874445194387174,0.0191));
#10986=CARTESIAN_POINT('',(0.0312528788387997,0.0874445194387174,0.019));
#10987=CARTESIAN_POINT('',(0.0257540982664075,0.0874445194387174,0.019));
#10988=CARTESIAN_POINT('',(0.0257540982664075,0.0874445194387174,0.0191));
#10989=CARTESIAN_POINT('',(0.0257540982664075,0.0874445194387174,0.0191));
#10990=CARTESIAN_POINT('',(0.0312528788387997,0.0874445194387174,0.0191));
#10991=CARTESIAN_POINT('',(0.0257853474416234,0.0820384157489096,0.0191));
#10992=CARTESIAN_POINT('',(0.0257853474416234,0.0820384157489096,0.0191));
#10993=CARTESIAN_POINT('',(0.0257853474416234,0.0820384157489096,0.019));
#10994=CARTESIAN_POINT('',(-0.0293406120919786,0.0913582719821865,0.0191));
#10995=CARTESIAN_POINT('',(-0.0293406120919786,0.0913582719821865,0.019));
#10996=CARTESIAN_POINT('',(0.0257125624988686,0.0946302024079573,0.0191));
#10997=CARTESIAN_POINT('',(0.0257125624988686,0.0946302024079573,0.019));
#10998=CARTESIAN_POINT('',(0.0257529421962687,0.0876445194387174,0.019));
#10999=CARTESIAN_POINT('',(0.0257529421962687,0.0876445194387174,0.0191));
#11000=CARTESIAN_POINT('',(0.0257529421962687,0.0876445194387174,0.0191));
#11001=CARTESIAN_POINT('',(0.0257125624988686,0.0946302024079573,0.0191));
#11002=CARTESIAN_POINT('',(0.0312614753596779,0.0876445194387174,0.0191));
#11003=CARTESIAN_POINT('',(0.0312614753596779,0.0876445194387174,0.0191));
#11004=CARTESIAN_POINT('',(0.0312614753596779,0.0876445194387174,0.019));
#11005=CARTESIAN_POINT('',(-0.0293406120919786,0.0913582719821865,0.0191));
#11006=CARTESIAN_POINT('',(-0.0293406120919786,0.0913582719821865,0.019));
#11007=CARTESIAN_POINT('',(-0.0267125057818289,0.0946394364189971,0.0191));
#11008=CARTESIAN_POINT('',(-0.0267125057818289,0.0946394364189971,0.019));
#11009=CARTESIAN_POINT('',(-0.0267529388550512,0.0876445194387174,0.019));
#11010=CARTESIAN_POINT('',(-0.0267529388550512,0.0876445194387174,0.0191));
#11011=CARTESIAN_POINT('',(-0.0267529388550512,0.0876445194387174,0.0191));
#11012=CARTESIAN_POINT('',(-0.0267125057818289,0.0946394364189971,0.0191));
#11013=CARTESIAN_POINT('',(-0.0178780484681801,0.0876445194387174,0.0191));
#11014=CARTESIAN_POINT('',(-0.0178780484681801,0.0876445194387174,0.019));
#11015=CARTESIAN_POINT('',(-0.0178780484681801,0.0876445194387174,0.0191));
#11016=CARTESIAN_POINT('',(-0.0293406120919786,0.0913582719821865,0.0191));
#11017=CARTESIAN_POINT('',(-0.0293406120919786,0.0913582719821865,0.019));
#11018=CARTESIAN_POINT('',(-0.0178335539117828,0.0874445194387174,0.0191));
#11019=CARTESIAN_POINT('',(-0.0178335539117828,0.0874445194387174,0.019));
#11020=CARTESIAN_POINT('',(-0.0267540949251901,0.0874445194387174,0.019));
#11021=CARTESIAN_POINT('',(-0.0267540949251901,0.0874445194387174,0.0191));
#11022=CARTESIAN_POINT('',(-0.0267540949251901,0.0874445194387174,0.0191));
#11023=CARTESIAN_POINT('',(-0.0178335539117828,0.0874445194387174,0.0191));
#11024=CARTESIAN_POINT('',(-0.0267853889076238,0.0820306641054023,0.0191));
#11025=CARTESIAN_POINT('',(-0.0267853889076238,0.0820306641054023,0.019));
#11026=CARTESIAN_POINT('',(-0.0267853889076238,0.0820306641054023,0.0191));
#11027=CARTESIAN_POINT('',(-0.0293406120919786,0.0913582719821865,0.0191));
#11028=CARTESIAN_POINT('',(-0.0293406120919786,0.0913582719821865,0.019));
#11029=CARTESIAN_POINT('',(-0.0324528788387997,0.0874445194387174,0.0191));
#11030=CARTESIAN_POINT('',(-0.0324528788387997,0.0874445194387174,0.019));
#11031=CARTESIAN_POINT('',(-0.0269540982664075,0.0874445194387174,0.019));
#11032=CARTESIAN_POINT('',(-0.0324528788387997,0.0874445194387174,0.0191));
#11033=CARTESIAN_POINT('',(-0.0269540982664075,0.0874445194387174,0.0191));
#11034=CARTESIAN_POINT('',(-0.0269540982664075,0.0874445194387174,0.0191));
#11035=CARTESIAN_POINT('',(-0.0269853474416234,0.0820384157489096,0.0191));
#11036=CARTESIAN_POINT('',(-0.0269853474416234,0.0820384157489096,0.019));
#11037=CARTESIAN_POINT('',(-0.0269853474416234,0.0820384157489096,0.0191));
#11038=CARTESIAN_POINT('',(-0.0293406120919786,0.0913582719821865,0.0191));
#11039=CARTESIAN_POINT('',(-0.0293406120919786,0.0913582719821865,0.019));
#11040=CARTESIAN_POINT('',(-0.0269125624988686,0.0946302024079573,0.0191));
#11041=CARTESIAN_POINT('',(-0.0269125624988686,0.0946302024079573,0.019));
#11042=CARTESIAN_POINT('',(-0.0269529421962687,0.0876445194387174,0.019));
#11043=CARTESIAN_POINT('',(-0.0269125624988686,0.0946302024079573,0.0191));
#11044=CARTESIAN_POINT('',(-0.0269529421962687,0.0876445194387174,0.0191));
#11045=CARTESIAN_POINT('',(-0.0269529421962687,0.0876445194387174,0.0191));
#11046=CARTESIAN_POINT('',(-0.0324614753596779,0.0876445194387174,0.0191));
#11047=CARTESIAN_POINT('',(-0.0324614753596779,0.0876445194387174,0.019));
#11048=CARTESIAN_POINT('',(-0.0324614753596779,0.0876445194387174,0.0191));
#11049=CARTESIAN_POINT('',(-0.0293406120919786,0.0913582719821865,0.0191));
#11050=CARTESIAN_POINT('',(-0.0293406120919786,0.0913582719821865,0.019));
#11051=CARTESIAN_POINT('',(-0.035180122679472,0.0758378244936466,0.0212));
#11052=CARTESIAN_POINT('',(-0.0349148474633693,0.075604535639286,0.0212));
#11053=CARTESIAN_POINT('',(-0.0349148474633693,0.075604535639286,0.0212));
#11054=CARTESIAN_POINT('',(-0.035180122679472,0.0758378244936466,0.0212));
#11055=CARTESIAN_POINT('',(-0.0349148474633693,0.075604535639286,0.0212));
#11056=CARTESIAN_POINT('',(-0.0349148474633693,0.075604535639286,0.02105));
#11057=CARTESIAN_POINT('',(-0.0339321727774781,0.0748055365200183,0.0212));
#11058=CARTESIAN_POINT('',(-0.0339321727774781,0.0748055365200183,0.02105));
#11059=CARTESIAN_POINT('',(-0.0319801082729547,0.073216538986372,0.0212));
#11060=CARTESIAN_POINT('',(-0.0319801082729547,0.073216538986372,0.02105));
#11061=CARTESIAN_POINT('',(-0.0298424711597856,0.0715307303330877,0.0212));
#11062=CARTESIAN_POINT('',(-0.0298424711597856,0.0715307303330877,0.02105));
#11063=CARTESIAN_POINT('',(-0.0278159116122132,0.0699503311035925,0.0212));
#11064=CARTESIAN_POINT('',(-0.0278159116122132,0.0699503311035925,0.02105));
#11065=CARTESIAN_POINT('',(-0.0260235875179126,0.0688493777881029,0.0212));
#11066=CARTESIAN_POINT('',(-0.0260235875179126,0.0688493777881029,0.02105));
#11067=CARTESIAN_POINT('',(-0.0238173264828793,0.068143718359974,0.0212));
#11068=CARTESIAN_POINT('',(-0.0238173264828793,0.068143718359974,0.02105));
#11069=CARTESIAN_POINT('',(-0.021225845998618,0.0678643057456368,0.0212));
#11070=CARTESIAN_POINT('',(-0.021225845998618,0.0678643057456368,0.02105));
#11071=CARTESIAN_POINT('',(-0.0184362524321449,0.0678040454372632,0.0212));
#11072=CARTESIAN_POINT('',(-0.0184362524321449,0.0678040454372632,0.02105));
#11073=CARTESIAN_POINT('',(-0.0156155958075873,0.0677834806195064,0.0212));
#11074=CARTESIAN_POINT('',(-0.0156155958075873,0.0677834806195064,0.02105));
#11075=CARTESIAN_POINT('',(-0.012870389997662,0.0677238119917357,0.0212));
#11076=CARTESIAN_POINT('',(-0.012870389997662,0.0677238119917357,0.02105));
#11077=CARTESIAN_POINT('',(-0.00933060922232237,0.067646675039669,0.0212));
#11078=CARTESIAN_POINT('',(-0.00933060922232237,0.067646675039669,0.02105));
#11079=CARTESIAN_POINT('',(-0.00531644141863952,0.0676383533203079,0.0212));
#11080=CARTESIAN_POINT('',(-0.00531644141863952,0.0676383533203079,0.02105));
#11081=CARTESIAN_POINT('',(-0.00224026820799513,0.0676535464151406,0.0212));
#11082=CARTESIAN_POINT('',(-0.00224026820799513,0.0676535464151406,0.02105));
#11083=CARTESIAN_POINT('',(-0.000612033195080125,0.0676448541347247,0.0212));
#11084=CARTESIAN_POINT('',(-0.000612033195080125,0.0676448541347247,0.02105));
#11085=CARTESIAN_POINT('',(-0.000612033195080119,0.0676448541347242,0.0212));
#11086=CARTESIAN_POINT('',(-0.000612037594933665,0.0676455659547498,0.0212));
#11087=CARTESIAN_POINT('',(-0.0349148474633693,0.075604535639286,0.0212));
#11088=CARTESIAN_POINT('',(-0.0338740076584629,0.0747582432707543,0.0212));
#11089=CARTESIAN_POINT('',(-0.0318694123535813,0.0731283343483885,0.0212));
#11090=CARTESIAN_POINT('',(-0.0290956056984882,0.0709374727060241,0.0212));
#11091=CARTESIAN_POINT('',(-0.0249832070153896,0.0677859209124487,0.0212));
#11092=CARTESIAN_POINT('',(-0.0168679057786349,0.067849940390726,0.0212));
#11093=CARTESIAN_POINT('',(-0.00880215392402068,0.0675991163373353,0.0212));
#11094=CARTESIAN_POINT('',(-0.003885722193069,0.0676602832812426,0.0212));
#11095=CARTESIAN_POINT('',(-0.00116069272952046,0.0676477831360595,0.0212));
#11096=CARTESIAN_POINT('',(-0.000612033195080125,0.0676448541347247,0.0212));
#11097=CARTESIAN_POINT('',(-0.0293406120919786,0.0913582719821865,0.0212));
#11098=CARTESIAN_POINT('',(0.0335148474633694,0.075604535639286,0.0212));
#11099=CARTESIAN_POINT('',(0.0324740076584629,0.0747582432707543,0.0212));
#11100=CARTESIAN_POINT('',(0.0304694123535813,0.0731283343483885,0.0212));
#11101=CARTESIAN_POINT('',(0.0276956056984882,0.0709374727060241,0.0212));
#11102=CARTESIAN_POINT('',(0.0235832070153896,0.0677859209124487,0.0212));
#11103=CARTESIAN_POINT('',(0.0154679057786348,0.067849940390726,0.0212));
#11104=CARTESIAN_POINT('',(0.00740215392402068,0.0675991163373353,0.0212));
#11105=CARTESIAN_POINT('',(0.002485722193069,0.0676602832812426,0.0212));
#11106=CARTESIAN_POINT('',(-0.000239307270479542,0.0676477831360595,0.0212));
#11107=CARTESIAN_POINT('',(-0.000787966804919875,0.0676448541347247,0.0212));
#11108=CARTESIAN_POINT('',(0.0335148474633694,0.075604535639286,0.0212));
#11109=CARTESIAN_POINT('',(0.033780122679472,0.0758378244936466,0.0212));
#11110=CARTESIAN_POINT('',(0.033780122679472,0.0758378244936466,0.0212));
#11111=CARTESIAN_POINT('',(0.0335148474633694,0.075604535639286,0.0212));
#11112=CARTESIAN_POINT('',(0.0335148474633694,0.075604535639286,0.0212));
#11113=CARTESIAN_POINT('',(0.0335148474633694,0.075604535639286,0.02105));
#11114=CARTESIAN_POINT('',(0.0325366051210202,0.0748091403969037,0.0212));
#11115=CARTESIAN_POINT('',(0.0325366051210202,0.0748091403969037,0.02105));
#11116=CARTESIAN_POINT('',(0.0305928848497024,0.07322669277093,0.0212));
#11117=CARTESIAN_POINT('',(0.0305928848497024,0.07322669277093,0.02105));
#11118=CARTESIAN_POINT('',(0.0284639700781163,0.0715482429576317,0.0212));
#11119=CARTESIAN_POINT('',(0.0284639700781163,0.0715482429576317,0.02105));
#11120=CARTESIAN_POINT('',(0.0264524602678812,0.069977383750599,0.0212));
#11121=CARTESIAN_POINT('',(0.0264524602678812,0.069977383750599,0.02105));
#11122=CARTESIAN_POINT('',(0.0246761006075382,0.0688760971680479,0.0212));
#11123=CARTESIAN_POINT('',(0.0246761006075382,0.0688760971680479,0.02105));
#11124=CARTESIAN_POINT('',(0.0224934340172435,0.0681587552075189,0.0212));
#11125=CARTESIAN_POINT('',(0.0224934340172435,0.0681587552075189,0.02105));
#11126=CARTESIAN_POINT('',(0.0199234772374818,0.0678700880227904,0.0212));
#11127=CARTESIAN_POINT('',(0.0199234772374818,0.0678700880227904,0.02105));
#11128=CARTESIAN_POINT('',(0.017150816810924,0.0678043356706821,0.0212));
#11129=CARTESIAN_POINT('',(0.017150816810924,0.0678043356706821,0.02105));
#11130=CARTESIAN_POINT('',(0.013407727603893,0.0677790947016785,0.0212));
#11131=CARTESIAN_POINT('',(0.013407727603893,0.0677790947016785,0.02105));
#11132=CARTESIAN_POINT('',(0.00888105184269097,0.0676510521343597,0.0212));
#11133=CARTESIAN_POINT('',(0.00888105184269097,0.0676510521343597,0.02105));
#11134=CARTESIAN_POINT('',(0.00405936477739685,0.0676365685175,0.0212));
#11135=CARTESIAN_POINT('',(0.00405936477739685,0.0676365685175,0.02105));
#11136=CARTESIAN_POINT('',(0.00100282343301315,0.0676540980646507,0.0212));
#11137=CARTESIAN_POINT('',(0.00100282343301315,0.0676540980646507,0.02105));
#11138=CARTESIAN_POINT('',(-0.000612037954025595,0.0676457777861668,0.0212));
#11139=CARTESIAN_POINT('',(-0.000612037954025595,0.0676457777861668,0.02105));
#11140=CARTESIAN_POINT('',(-0.0007,0.0605159912132593,0.01905));
#11141=CARTESIAN_POINT('',(-0.0007,0.0605159912132593,0.02005));
#11142=MECHANICAL_DESIGN_GEOMETRIC_PRESENTATION_REPRESENTATION('',(#5066),
#11143);
#11143=(
GEOMETRIC_REPRESENTATION_CONTEXT(3)
GLOBAL_UNCERTAINTY_ASSIGNED_CONTEXT((#11144))
GLOBAL_UNIT_ASSIGNED_CONTEXT((#11147,#11146,#11145))
REPRESENTATION_CONTEXT('Part 2','TOP_LEVEL_ASSEMBLY_PART')
);
#11144=UNCERTAINTY_MEASURE_WITH_UNIT(LENGTH_MEASURE(0.0002),#11147,
'DISTANCE_ACCURACY_VALUE','Maximum Tolerance applied to model');
#11145=(
NAMED_UNIT(*)
SI_UNIT($,.STERADIAN.)
SOLID_ANGLE_UNIT()
);
#11146=(
NAMED_UNIT(*)
PLANE_ANGLE_UNIT()
SI_UNIT($,.RADIAN.)
);
#11147=(
LENGTH_UNIT()
NAMED_UNIT(*)
SI_UNIT($,.METRE.)
);
#11148=PRODUCT_DEFINITION_SHAPE('','',#11149);
#11149=PRODUCT_DEFINITION('','',#11151,#11150);
#11150=PRODUCT_DEFINITION_CONTEXT('',#11157,'design');
#11151=PRODUCT_DEFINITION_FORMATION_WITH_SPECIFIED_SOURCE('','',#11153,
 .NOT_KNOWN.);
#11152=PRODUCT_RELATED_PRODUCT_CATEGORY('','',(#11153));
#11153=PRODUCT('Part 2','Part 2','Part 2',(#11155));
#11154=PRODUCT_CATEGORY('','');
#11155=PRODUCT_CONTEXT('',#11157,'mechanical');
#11156=APPLICATION_PROTOCOL_DEFINITION('international standard',
'ap242_managed_model_based_3d_engineering',2020,#11157);
#11157=APPLICATION_CONTEXT('managed model based 3d engineering');
ENDSEC;
END-ISO-10303-21;
